2025-11-15 17:24:23,192 - MultiModelScan - INFO - ============================================================
2025-11-15 17:24:23,192 - MultiModelScan - INFO - 开始多模型完整扫描实验
2025-11-15 17:24:23,192 - MultiModelScan - INFO - 总计: 7 个模型 × 3 个种子 = 21 个实验
2025-11-15 17:24:23,192 - MultiModelScan - INFO - ============================================================
2025-11-15 17:24:23,192 - MultiModelScan - INFO - 
🔍 开始baseline组实验 (4 个模型)
2025-11-15 17:24:23,192 - MultiModelScan - INFO - --------------------------------------------------
2025-11-15 17:24:23,192 - MultiModelScan - INFO - 
实验进度: [1/21] 模型: swin_unet, 种子: 42
2025-11-15 17:24:23,193 - MultiModelScan - INFO - 开始实验: swin_unet_s42
2025-11-15 17:24:39,099 - MultiModelScan - ERROR - ❌ 实验 swin_unet_s42 失败 (用时: 15.9s)
2025-11-15 17:24:39,099 - MultiModelScan - ERROR - 错误信息: 2025-11-15 17:24:31,734 - INFO - 输出目录: paper_package/multi_model_scan_real_data/swin_unet_s42/AR-DR2D-s42_20251115_172431
2025-11-15 17:24:31,739 - INFO - 📝 已保存配置快照: paper_package/multi_model_scan_real_data/swin_unet_s42/AR-DR2D-s42_20251115_172431/config_merged.yaml
2025-11-15 17:24:31,741 - INFO - 设备选择: raw='cuda', normalized='cuda', final='cuda'
2025-11-15 17:24:31,741 - INFO - CPU线程设置: torch=0, interop=0, MKL=0, OMP=0, numexpr=0, openblas=0
2025-11-15 17:24:31,741 - INFO - 使用单GPU训练: cuda
2025-11-15 17:24:31,742 - INFO - 内存管理配置: {'gradient_accumulation_steps': 1, 'memory_cleanup_frequency': 10, 'auto_batch_size_reduction': True, 'memory_threshold': 0.9}, AMP dtype: default
2025-11-15 17:24:31,742 - INFO - 设置数据模块...
2025-11-15 17:24:31,742 - INFO - 使用训练批次大小: 256
2025-11-15 17:24:31,742 - INFO - 使用验证批次大小: 256
2025-11-15 17:24:31,742 - INFO - 使用测试批次大小: 1
2025-11-15 17:24:31,871 - INFO - 使用传统AR模型架构
2025-11-15 17:24:31,871 - INFO - 🏗️ 设置模型...
2025-11-15 17:24:31,871 - INFO - 使用模型架构: swin_unet
2025-11-15 17:24:31,871 - INFO - 扫描模型目录: /share/fandixiaLab/suguangsheng/PycharmProjects/Sparse2Full/models
2025-11-15 17:24:31,892 - INFO - 已加载外部模型工厂函数
2025-11-15 17:24:31,892 - INFO - 扫描完成，发现 44 个模型类
2025-11-15 17:24:31,892 - INFO -   - sparseattentionencoder: SparseAttentionEncoder
2025-11-15 17:24:31,892 - INFO -   - sparseswinunet: SparseSwinUNet
2025-11-15 17:24:31,892 - INFO -   - basemodel: BaseModel
2025-11-15 17:24:31,892 - INFO -   - decoderblock: DecoderBlock
2025-11-15 17:24:31,892 - INFO -   - swinunet: SwinUNet
2025-11-15 17:24:31,892 - INFO -   - swintemporalwrapper: SwinTemporalWrapper
2025-11-15 17:24:31,892 - INFO -   - patchembedding: PatchEmbedding
2025-11-15 17:24:31,892 - INFO -   - vit: VisionTransformer
2025-11-15 17:24:31,892 - INFO -   - visiontransformer: VisionTransformer
2025-11-15 17:24:31,892 - INFO -   - hybridmodel: HybridModel
2025-11-15 17:24:31,892 - INFO -   - segformer: SegFormerUNetFormer
2025-11-15 17:24:31,892 - INFO -   - convblock: ConvBlock
2025-11-15 17:24:31,892 - INFO -   - unetformer: SegFormerUNetFormer
2025-11-15 17:24:31,892 - INFO -   - doubleconv: DoubleConv
2025-11-15 17:24:31,892 - INFO -   - down: Down
2025-11-15 17:24:31,892 - INFO -   - outconv: OutConv
2025-11-15 17:24:31,892 - INFO -   - unet: UNet
2025-11-15 17:24:31,892 - INFO -   - unetmodel: UNet
2025-11-15 17:24:31,892 - INFO -   - up: Up
2025-11-15 17:24:31,892 - INFO -   - unetplusplus: UNetPlusPlus
2025-11-15 17:24:31,892 - INFO -   - liif: LIIFModel
2025-11-15 17:24:31,892 - INFO -   - liifmodel: LIIFModel
2025-11-15 17:24:31,892 - INFO -   - simpleencoder: SimpleEncoder
2025-11-15 17:24:31,892 - INFO -   - attentionbranch: AttentionBranch
2025-11-15 17:24:31,892 - INFO -   - fnobranch: FNOBranch
2025-11-15 17:24:31,892 - INFO -   - unetbranch: UNetBranch
2025-11-15 17:24:31,892 - INFO -   - spatialfeatureextractor: SpatialFeatureExtractor
2025-11-15 17:24:31,892 - INFO -   - transformer: Transformer
2025-11-15 17:24:31,892 - INFO -   - fno: FNO2d
2025-11-15 17:24:31,892 - INFO -   - fno2d: FNO2d
2025-11-15 17:24:31,892 - INFO -   - spectralconv2d: SpectralConv2d
2025-11-15 17:24:31,892 - INFO -   - ufnomodel: UFNOUNet
2025-11-15 17:24:31,892 - INFO -   - ufnounet: UFNOUNet
2025-11-15 17:24:31,892 - INFO -   - fnomodel: FNO2d
2025-11-15 17:24:31,892 - INFO -   - mlpmodel: MLPModel
2025-11-15 17:24:31,892 - INFO -   - mlpdecoder: MLPDecoder
2025-11-15 17:24:31,892 - INFO -   - segformerunetformer: SegFormerUNetFormer
2025-11-15 17:24:31,892 - INFO -   - causalconv1d: CausalConv1D
2025-11-15 17:24:31,892 - INFO -   - temporalconv1d: TemporalConv1D
2025-11-15 17:24:31,892 - INFO -   - mlpmixer: MLPMixer
2025-11-15 17:24:31,892 - INFO -   - mixermodel: MLPMixer
2025-11-15 17:24:31,892 - INFO -   - swint: SwinTransformerTiny
2025-11-15 17:24:31,892 - INFO -   - swintransformertiny: SwinTransformerTiny
2025-11-15 17:24:31,892 - INFO -   - simplecnnencoder: SimpleCNNEncoder
2025-11-15 17:24:31,893 - INFO - 可用模型: ['attentionbranch', 'basemodel', 'causalconv1d', 'convblock', 'decoderblock', 'doubleconv', 'down', 'fno', 'fno2d', 'fnobranch', 'fnomodel', 'hybrid', 'hybridmodel', 'liif', 'liifmodel', 'mixermodel', 'mlpdecoder', 'mlpmixer', 'mlpmodel', 'outconv', 'patchembedding', 'segformer', 'segformerunetformer', 'simplecnnencoder', 'simpleencoder', 'sparseattentionencoder', 'sparseswinunet', 'spatialfeatureextractor', 'spectralconv2d', 'swin_unet', 'swint', 'swintemporalwrapper', 'swintransformertiny', 'swinunet', 'temporalconv1d', 'transformer', 'ufnomodel', 'ufnounet', 'unet', 'unetbranch', 'unetformer', 'unetmodel', 'unetplusplus', 'up', 'visiontransformer', 'vit']
2025-11-15 17:24:31,893 - WARNING - ⚠️ 调整window_size: 8→4 以匹配阶段分辨率 [32, 16, 8, 4]
2025-11-15 17:24:32,627 - INFO - Successfully created model SwinUNet with parameters: ['in_channels', 'out_channels', 'img_size', 'embed_dim', 'depths', 'num_heads', 'window_size', 'patch_size', 'mlp_ratio', 'qkv_bias', 'drop_rate', 'drop_path_rate', 'attn_drop_rate', 'use_checkpoint', 'use_sdpa', 'sdpa_kernel']
2025-11-15 17:24:32,627 - INFO - ✅ 成功使用增强加载器创建基础模型: SwinUNet
2025-11-15 17:24:33,103 - INFO - Successfully created model SwinUNet with parameters: ['in_channels', 'out_channels', 'img_size', 'embed_dim', 'depths', 'num_heads', 'window_size', 'patch_size', 'mlp_ratio', 'qkv_bias', 'drop_rate', 'drop_path_rate', 'attn_drop_rate', 'use_checkpoint', 'use_sdpa', 'sdpa_kernel']
2025-11-15 17:24:33,203 - INFO - Model SwinUNet forward test successful: torch.Size([1, 4, 128, 128]) → torch.Size([1, 1, 128, 128])
2025-11-15 17:24:33,203 - INFO - ✅ 模型前向传播测试通过
2025-11-15 17:24:33,325 - INFO - 🧩 BaseModel=SwinUNet, Wrapper=ARWrapper, Device=cuda
2025-11-15 17:24:33,325 - INFO - 🔧 注意力: use_sdpa/flash=False, sdpa_kernel=auto, TF32=False
2025-11-15 17:24:33,325 - INFO - 🧪 AMP autocast dtype: default
2025-11-15 17:24:33,327 - INFO - ✅ 模型参数量: 55,677,013 (可训练: 55,677,013)
2025-11-15 17:24:33,748 - INFO - 📊 资源: FLOPs=0.158G@128², 延迟=11.28±0.03ms
2025-11-15 17:24:33,749 - INFO - ✅ 已提取归一化统计用于损失：提供 'mean/std' 通道级统计
2025-11-15 17:24:33,749 - INFO - ⚙️ 设置优化器...
2025-11-15 17:24:33,749 - WARNING - ⚠️ 未找到 training.optimizer，使用默认AdamW配置回退
2025-11-15 17:24:33,751 - INFO - ✅ 优化器: AdamW (fused=False, foreach=False, eps=1e-08, amsgrad=False)
2025-11-15 17:24:33,751 - WARNING - ⚠️ 未找到 training.scheduler，使用默认CosineAnnealingLR回退
2025-11-15 17:24:33,751 - INFO - ✅ 调度器: CosineAnnealingLR (T_max=50, eta_min=1e-06)
2025-11-15 17:24:33,751 - INFO - ✅ AMP: dtype=bf16, GradScaler=off, device=cuda
2025-11-15 17:24:33,752 - INFO - ✅ 学习率: 0.001
2025-11-15 17:24:33,752 - INFO - 🚀 Starting training...
2025-11-15 17:24:33,752 - INFO - 🕒 当前训练模式：自回归（启用时间预测）

Epoch 1:   0%|          | 0/273 [00:00<?, ?it/s]
Epoch 1:   0%|          | 0/273 [00:00<?, ?it/s]
2025-11-15 17:24:33,859 - ERROR - ❌ 训练过程中出现错误: Given groups=1, weight of size [96, 4, 4, 4], expected input[256, 2, 128, 128] to have 4 channels, but got 2 channels instead
Traceback (most recent call last):
  File "/share/fandixiaLab/suguangsheng/PycharmProjects/Sparse2Full/tools/training/train_real_data_ar.py", line 3877, in train
    train_loss = self.train_epoch(epoch)
                 ^^^^^^^^^^^^^^^^^^^^^^^
  File "/share/fandixiaLab/suguangsheng/PycharmProjects/Sparse2Full/tools/training/train_real_data_ar.py", line 2740, in train_epoch
    raise e
  File "/share/fandixiaLab/suguangsheng/PycharmProjects/Sparse2Full/tools/training/train_real_data_ar.py", line 2650, in train_epoch
    pred_seq = self.model(input_seq, current_T_out, target_seq)
               ^^^^^^^^^^^^^^^^^^^^^^^^^^^^^^^^^^^^^^^^^^^^^^^^
  File "/share/fandixiaLab/suguangsheng/anaconda3/lib/python3.12/site-packages/torch/nn/modules/module.py", line 1751, in _wrapped_call_impl
    return self._call_impl(*args, **kwargs)
           ^^^^^^^^^^^^^^^^^^^^^^^^^^^^^^^^
  File "/share/fandixiaLab/suguangsheng/anaconda3/lib/python3.12/site-packages/torch/nn/modules/module.py", line 1762, in _call_impl
    return forward_call(*args, **kwargs)
           ^^^^^^^^^^^^^^^^^^^^^^^^^^^^^
  File "/share/fandixiaLab/suguangsheng/PycharmProjects/Sparse2Full/models/ar/wrapper.py", line 214, in forward
    return self.autoregressive_predict(
           ^^^^^^^^^^^^^^^^^^^^^^^^^^^^
  File "/share/fandixiaLab/suguangsheng/PycharmProjects/Sparse2Full/models/ar/wrapper.py", line 251, in autoregressive_predict
    return external_predict(
           ^^^^^^^^^^^^^^^^^
  File "/share/fandixiaLab/suguangsheng/PycharmProjects/Sparse2Full/models/ar/temporal_utils.py", line 68, in autoregressive_predict
    y_current = model(x_current)  # [B, C, H, W]
                ^^^^^^^^^^^^^^^^
  File "/share/fandixiaLab/suguangsheng/anaconda3/lib/python3.12/site-packages/torch/nn/modules/module.py", line 1751, in _wrapped_call_impl
    return self._call_impl(*args, **kwargs)
           ^^^^^^^^^^^^^^^^^^^^^^^^^^^^^^^^
  File "/share/fandixiaLab/suguangsheng/anaconda3/lib/python3.12/site-packages/torch/nn/modules/module.py", line 1762, in _call_impl
    return forward_call(*args, **kwargs)
           ^^^^^^^^^^^^^^^^^^^^^^^^^^^^^
  File "/share/fandixiaLab/suguangsheng/PycharmProjects/Sparse2Full/models/ar/wrapper.py", line 199, in forward
    return self.m(x_in)
           ^^^^^^^^^^^^
  File "/share/fandixiaLab/suguangsheng/anaconda3/lib/python3.12/site-packages/torch/nn/modules/module.py", line 1751, in _wrapped_call_impl
    return self._call_impl(*args, **kwargs)
           ^^^^^^^^^^^^^^^^^^^^^^^^^^^^^^^^
  File "/share/fandixiaLab/suguangsheng/anaconda3/lib/python3.12/site-packages/torch/nn/modules/module.py", line 1762, in _call_impl
    return forward_call(*args, **kwargs)
           ^^^^^^^^^^^^^^^^^^^^^^^^^^^^^
  File "/share/fandixiaLab/suguangsheng/PycharmProjects/Sparse2Full/models/swin_unet.py", line 1057, in forward
    x = self.patch_embed(x)  # [B, N, embed_dim]
        ^^^^^^^^^^^^^^^^^^^
  File "/share/fandixiaLab/suguangsheng/anaconda3/lib/python3.12/site-packages/torch/nn/modules/module.py", line 1751, in _wrapped_call_impl
    return self._call_impl(*args, **kwargs)
           ^^^^^^^^^^^^^^^^^^^^^^^^^^^^^^^^
  File "/share/fandixiaLab/suguangsheng/anaconda3/lib/python3.12/site-packages/torch/nn/modules/module.py", line 1762, in _call_impl
    return forward_call(*args, **kwargs)
           ^^^^^^^^^^^^^^^^^^^^^^^^^^^^^
  File "/share/fandixiaLab/suguangsheng/PycharmProjects/Sparse2Full/models/swin_unet.py", line 575, in forward
    x = self.proj(x).flatten(2).transpose(1, 2)  # B Ph*Pw C
        ^^^^^^^^^^^^
  File "/share/fandixiaLab/suguangsheng/anaconda3/lib/python3.12/site-packages/torch/nn/modules/module.py", line 1751, in _wrapped_call_impl
    return self._call_impl(*args, **kwargs)
           ^^^^^^^^^^^^^^^^^^^^^^^^^^^^^^^^
  File "/share/fandixiaLab/suguangsheng/anaconda3/lib/python3.12/site-packages/torch/nn/modules/module.py", line 1762, in _call_impl
    return forward_call(*args, **kwargs)
           ^^^^^^^^^^^^^^^^^^^^^^^^^^^^^
  File "/share/fandixiaLab/suguangsheng/anaconda3/lib/python3.12/site-packages/torch/nn/modules/conv.py", line 554, in forward
    return self._conv_forward(input, self.weight, self.bias)
           ^^^^^^^^^^^^^^^^^^^^^^^^^^^^^^^^^^^^^^^^^^^^^^^^^
  File "/share/fandixiaLab/suguangsheng/anaconda3/lib/python3.12/site-packages/torch/nn/modules/conv.py", line 549, in _conv_forward
    return F.conv2d(
           ^^^^^^^^^
RuntimeError: Given groups=1, weight of size [96, 4, 4, 4], expected input[256, 2, 128, 128] to have 4 channels, but got 2 channels instead
2025-11-15 17:24:33,863 - INFO - 🏁 Training finished, total time: 0.00 hours
2025-11-15 17:24:33,863 - INFO - ℹ️ Best checkpoint not found, using current model for final test evaluation
2025-11-15 17:24:33,863 - INFO - 🧪 开始测试集评估...

Testing:   0%|          | 0/15000 [00:00<?, ?it/s]
                                                  
2025-11-15 17:24:33,883 - INFO - 输出目录: paper_package/multi_model_scan_real_data/swin_unet_s42/AR-DR2D-swin_unet-s42_20251115_172433
2025-11-15 17:24:33,887 - INFO - 📝 已保存配置快照: paper_package/multi_model_scan_real_data/swin_unet_s42/AR-DR2D-swin_unet-s42_20251115_172433/config_merged.yaml
2025-11-15 17:24:33,887 - INFO - 设备选择: raw='cuda', normalized='cuda', final='cuda'
2025-11-15 17:24:33,887 - INFO - CPU线程设置: torch=0, interop=0, MKL=0, OMP=0, numexpr=0, openblas=0
2025-11-15 17:24:33,888 - INFO - 使用单GPU训练: cuda
2025-11-15 17:24:33,895 - INFO - 内存管理配置: {'gradient_accumulation_steps': 1, 'memory_cleanup_frequency': 10, 'auto_batch_size_reduction': True, 'memory_threshold': 0.9}, AMP dtype: default
2025-11-15 17:24:33,895 - INFO - 设置数据模块...
2025-11-15 17:24:33,895 - INFO - 使用训练批次大小: 256
2025-11-15 17:24:33,895 - INFO - 使用验证批次大小: 256
2025-11-15 17:24:33,895 - INFO - 使用测试批次大小: 1
2025-11-15 17:24:34,008 - INFO - 使用传统AR模型架构
2025-11-15 17:24:34,008 - INFO - 🏗️ 设置模型...
2025-11-15 17:24:34,008 - INFO - 使用模型架构: swin_unet
2025-11-15 17:24:34,008 - INFO - 可用模型: ['attentionbranch', 'basemodel', 'causalconv1d', 'convblock', 'decoderblock', 'doubleconv', 'down', 'fno', 'fno2d', 'fnobranch', 'fnomodel', 'hybrid', 'hybridmodel', 'liif', 'liifmodel', 'mixermodel', 'mlpdecoder', 'mlpmixer', 'mlpmodel', 'outconv', 'patchembedding', 'segformer', 'segformerunetformer', 'simplecnnencoder', 'simpleencoder', 'sparseattentionencoder', 'sparseswinunet', 'spatialfeatureextractor', 'spectralconv2d', 'swin_unet', 'swint', 'swintemporalwrapper', 'swintransformertiny', 'swinunet', 'temporalconv1d', 'transformer', 'ufnomodel', 'ufnounet', 'unet', 'unetbranch', 'unetformer', 'unetmodel', 'unetplusplus', 'up', 'visiontransformer', 'vit']
2025-11-15 17:24:34,009 - WARNING - ⚠️ 调整window_size: 8→4 以匹配阶段分辨率 [32, 16, 8, 4]
2025-11-15 17:24:34,601 - INFO - Successfully created model SwinUNet with parameters: ['in_channels', 'out_channels', 'img_size', 'embed_dim', 'depths', 'num_heads', 'window_size', 'patch_size', 'mlp_ratio', 'qkv_bias', 'drop_rate', 'drop_path_rate', 'attn_drop_rate', 'use_checkpoint', 'use_sdpa', 'sdpa_kernel']
2025-11-15 17:24:34,601 - INFO - ✅ 成功使用增强加载器创建基础模型: SwinUNet
2025-11-15 17:24:35,316 - INFO - Successfully created model SwinUNet with parameters: ['in_channels', 'out_channels', 'img_size', 'embed_dim', 'depths', 'num_heads', 'window_size', 'patch_size', 'mlp_ratio', 'qkv_bias', 'drop_rate', 'drop_path_rate', 'attn_drop_rate', 'use_checkpoint', 'use_sdpa', 'sdpa_kernel']
2025-11-15 17:24:35,391 - INFO - Model SwinUNet forward test successful: torch.Size([1, 4, 128, 128]) → torch.Size([1, 1, 128, 128])
2025-11-15 17:24:35,391 - INFO - ✅ 模型前向传播测试通过
2025-11-15 17:24:35,413 - INFO - 🧩 BaseModel=SwinUNet, Wrapper=ARWrapper, Device=cuda
2025-11-15 17:24:35,413 - INFO - 🔧 注意力: use_sdpa/flash=False, sdpa_kernel=auto, TF32=False
2025-11-15 17:24:35,413 - INFO - 🧪 AMP autocast dtype: default
2025-11-15 17:24:35,414 - INFO - ✅ 模型参数量: 55,677,013 (可训练: 55,677,013)
2025-11-15 17:24:35,700 - INFO - 📊 资源: FLOPs=0.158G@128², 延迟=11.27±0.02ms
2025-11-15 17:24:35,701 - INFO - ✅ 已提取归一化统计用于损失：提供 'mean/std' 通道级统计
2025-11-15 17:24:35,701 - INFO - ⚙️ 设置优化器...
2025-11-15 17:24:35,702 - WARNING - ⚠️ 未找到 training.optimizer，使用默认AdamW配置回退
2025-11-15 17:24:35,703 - INFO - ✅ 优化器: AdamW (fused=False, foreach=False, eps=1e-08, amsgrad=False)
2025-11-15 17:24:35,703 - WARNING - ⚠️ 未找到 training.scheduler，使用默认CosineAnnealingLR回退
2025-11-15 17:24:35,704 - INFO - ✅ 调度器: CosineAnnealingLR (T_max=50, eta_min=1e-06)
2025-11-15 17:24:35,704 - INFO - ✅ AMP: dtype=bf16, GradScaler=off, device=cuda
2025-11-15 17:24:35,704 - INFO - ✅ 学习率: 0.001
2025-11-15 17:24:35,716 - INFO - 输出目录: paper_package/multi_model_scan_real_data/swin_unet_s42/AR-DR2D-swin_unet-s42_20251115_172435
2025-11-15 17:24:35,720 - INFO - 📝 已保存配置快照: paper_package/multi_model_scan_real_data/swin_unet_s42/AR-DR2D-swin_unet-s42_20251115_172435/config_merged.yaml
2025-11-15 17:24:35,720 - INFO - 设备选择: raw='cuda', normalized='cuda', final='cuda'
2025-11-15 17:24:35,720 - INFO - CPU线程设置: torch=0, interop=0, MKL=0, OMP=0, numexpr=0, openblas=0
2025-11-15 17:24:35,721 - INFO - 使用单GPU训练: cuda
2025-11-15 17:24:35,721 - INFO - 内存管理配置: {'gradient_accumulation_steps': 1, 'memory_cleanup_frequency': 10, 'auto_batch_size_reduction': True, 'memory_threshold': 0.9}, AMP dtype: default
2025-11-15 17:24:35,721 - INFO - 设置数据模块...
2025-11-15 17:24:35,722 - INFO - 使用训练批次大小: 256
2025-11-15 17:24:35,722 - INFO - 使用验证批次大小: 256
2025-11-15 17:24:35,722 - INFO - 使用测试批次大小: 1
2025-11-15 17:24:35,836 - INFO - 使用传统AR模型架构
2025-11-15 17:24:35,836 - INFO - 🏗️ 设置模型...
2025-11-15 17:24:35,836 - INFO - 使用模型架构: swin_unet
2025-11-15 17:24:35,836 - INFO - 可用模型: ['attentionbranch', 'basemodel', 'causalconv1d', 'convblock', 'decoderblock', 'doubleconv', 'down', 'fno', 'fno2d', 'fnobranch', 'fnomodel', 'hybrid', 'hybridmodel', 'liif', 'liifmodel', 'mixermodel', 'mlpdecoder', 'mlpmixer', 'mlpmodel', 'outconv', 'patchembedding', 'segformer', 'segformerunetformer', 'simplecnnencoder', 'simpleencoder', 'sparseattentionencoder', 'sparseswinunet', 'spatialfeatureextractor', 'spectralconv2d', 'swin_unet', 'swint', 'swintemporalwrapper', 'swintransformertiny', 'swinunet', 'temporalconv1d', 'transformer', 'ufnomodel', 'ufnounet', 'unet', 'unetbranch', 'unetformer', 'unetmodel', 'unetplusplus', 'up', 'visiontransformer', 'vit']
2025-11-15 17:24:35,836 - WARNING - ⚠️ 调整window_size: 8→4 以匹配阶段分辨率 [32, 16, 8, 4]
2025-11-15 17:24:36,409 - INFO - Successfully created model SwinUNet with parameters: ['in_channels', 'out_channels', 'img_size', 'embed_dim', 'depths', 'num_heads', 'window_size', 'patch_size', 'mlp_ratio', 'qkv_bias', 'drop_rate', 'drop_path_rate', 'attn_drop_rate', 'use_checkpoint', 'use_sdpa', 'sdpa_kernel']
2025-11-15 17:24:36,409 - INFO - ✅ 成功使用增强加载器创建基础模型: SwinUNet
2025-11-15 17:24:36,887 - INFO - Successfully created model SwinUNet with parameters: ['in_channels', 'out_channels', 'img_size', 'embed_dim', 'depths', 'num_heads', 'window_size', 'patch_size', 'mlp_ratio', 'qkv_bias', 'drop_rate', 'drop_path_rate', 'attn_drop_rate', 'use_checkpoint', 'use_sdpa', 'sdpa_kernel']
2025-11-15 17:24:37,015 - INFO - Model SwinUNet forward test successful: torch.Size([1, 4, 128, 128]) → torch.Size([1, 1, 128, 128])
2025-11-15 17:24:37,015 - INFO - ✅ 模型前向传播测试通过
2025-11-15 17:24:37,038 - INFO - 🧩 BaseModel=SwinUNet, Wrapper=ARWrapper, Device=cuda
2025-11-15 17:24:37,039 - INFO - 🔧 注意力: use_sdpa/flash=False, sdpa_kernel=auto, TF32=False
2025-11-15 17:24:37,039 - INFO - 🧪 AMP autocast dtype: default
2025-11-15 17:24:37,040 - INFO - ✅ 模型参数量: 55,677,013 (可训练: 55,677,013)
2025-11-15 17:24:37,326 - INFO - 📊 资源: FLOPs=0.158G@128², 延迟=11.28±0.02ms
2025-11-15 17:24:37,327 - INFO - ✅ 已提取归一化统计用于损失：提供 'mean/std' 通道级统计
2025-11-15 17:24:37,327 - INFO - ⚙️ 设置优化器...
2025-11-15 17:24:37,328 - WARNING - ⚠️ 未找到 training.optimizer，使用默认AdamW配置回退
2025-11-15 17:24:37,329 - INFO - ✅ 优化器: AdamW (fused=False, foreach=False, eps=1e-08, amsgrad=False)
2025-11-15 17:24:37,329 - WARNING - ⚠️ 未找到 training.scheduler，使用默认CosineAnnealingLR回退
2025-11-15 17:24:37,330 - INFO - ✅ 调度器: CosineAnnealingLR (T_max=50, eta_min=1e-06)
2025-11-15 17:24:37,330 - INFO - ✅ AMP: dtype=bf16, GradScaler=off, device=cuda
2025-11-15 17:24:37,330 - INFO - ✅ 学习率: 0.001
Traceback (most recent call last):
  File "/share/fandixiaLab/suguangsheng/PycharmProjects/Sparse2Full/tools/training/train_real_data_ar.py", line 4341, in <module>
    main()
  File "/share/fandixiaLab/suguangsheng/PycharmProjects/Sparse2Full/tools/training/train_real_data_ar.py", line 4244, in main
    trainer.train()
  File "/share/fandixiaLab/suguangsheng/PycharmProjects/Sparse2Full/tools/training/train_real_data_ar.py", line 4078, in train
    final_test_metrics = self.test_epoch()
                         ^^^^^^^^^^^^^^^^^
  File "/share/fandixiaLab/suguangsheng/PycharmProjects/Sparse2Full/tools/training/train_real_data_ar.py", line 2936, in test_epoch
    pred_seq = self.model.autoregressive_predict(input_seq, test_T_out, teacher=None, train_mode=False)
               ^^^^^^^^^^^^^^^^^^^^^^^^^^^^^^^^^^^^^^^^^^^^^^^^^^^^^^^^^^^^^^^^^^^^^^^^^^^^^^^^^^^^^^^^
  File "/share/fandixiaLab/suguangsheng/PycharmProjects/Sparse2Full/models/ar/wrapper.py", line 251, in autoregressive_predict
    return external_predict(
           ^^^^^^^^^^^^^^^^^
  File "/share/fandixiaLab/suguangsheng/PycharmProjects/Sparse2Full/models/ar/temporal_utils.py", line 58, in autoregressive_predict
    y_current = model(x_current)  # [B, C, H, W]
                ^^^^^^^^^^^^^^^^
  File "/share/fandixiaLab/suguangsheng/anaconda3/lib/python3.12/site-packages/torch/nn/modules/module.py", line 1751, in _wrapped_call_impl
    return self._call_impl(*args, **kwargs)
           ^^^^^^^^^^^^^^^^^^^^^^^^^^^^^^^^
  File "/share/fandixiaLab/suguangsheng/anaconda3/lib/python3.12/site-packages/torch/nn/modules/module.py", line 1762, in _call_impl
    return forward_call(*args, **kwargs)
           ^^^^^^^^^^^^^^^^^^^^^^^^^^^^^
  File "/share/fandixiaLab/suguangsheng/PycharmProjects/Sparse2Full/models/ar/wrapper.py", line 199, in forward
    return self.m(x_in)
           ^^^^^^^^^^^^
  File "/share/fandixiaLab/suguangsheng/anaconda3/lib/python3.12/site-packages/torch/nn/modules/module.py", line 1751, in _wrapped_call_impl
    return self._call_impl(*args, **kwargs)
           ^^^^^^^^^^^^^^^^^^^^^^^^^^^^^^^^
  File "/share/fandixiaLab/suguangsheng/anaconda3/lib/python3.12/site-packages/torch/nn/modules/module.py", line 1762, in _call_impl
    return forward_call(*args, **kwargs)
           ^^^^^^^^^^^^^^^^^^^^^^^^^^^^^
  File "/share/fandixiaLab/suguangsheng/PycharmProjects/Sparse2Full/models/swin_unet.py", line 1057, in forward
    x = self.patch_embed(x)  # [B, N, embed_dim]
        ^^^^^^^^^^^^^^^^^^^
  File "/share/fandixiaLab/suguangsheng/anaconda3/lib/python3.12/site-packages/torch/nn/modules/module.py", line 1751, in _wrapped_call_impl
    return self._call_impl(*args, **kwargs)
           ^^^^^^^^^^^^^^^^^^^^^^^^^^^^^^^^
  File "/share/fandixiaLab/suguangsheng/anaconda3/lib/python3.12/site-packages/torch/nn/modules/module.py", line 1762, in _call_impl
    return forward_call(*args, **kwargs)
           ^^^^^^^^^^^^^^^^^^^^^^^^^^^^^
  File "/share/fandixiaLab/suguangsheng/PycharmProjects/Sparse2Full/models/swin_unet.py", line 575, in forward
    x = self.proj(x).flatten(2).transpose(1, 2)  # B Ph*Pw C
        ^^^^^^^^^^^^
  File "/share/fandixiaLab/suguangsheng/anaconda3/lib/python3.12/site-packages/torch/nn/modules/module.py", line 1751, in _wrapped_call_impl
    return self._call_impl(*args, **kwargs)
           ^^^^^^^^^^^^^^^^^^^^^^^^^^^^^^^^
  File "/share/fandixiaLab/suguangsheng/anaconda3/lib/python3.12/site-packages/torch/nn/modules/module.py", line 1762, in _call_impl
    return forward_call(*args, **kwargs)
           ^^^^^^^^^^^^^^^^^^^^^^^^^^^^^
  File "/share/fandixiaLab/suguangsheng/anaconda3/lib/python3.12/site-packages/torch/nn/modules/conv.py", line 554, in forward
    return self._conv_forward(input, self.weight, self.bias)
           ^^^^^^^^^^^^^^^^^^^^^^^^^^^^^^^^^^^^^^^^^^^^^^^^^
  File "/share/fandixiaLab/suguangsheng/anaconda3/lib/python3.12/site-packages/torch/nn/modules/conv.py", line 549, in _conv_forward
    return F.conv2d(
           ^^^^^^^^^
RuntimeError: Given groups=1, weight of size [96, 4, 4, 4], expected input[1, 2, 128, 128] to have 4 channels, but got 2 channels instead

2025-11-15 17:24:44,102 - MultiModelScan - INFO - 
实验进度: [2/21] 模型: swin_unet, 种子: 123
2025-11-15 17:24:44,102 - MultiModelScan - INFO - 开始实验: swin_unet_s123
2025-11-15 17:24:58,446 - MultiModelScan - ERROR - ❌ 实验 swin_unet_s123 失败 (用时: 14.3s)
2025-11-15 17:24:58,446 - MultiModelScan - ERROR - 错误信息: 2025-11-15 17:24:51,098 - INFO - 输出目录: paper_package/multi_model_scan_real_data/swin_unet_s123/AR-DR2D-s123_20251115_172451
2025-11-15 17:24:51,102 - INFO - 📝 已保存配置快照: paper_package/multi_model_scan_real_data/swin_unet_s123/AR-DR2D-s123_20251115_172451/config_merged.yaml
2025-11-15 17:24:51,103 - INFO - 设备选择: raw='cuda', normalized='cuda', final='cuda'
2025-11-15 17:24:51,104 - INFO - CPU线程设置: torch=0, interop=0, MKL=0, OMP=0, numexpr=0, openblas=0
2025-11-15 17:24:51,104 - INFO - 使用单GPU训练: cuda
2025-11-15 17:24:51,104 - INFO - 内存管理配置: {'gradient_accumulation_steps': 1, 'memory_cleanup_frequency': 10, 'auto_batch_size_reduction': True, 'memory_threshold': 0.9}, AMP dtype: default
2025-11-15 17:24:51,104 - INFO - 设置数据模块...
2025-11-15 17:24:51,105 - INFO - 使用训练批次大小: 256
2025-11-15 17:24:51,105 - INFO - 使用验证批次大小: 256
2025-11-15 17:24:51,105 - INFO - 使用测试批次大小: 1
2025-11-15 17:24:51,233 - INFO - 使用传统AR模型架构
2025-11-15 17:24:51,233 - INFO - 🏗️ 设置模型...
2025-11-15 17:24:51,233 - INFO - 使用模型架构: swin_unet
2025-11-15 17:24:51,233 - INFO - 扫描模型目录: /share/fandixiaLab/suguangsheng/PycharmProjects/Sparse2Full/models
2025-11-15 17:24:51,252 - INFO - 已加载外部模型工厂函数
2025-11-15 17:24:51,252 - INFO - 扫描完成，发现 44 个模型类
2025-11-15 17:24:51,252 - INFO -   - sparseattentionencoder: SparseAttentionEncoder
2025-11-15 17:24:51,252 - INFO -   - sparseswinunet: SparseSwinUNet
2025-11-15 17:24:51,252 - INFO -   - basemodel: BaseModel
2025-11-15 17:24:51,252 - INFO -   - decoderblock: DecoderBlock
2025-11-15 17:24:51,252 - INFO -   - swinunet: SwinUNet
2025-11-15 17:24:51,252 - INFO -   - swintemporalwrapper: SwinTemporalWrapper
2025-11-15 17:24:51,252 - INFO -   - patchembedding: PatchEmbedding
2025-11-15 17:24:51,252 - INFO -   - vit: VisionTransformer
2025-11-15 17:24:51,252 - INFO -   - visiontransformer: VisionTransformer
2025-11-15 17:24:51,252 - INFO -   - hybridmodel: HybridModel
2025-11-15 17:24:51,252 - INFO -   - segformer: SegFormerUNetFormer
2025-11-15 17:24:51,252 - INFO -   - convblock: ConvBlock
2025-11-15 17:24:51,252 - INFO -   - unetformer: SegFormerUNetFormer
2025-11-15 17:24:51,252 - INFO -   - doubleconv: DoubleConv
2025-11-15 17:24:51,252 - INFO -   - down: Down
2025-11-15 17:24:51,252 - INFO -   - outconv: OutConv
2025-11-15 17:24:51,252 - INFO -   - unet: UNet
2025-11-15 17:24:51,252 - INFO -   - unetmodel: UNet
2025-11-15 17:24:51,252 - INFO -   - up: Up
2025-11-15 17:24:51,252 - INFO -   - unetplusplus: UNetPlusPlus
2025-11-15 17:24:51,252 - INFO -   - liif: LIIFModel
2025-11-15 17:24:51,252 - INFO -   - liifmodel: LIIFModel
2025-11-15 17:24:51,252 - INFO -   - simpleencoder: SimpleEncoder
2025-11-15 17:24:51,252 - INFO -   - attentionbranch: AttentionBranch
2025-11-15 17:24:51,252 - INFO -   - fnobranch: FNOBranch
2025-11-15 17:24:51,252 - INFO -   - unetbranch: UNetBranch
2025-11-15 17:24:51,252 - INFO -   - spatialfeatureextractor: SpatialFeatureExtractor
2025-11-15 17:24:51,252 - INFO -   - transformer: Transformer
2025-11-15 17:24:51,252 - INFO -   - fno: FNO2d
2025-11-15 17:24:51,252 - INFO -   - fno2d: FNO2d
2025-11-15 17:24:51,252 - INFO -   - spectralconv2d: SpectralConv2d
2025-11-15 17:24:51,252 - INFO -   - ufnomodel: UFNOUNet
2025-11-15 17:24:51,252 - INFO -   - ufnounet: UFNOUNet
2025-11-15 17:24:51,252 - INFO -   - fnomodel: FNO2d
2025-11-15 17:24:51,252 - INFO -   - mlpmodel: MLPModel
2025-11-15 17:24:51,252 - INFO -   - mlpdecoder: MLPDecoder
2025-11-15 17:24:51,252 - INFO -   - segformerunetformer: SegFormerUNetFormer
2025-11-15 17:24:51,252 - INFO -   - causalconv1d: CausalConv1D
2025-11-15 17:24:51,252 - INFO -   - temporalconv1d: TemporalConv1D
2025-11-15 17:24:51,252 - INFO -   - mlpmixer: MLPMixer
2025-11-15 17:24:51,252 - INFO -   - mixermodel: MLPMixer
2025-11-15 17:24:51,252 - INFO -   - swint: SwinTransformerTiny
2025-11-15 17:24:51,252 - INFO -   - swintransformertiny: SwinTransformerTiny
2025-11-15 17:24:51,253 - INFO -   - simplecnnencoder: SimpleCNNEncoder
2025-11-15 17:24:51,253 - INFO - 可用模型: ['attentionbranch', 'basemodel', 'causalconv1d', 'convblock', 'decoderblock', 'doubleconv', 'down', 'fno', 'fno2d', 'fnobranch', 'fnomodel', 'hybrid', 'hybridmodel', 'liif', 'liifmodel', 'mixermodel', 'mlpdecoder', 'mlpmixer', 'mlpmodel', 'outconv', 'patchembedding', 'segformer', 'segformerunetformer', 'simplecnnencoder', 'simpleencoder', 'sparseattentionencoder', 'sparseswinunet', 'spatialfeatureextractor', 'spectralconv2d', 'swin_unet', 'swint', 'swintemporalwrapper', 'swintransformertiny', 'swinunet', 'temporalconv1d', 'transformer', 'ufnomodel', 'ufnounet', 'unet', 'unetbranch', 'unetformer', 'unetmodel', 'unetplusplus', 'up', 'visiontransformer', 'vit']
2025-11-15 17:24:51,253 - WARNING - ⚠️ 调整window_size: 8→4 以匹配阶段分辨率 [32, 16, 8, 4]
2025-11-15 17:24:52,166 - INFO - Successfully created model SwinUNet with parameters: ['in_channels', 'out_channels', 'img_size', 'embed_dim', 'depths', 'num_heads', 'window_size', 'patch_size', 'mlp_ratio', 'qkv_bias', 'drop_rate', 'drop_path_rate', 'attn_drop_rate', 'use_checkpoint', 'use_sdpa', 'sdpa_kernel']
2025-11-15 17:24:52,167 - INFO - ✅ 成功使用增强加载器创建基础模型: SwinUNet
2025-11-15 17:24:52,623 - INFO - Successfully created model SwinUNet with parameters: ['in_channels', 'out_channels', 'img_size', 'embed_dim', 'depths', 'num_heads', 'window_size', 'patch_size', 'mlp_ratio', 'qkv_bias', 'drop_rate', 'drop_path_rate', 'attn_drop_rate', 'use_checkpoint', 'use_sdpa', 'sdpa_kernel']
2025-11-15 17:24:52,729 - INFO - Model SwinUNet forward test successful: torch.Size([1, 4, 128, 128]) → torch.Size([1, 1, 128, 128])
2025-11-15 17:24:52,729 - INFO - ✅ 模型前向传播测试通过
2025-11-15 17:24:52,853 - INFO - 🧩 BaseModel=SwinUNet, Wrapper=ARWrapper, Device=cuda
2025-11-15 17:24:52,853 - INFO - 🔧 注意力: use_sdpa/flash=False, sdpa_kernel=auto, TF32=False
2025-11-15 17:24:52,853 - INFO - 🧪 AMP autocast dtype: default
2025-11-15 17:24:52,855 - INFO - ✅ 模型参数量: 55,677,013 (可训练: 55,677,013)
2025-11-15 17:24:53,272 - INFO - 📊 资源: FLOPs=0.158G@128², 延迟=11.27±0.04ms
2025-11-15 17:24:53,274 - INFO - ✅ 已提取归一化统计用于损失：提供 'mean/std' 通道级统计
2025-11-15 17:24:53,274 - INFO - ⚙️ 设置优化器...
2025-11-15 17:24:53,274 - WARNING - ⚠️ 未找到 training.optimizer，使用默认AdamW配置回退
2025-11-15 17:24:53,275 - INFO - ✅ 优化器: AdamW (fused=False, foreach=False, eps=1e-08, amsgrad=False)
2025-11-15 17:24:53,276 - WARNING - ⚠️ 未找到 training.scheduler，使用默认CosineAnnealingLR回退
2025-11-15 17:24:53,276 - INFO - ✅ 调度器: CosineAnnealingLR (T_max=50, eta_min=1e-06)
2025-11-15 17:24:53,276 - INFO - ✅ AMP: dtype=bf16, GradScaler=off, device=cuda
2025-11-15 17:24:53,276 - INFO - ✅ 学习率: 0.001
2025-11-15 17:24:53,276 - INFO - 🚀 Starting training...
2025-11-15 17:24:53,277 - INFO - 🕒 当前训练模式：自回归（启用时间预测）

Epoch 1:   0%|          | 0/273 [00:00<?, ?it/s]
Epoch 1:   0%|          | 0/273 [00:00<?, ?it/s]
2025-11-15 17:24:53,456 - ERROR - ❌ 训练过程中出现错误: Given groups=1, weight of size [96, 4, 4, 4], expected input[256, 2, 128, 128] to have 4 channels, but got 2 channels instead
Traceback (most recent call last):
  File "/share/fandixiaLab/suguangsheng/PycharmProjects/Sparse2Full/tools/training/train_real_data_ar.py", line 3877, in train
    train_loss = self.train_epoch(epoch)
                 ^^^^^^^^^^^^^^^^^^^^^^^
  File "/share/fandixiaLab/suguangsheng/PycharmProjects/Sparse2Full/tools/training/train_real_data_ar.py", line 2740, in train_epoch
    raise e
  File "/share/fandixiaLab/suguangsheng/PycharmProjects/Sparse2Full/tools/training/train_real_data_ar.py", line 2650, in train_epoch
    pred_seq = self.model(input_seq, current_T_out, target_seq)
               ^^^^^^^^^^^^^^^^^^^^^^^^^^^^^^^^^^^^^^^^^^^^^^^^
  File "/share/fandixiaLab/suguangsheng/anaconda3/lib/python3.12/site-packages/torch/nn/modules/module.py", line 1751, in _wrapped_call_impl
    return self._call_impl(*args, **kwargs)
           ^^^^^^^^^^^^^^^^^^^^^^^^^^^^^^^^
  File "/share/fandixiaLab/suguangsheng/anaconda3/lib/python3.12/site-packages/torch/nn/modules/module.py", line 1762, in _call_impl
    return forward_call(*args, **kwargs)
           ^^^^^^^^^^^^^^^^^^^^^^^^^^^^^
  File "/share/fandixiaLab/suguangsheng/PycharmProjects/Sparse2Full/models/ar/wrapper.py", line 214, in forward
    return self.autoregressive_predict(
           ^^^^^^^^^^^^^^^^^^^^^^^^^^^^
  File "/share/fandixiaLab/suguangsheng/PycharmProjects/Sparse2Full/models/ar/wrapper.py", line 251, in autoregressive_predict
    return external_predict(
           ^^^^^^^^^^^^^^^^^
  File "/share/fandixiaLab/suguangsheng/PycharmProjects/Sparse2Full/models/ar/temporal_utils.py", line 68, in autoregressive_predict
    y_current = model(x_current)  # [B, C, H, W]
                ^^^^^^^^^^^^^^^^
  File "/share/fandixiaLab/suguangsheng/anaconda3/lib/python3.12/site-packages/torch/nn/modules/module.py", line 1751, in _wrapped_call_impl
    return self._call_impl(*args, **kwargs)
           ^^^^^^^^^^^^^^^^^^^^^^^^^^^^^^^^
  File "/share/fandixiaLab/suguangsheng/anaconda3/lib/python3.12/site-packages/torch/nn/modules/module.py", line 1762, in _call_impl
    return forward_call(*args, **kwargs)
           ^^^^^^^^^^^^^^^^^^^^^^^^^^^^^
  File "/share/fandixiaLab/suguangsheng/PycharmProjects/Sparse2Full/models/ar/wrapper.py", line 199, in forward
    return self.m(x_in)
           ^^^^^^^^^^^^
  File "/share/fandixiaLab/suguangsheng/anaconda3/lib/python3.12/site-packages/torch/nn/modules/module.py", line 1751, in _wrapped_call_impl
    return self._call_impl(*args, **kwargs)
           ^^^^^^^^^^^^^^^^^^^^^^^^^^^^^^^^
  File "/share/fandixiaLab/suguangsheng/anaconda3/lib/python3.12/site-packages/torch/nn/modules/module.py", line 1762, in _call_impl
    return forward_call(*args, **kwargs)
           ^^^^^^^^^^^^^^^^^^^^^^^^^^^^^
  File "/share/fandixiaLab/suguangsheng/PycharmProjects/Sparse2Full/models/swin_unet.py", line 1057, in forward
    x = self.patch_embed(x)  # [B, N, embed_dim]
        ^^^^^^^^^^^^^^^^^^^
  File "/share/fandixiaLab/suguangsheng/anaconda3/lib/python3.12/site-packages/torch/nn/modules/module.py", line 1751, in _wrapped_call_impl
    return self._call_impl(*args, **kwargs)
           ^^^^^^^^^^^^^^^^^^^^^^^^^^^^^^^^
  File "/share/fandixiaLab/suguangsheng/anaconda3/lib/python3.12/site-packages/torch/nn/modules/module.py", line 1762, in _call_impl
    return forward_call(*args, **kwargs)
           ^^^^^^^^^^^^^^^^^^^^^^^^^^^^^
  File "/share/fandixiaLab/suguangsheng/PycharmProjects/Sparse2Full/models/swin_unet.py", line 575, in forward
    x = self.proj(x).flatten(2).transpose(1, 2)  # B Ph*Pw C
        ^^^^^^^^^^^^
  File "/share/fandixiaLab/suguangsheng/anaconda3/lib/python3.12/site-packages/torch/nn/modules/module.py", line 1751, in _wrapped_call_impl
    return self._call_impl(*args, **kwargs)
           ^^^^^^^^^^^^^^^^^^^^^^^^^^^^^^^^
  File "/share/fandixiaLab/suguangsheng/anaconda3/lib/python3.12/site-packages/torch/nn/modules/module.py", line 1762, in _call_impl
    return forward_call(*args, **kwargs)
           ^^^^^^^^^^^^^^^^^^^^^^^^^^^^^
  File "/share/fandixiaLab/suguangsheng/anaconda3/lib/python3.12/site-packages/torch/nn/modules/conv.py", line 554, in forward
    return self._conv_forward(input, self.weight, self.bias)
           ^^^^^^^^^^^^^^^^^^^^^^^^^^^^^^^^^^^^^^^^^^^^^^^^^
  File "/share/fandixiaLab/suguangsheng/anaconda3/lib/python3.12/site-packages/torch/nn/modules/conv.py", line 549, in _conv_forward
    return F.conv2d(
           ^^^^^^^^^
RuntimeError: Given groups=1, weight of size [96, 4, 4, 4], expected input[256, 2, 128, 128] to have 4 channels, but got 2 channels instead
2025-11-15 17:24:53,458 - INFO - 🏁 Training finished, total time: 0.00 hours
2025-11-15 17:24:53,459 - INFO - ℹ️ Best checkpoint not found, using current model for final test evaluation
2025-11-15 17:24:53,459 - INFO - 🧪 开始测试集评估...

Testing:   0%|          | 0/15000 [00:00<?, ?it/s]
                                                  
2025-11-15 17:24:53,481 - INFO - 输出目录: paper_package/multi_model_scan_real_data/swin_unet_s123/AR-DR2D-swin_unet-s123_20251115_172453
2025-11-15 17:24:53,485 - INFO - 📝 已保存配置快照: paper_package/multi_model_scan_real_data/swin_unet_s123/AR-DR2D-swin_unet-s123_20251115_172453/config_merged.yaml
2025-11-15 17:24:53,485 - INFO - 设备选择: raw='cuda', normalized='cuda', final='cuda'
2025-11-15 17:24:53,485 - INFO - CPU线程设置: torch=0, interop=0, MKL=0, OMP=0, numexpr=0, openblas=0
2025-11-15 17:24:53,485 - INFO - 使用单GPU训练: cuda
2025-11-15 17:24:53,492 - INFO - 内存管理配置: {'gradient_accumulation_steps': 1, 'memory_cleanup_frequency': 10, 'auto_batch_size_reduction': True, 'memory_threshold': 0.9}, AMP dtype: default
2025-11-15 17:24:53,493 - INFO - 设置数据模块...
2025-11-15 17:24:53,493 - INFO - 使用训练批次大小: 256
2025-11-15 17:24:53,493 - INFO - 使用验证批次大小: 256
2025-11-15 17:24:53,493 - INFO - 使用测试批次大小: 1
2025-11-15 17:24:53,607 - INFO - 使用传统AR模型架构
2025-11-15 17:24:53,607 - INFO - 🏗️ 设置模型...
2025-11-15 17:24:53,607 - INFO - 使用模型架构: swin_unet
2025-11-15 17:24:53,607 - INFO - 可用模型: ['attentionbranch', 'basemodel', 'causalconv1d', 'convblock', 'decoderblock', 'doubleconv', 'down', 'fno', 'fno2d', 'fnobranch', 'fnomodel', 'hybrid', 'hybridmodel', 'liif', 'liifmodel', 'mixermodel', 'mlpdecoder', 'mlpmixer', 'mlpmodel', 'outconv', 'patchembedding', 'segformer', 'segformerunetformer', 'simplecnnencoder', 'simpleencoder', 'sparseattentionencoder', 'sparseswinunet', 'spatialfeatureextractor', 'spectralconv2d', 'swin_unet', 'swint', 'swintemporalwrapper', 'swintransformertiny', 'swinunet', 'temporalconv1d', 'transformer', 'ufnomodel', 'ufnounet', 'unet', 'unetbranch', 'unetformer', 'unetmodel', 'unetplusplus', 'up', 'visiontransformer', 'vit']
2025-11-15 17:24:53,607 - WARNING - ⚠️ 调整window_size: 8→4 以匹配阶段分辨率 [32, 16, 8, 4]
2025-11-15 17:24:54,102 - INFO - Successfully created model SwinUNet with parameters: ['in_channels', 'out_channels', 'img_size', 'embed_dim', 'depths', 'num_heads', 'window_size', 'patch_size', 'mlp_ratio', 'qkv_bias', 'drop_rate', 'drop_path_rate', 'attn_drop_rate', 'use_checkpoint', 'use_sdpa', 'sdpa_kernel']
2025-11-15 17:24:54,102 - INFO - ✅ 成功使用增强加载器创建基础模型: SwinUNet
2025-11-15 17:24:54,848 - INFO - Successfully created model SwinUNet with parameters: ['in_channels', 'out_channels', 'img_size', 'embed_dim', 'depths', 'num_heads', 'window_size', 'patch_size', 'mlp_ratio', 'qkv_bias', 'drop_rate', 'drop_path_rate', 'attn_drop_rate', 'use_checkpoint', 'use_sdpa', 'sdpa_kernel']
2025-11-15 17:24:54,924 - INFO - Model SwinUNet forward test successful: torch.Size([1, 4, 128, 128]) → torch.Size([1, 1, 128, 128])
2025-11-15 17:24:54,924 - INFO - ✅ 模型前向传播测试通过
2025-11-15 17:24:54,945 - INFO - 🧩 BaseModel=SwinUNet, Wrapper=ARWrapper, Device=cuda
2025-11-15 17:24:54,946 - INFO - 🔧 注意力: use_sdpa/flash=False, sdpa_kernel=auto, TF32=False
2025-11-15 17:24:54,946 - INFO - 🧪 AMP autocast dtype: default
2025-11-15 17:24:54,947 - INFO - ✅ 模型参数量: 55,677,013 (可训练: 55,677,013)
2025-11-15 17:24:55,233 - INFO - 📊 资源: FLOPs=0.158G@128², 延迟=11.29±0.03ms
2025-11-15 17:24:55,234 - INFO - ✅ 已提取归一化统计用于损失：提供 'mean/std' 通道级统计
2025-11-15 17:24:55,234 - INFO - ⚙️ 设置优化器...
2025-11-15 17:24:55,234 - WARNING - ⚠️ 未找到 training.optimizer，使用默认AdamW配置回退
2025-11-15 17:24:55,236 - INFO - ✅ 优化器: AdamW (fused=False, foreach=False, eps=1e-08, amsgrad=False)
2025-11-15 17:24:55,236 - WARNING - ⚠️ 未找到 training.scheduler，使用默认CosineAnnealingLR回退
2025-11-15 17:24:55,236 - INFO - ✅ 调度器: CosineAnnealingLR (T_max=50, eta_min=1e-06)
2025-11-15 17:24:55,237 - INFO - ✅ AMP: dtype=bf16, GradScaler=off, device=cuda
2025-11-15 17:24:55,237 - INFO - ✅ 学习率: 0.001
2025-11-15 17:24:55,251 - INFO - 输出目录: paper_package/multi_model_scan_real_data/swin_unet_s123/AR-DR2D-swin_unet-s123_20251115_172455
2025-11-15 17:24:55,255 - INFO - 📝 已保存配置快照: paper_package/multi_model_scan_real_data/swin_unet_s123/AR-DR2D-swin_unet-s123_20251115_172455/config_merged.yaml
2025-11-15 17:24:55,256 - INFO - 设备选择: raw='cuda', normalized='cuda', final='cuda'
2025-11-15 17:24:55,256 - INFO - CPU线程设置: torch=0, interop=0, MKL=0, OMP=0, numexpr=0, openblas=0
2025-11-15 17:24:55,256 - INFO - 使用单GPU训练: cuda
2025-11-15 17:24:55,257 - INFO - 内存管理配置: {'gradient_accumulation_steps': 1, 'memory_cleanup_frequency': 10, 'auto_batch_size_reduction': True, 'memory_threshold': 0.9}, AMP dtype: default
2025-11-15 17:24:55,257 - INFO - 设置数据模块...
2025-11-15 17:24:55,257 - INFO - 使用训练批次大小: 256
2025-11-15 17:24:55,257 - INFO - 使用验证批次大小: 256
2025-11-15 17:24:55,257 - INFO - 使用测试批次大小: 1
2025-11-15 17:24:55,373 - INFO - 使用传统AR模型架构
2025-11-15 17:24:55,374 - INFO - 🏗️ 设置模型...
2025-11-15 17:24:55,374 - INFO - 使用模型架构: swin_unet
2025-11-15 17:24:55,374 - INFO - 可用模型: ['attentionbranch', 'basemodel', 'causalconv1d', 'convblock', 'decoderblock', 'doubleconv', 'down', 'fno', 'fno2d', 'fnobranch', 'fnomodel', 'hybrid', 'hybridmodel', 'liif', 'liifmodel', 'mixermodel', 'mlpdecoder', 'mlpmixer', 'mlpmodel', 'outconv', 'patchembedding', 'segformer', 'segformerunetformer', 'simplecnnencoder', 'simpleencoder', 'sparseattentionencoder', 'sparseswinunet', 'spatialfeatureextractor', 'spectralconv2d', 'swin_unet', 'swint', 'swintemporalwrapper', 'swintransformertiny', 'swinunet', 'temporalconv1d', 'transformer', 'ufnomodel', 'ufnounet', 'unet', 'unetbranch', 'unetformer', 'unetmodel', 'unetplusplus', 'up', 'visiontransformer', 'vit']
2025-11-15 17:24:55,374 - WARNING - ⚠️ 调整window_size: 8→4 以匹配阶段分辨率 [32, 16, 8, 4]
2025-11-15 17:24:55,823 - INFO - Successfully created model SwinUNet with parameters: ['in_channels', 'out_channels', 'img_size', 'embed_dim', 'depths', 'num_heads', 'window_size', 'patch_size', 'mlp_ratio', 'qkv_bias', 'drop_rate', 'drop_path_rate', 'attn_drop_rate', 'use_checkpoint', 'use_sdpa', 'sdpa_kernel']
2025-11-15 17:24:55,823 - INFO - ✅ 成功使用增强加载器创建基础模型: SwinUNet
2025-11-15 17:24:56,277 - INFO - Successfully created model SwinUNet with parameters: ['in_channels', 'out_channels', 'img_size', 'embed_dim', 'depths', 'num_heads', 'window_size', 'patch_size', 'mlp_ratio', 'qkv_bias', 'drop_rate', 'drop_path_rate', 'attn_drop_rate', 'use_checkpoint', 'use_sdpa', 'sdpa_kernel']
2025-11-15 17:24:56,359 - INFO - Model SwinUNet forward test successful: torch.Size([1, 4, 128, 128]) → torch.Size([1, 1, 128, 128])
2025-11-15 17:24:56,359 - INFO - ✅ 模型前向传播测试通过
2025-11-15 17:24:56,380 - INFO - 🧩 BaseModel=SwinUNet, Wrapper=ARWrapper, Device=cuda
2025-11-15 17:24:56,380 - INFO - 🔧 注意力: use_sdpa/flash=False, sdpa_kernel=auto, TF32=False
2025-11-15 17:24:56,380 - INFO - 🧪 AMP autocast dtype: default
2025-11-15 17:24:56,382 - INFO - ✅ 模型参数量: 55,677,013 (可训练: 55,677,013)
2025-11-15 17:24:56,667 - INFO - 📊 资源: FLOPs=0.158G@128², 延迟=11.27±0.03ms
2025-11-15 17:24:56,668 - INFO - ✅ 已提取归一化统计用于损失：提供 'mean/std' 通道级统计
2025-11-15 17:24:56,669 - INFO - ⚙️ 设置优化器...
2025-11-15 17:24:56,669 - WARNING - ⚠️ 未找到 training.optimizer，使用默认AdamW配置回退
2025-11-15 17:24:56,670 - INFO - ✅ 优化器: AdamW (fused=False, foreach=False, eps=1e-08, amsgrad=False)
2025-11-15 17:24:56,670 - WARNING - ⚠️ 未找到 training.scheduler，使用默认CosineAnnealingLR回退
2025-11-15 17:24:56,671 - INFO - ✅ 调度器: CosineAnnealingLR (T_max=50, eta_min=1e-06)
2025-11-15 17:24:56,671 - INFO - ✅ AMP: dtype=bf16, GradScaler=off, device=cuda
2025-11-15 17:24:56,671 - INFO - ✅ 学习率: 0.001
Traceback (most recent call last):
  File "/share/fandixiaLab/suguangsheng/PycharmProjects/Sparse2Full/tools/training/train_real_data_ar.py", line 4341, in <module>
    main()
  File "/share/fandixiaLab/suguangsheng/PycharmProjects/Sparse2Full/tools/training/train_real_data_ar.py", line 4244, in main
    trainer.train()
  File "/share/fandixiaLab/suguangsheng/PycharmProjects/Sparse2Full/tools/training/train_real_data_ar.py", line 4078, in train
    final_test_metrics = self.test_epoch()
                         ^^^^^^^^^^^^^^^^^
  File "/share/fandixiaLab/suguangsheng/PycharmProjects/Sparse2Full/tools/training/train_real_data_ar.py", line 2936, in test_epoch
    pred_seq = self.model.autoregressive_predict(input_seq, test_T_out, teacher=None, train_mode=False)
               ^^^^^^^^^^^^^^^^^^^^^^^^^^^^^^^^^^^^^^^^^^^^^^^^^^^^^^^^^^^^^^^^^^^^^^^^^^^^^^^^^^^^^^^^
  File "/share/fandixiaLab/suguangsheng/PycharmProjects/Sparse2Full/models/ar/wrapper.py", line 251, in autoregressive_predict
    return external_predict(
           ^^^^^^^^^^^^^^^^^
  File "/share/fandixiaLab/suguangsheng/PycharmProjects/Sparse2Full/models/ar/temporal_utils.py", line 58, in autoregressive_predict
    y_current = model(x_current)  # [B, C, H, W]
                ^^^^^^^^^^^^^^^^
  File "/share/fandixiaLab/suguangsheng/anaconda3/lib/python3.12/site-packages/torch/nn/modules/module.py", line 1751, in _wrapped_call_impl
    return self._call_impl(*args, **kwargs)
           ^^^^^^^^^^^^^^^^^^^^^^^^^^^^^^^^
  File "/share/fandixiaLab/suguangsheng/anaconda3/lib/python3.12/site-packages/torch/nn/modules/module.py", line 1762, in _call_impl
    return forward_call(*args, **kwargs)
           ^^^^^^^^^^^^^^^^^^^^^^^^^^^^^
  File "/share/fandixiaLab/suguangsheng/PycharmProjects/Sparse2Full/models/ar/wrapper.py", line 199, in forward
    return self.m(x_in)
           ^^^^^^^^^^^^
  File "/share/fandixiaLab/suguangsheng/anaconda3/lib/python3.12/site-packages/torch/nn/modules/module.py", line 1751, in _wrapped_call_impl
    return self._call_impl(*args, **kwargs)
           ^^^^^^^^^^^^^^^^^^^^^^^^^^^^^^^^
  File "/share/fandixiaLab/suguangsheng/anaconda3/lib/python3.12/site-packages/torch/nn/modules/module.py", line 1762, in _call_impl
    return forward_call(*args, **kwargs)
           ^^^^^^^^^^^^^^^^^^^^^^^^^^^^^
  File "/share/fandixiaLab/suguangsheng/PycharmProjects/Sparse2Full/models/swin_unet.py", line 1057, in forward
    x = self.patch_embed(x)  # [B, N, embed_dim]
        ^^^^^^^^^^^^^^^^^^^
  File "/share/fandixiaLab/suguangsheng/anaconda3/lib/python3.12/site-packages/torch/nn/modules/module.py", line 1751, in _wrapped_call_impl
    return self._call_impl(*args, **kwargs)
           ^^^^^^^^^^^^^^^^^^^^^^^^^^^^^^^^
  File "/share/fandixiaLab/suguangsheng/anaconda3/lib/python3.12/site-packages/torch/nn/modules/module.py", line 1762, in _call_impl
    return forward_call(*args, **kwargs)
           ^^^^^^^^^^^^^^^^^^^^^^^^^^^^^
  File "/share/fandixiaLab/suguangsheng/PycharmProjects/Sparse2Full/models/swin_unet.py", line 575, in forward
    x = self.proj(x).flatten(2).transpose(1, 2)  # B Ph*Pw C
        ^^^^^^^^^^^^
  File "/share/fandixiaLab/suguangsheng/anaconda3/lib/python3.12/site-packages/torch/nn/modules/module.py", line 1751, in _wrapped_call_impl
    return self._call_impl(*args, **kwargs)
           ^^^^^^^^^^^^^^^^^^^^^^^^^^^^^^^^
  File "/share/fandixiaLab/suguangsheng/anaconda3/lib/python3.12/site-packages/torch/nn/modules/module.py", line 1762, in _call_impl
    return forward_call(*args, **kwargs)
           ^^^^^^^^^^^^^^^^^^^^^^^^^^^^^
  File "/share/fandixiaLab/suguangsheng/anaconda3/lib/python3.12/site-packages/torch/nn/modules/conv.py", line 554, in forward
    return self._conv_forward(input, self.weight, self.bias)
           ^^^^^^^^^^^^^^^^^^^^^^^^^^^^^^^^^^^^^^^^^^^^^^^^^
  File "/share/fandixiaLab/suguangsheng/anaconda3/lib/python3.12/site-packages/torch/nn/modules/conv.py", line 549, in _conv_forward
    return F.conv2d(
           ^^^^^^^^^
RuntimeError: Given groups=1, weight of size [96, 4, 4, 4], expected input[1, 2, 128, 128] to have 4 channels, but got 2 channels instead

2025-11-15 17:25:03,448 - MultiModelScan - INFO - 
实验进度: [3/21] 模型: swin_unet, 种子: 456
2025-11-15 17:25:03,449 - MultiModelScan - INFO - 开始实验: swin_unet_s456
2025-11-15 17:25:17,644 - MultiModelScan - ERROR - ❌ 实验 swin_unet_s456 失败 (用时: 14.2s)
2025-11-15 17:25:17,644 - MultiModelScan - ERROR - 错误信息: 2025-11-15 17:25:10,247 - INFO - 输出目录: paper_package/multi_model_scan_real_data/swin_unet_s456/AR-DR2D-s456_20251115_172510
2025-11-15 17:25:10,252 - INFO - 📝 已保存配置快照: paper_package/multi_model_scan_real_data/swin_unet_s456/AR-DR2D-s456_20251115_172510/config_merged.yaml
2025-11-15 17:25:10,253 - INFO - 设备选择: raw='cuda', normalized='cuda', final='cuda'
2025-11-15 17:25:10,254 - INFO - CPU线程设置: torch=0, interop=0, MKL=0, OMP=0, numexpr=0, openblas=0
2025-11-15 17:25:10,254 - INFO - 使用单GPU训练: cuda
2025-11-15 17:25:10,254 - INFO - 内存管理配置: {'gradient_accumulation_steps': 1, 'memory_cleanup_frequency': 10, 'auto_batch_size_reduction': True, 'memory_threshold': 0.9}, AMP dtype: default
2025-11-15 17:25:10,254 - INFO - 设置数据模块...
2025-11-15 17:25:10,255 - INFO - 使用训练批次大小: 256
2025-11-15 17:25:10,255 - INFO - 使用验证批次大小: 256
2025-11-15 17:25:10,255 - INFO - 使用测试批次大小: 1
2025-11-15 17:25:10,379 - INFO - 使用传统AR模型架构
2025-11-15 17:25:10,379 - INFO - 🏗️ 设置模型...
2025-11-15 17:25:10,379 - INFO - 使用模型架构: swin_unet
2025-11-15 17:25:10,380 - INFO - 扫描模型目录: /share/fandixiaLab/suguangsheng/PycharmProjects/Sparse2Full/models
2025-11-15 17:25:10,397 - INFO - 已加载外部模型工厂函数
2025-11-15 17:25:10,398 - INFO - 扫描完成，发现 44 个模型类
2025-11-15 17:25:10,398 - INFO -   - sparseattentionencoder: SparseAttentionEncoder
2025-11-15 17:25:10,398 - INFO -   - sparseswinunet: SparseSwinUNet
2025-11-15 17:25:10,398 - INFO -   - basemodel: BaseModel
2025-11-15 17:25:10,398 - INFO -   - decoderblock: DecoderBlock
2025-11-15 17:25:10,398 - INFO -   - swinunet: SwinUNet
2025-11-15 17:25:10,398 - INFO -   - swintemporalwrapper: SwinTemporalWrapper
2025-11-15 17:25:10,398 - INFO -   - patchembedding: PatchEmbedding
2025-11-15 17:25:10,398 - INFO -   - vit: VisionTransformer
2025-11-15 17:25:10,398 - INFO -   - visiontransformer: VisionTransformer
2025-11-15 17:25:10,398 - INFO -   - hybridmodel: HybridModel
2025-11-15 17:25:10,398 - INFO -   - segformer: SegFormerUNetFormer
2025-11-15 17:25:10,398 - INFO -   - convblock: ConvBlock
2025-11-15 17:25:10,398 - INFO -   - unetformer: SegFormerUNetFormer
2025-11-15 17:25:10,398 - INFO -   - doubleconv: DoubleConv
2025-11-15 17:25:10,398 - INFO -   - down: Down
2025-11-15 17:25:10,398 - INFO -   - outconv: OutConv
2025-11-15 17:25:10,398 - INFO -   - unet: UNet
2025-11-15 17:25:10,398 - INFO -   - unetmodel: UNet
2025-11-15 17:25:10,398 - INFO -   - up: Up
2025-11-15 17:25:10,398 - INFO -   - unetplusplus: UNetPlusPlus
2025-11-15 17:25:10,398 - INFO -   - liif: LIIFModel
2025-11-15 17:25:10,398 - INFO -   - liifmodel: LIIFModel
2025-11-15 17:25:10,398 - INFO -   - simpleencoder: SimpleEncoder
2025-11-15 17:25:10,398 - INFO -   - attentionbranch: AttentionBranch
2025-11-15 17:25:10,398 - INFO -   - fnobranch: FNOBranch
2025-11-15 17:25:10,398 - INFO -   - unetbranch: UNetBranch
2025-11-15 17:25:10,398 - INFO -   - spatialfeatureextractor: SpatialFeatureExtractor
2025-11-15 17:25:10,398 - INFO -   - transformer: Transformer
2025-11-15 17:25:10,398 - INFO -   - fno: FNO2d
2025-11-15 17:25:10,398 - INFO -   - fno2d: FNO2d
2025-11-15 17:25:10,398 - INFO -   - spectralconv2d: SpectralConv2d
2025-11-15 17:25:10,398 - INFO -   - ufnomodel: UFNOUNet
2025-11-15 17:25:10,398 - INFO -   - ufnounet: UFNOUNet
2025-11-15 17:25:10,398 - INFO -   - fnomodel: FNO2d
2025-11-15 17:25:10,398 - INFO -   - mlpmodel: MLPModel
2025-11-15 17:25:10,398 - INFO -   - mlpdecoder: MLPDecoder
2025-11-15 17:25:10,398 - INFO -   - segformerunetformer: SegFormerUNetFormer
2025-11-15 17:25:10,398 - INFO -   - causalconv1d: CausalConv1D
2025-11-15 17:25:10,398 - INFO -   - temporalconv1d: TemporalConv1D
2025-11-15 17:25:10,398 - INFO -   - mlpmixer: MLPMixer
2025-11-15 17:25:10,398 - INFO -   - mixermodel: MLPMixer
2025-11-15 17:25:10,398 - INFO -   - swint: SwinTransformerTiny
2025-11-15 17:25:10,398 - INFO -   - swintransformertiny: SwinTransformerTiny
2025-11-15 17:25:10,398 - INFO -   - simplecnnencoder: SimpleCNNEncoder
2025-11-15 17:25:10,398 - INFO - 可用模型: ['attentionbranch', 'basemodel', 'causalconv1d', 'convblock', 'decoderblock', 'doubleconv', 'down', 'fno', 'fno2d', 'fnobranch', 'fnomodel', 'hybrid', 'hybridmodel', 'liif', 'liifmodel', 'mixermodel', 'mlpdecoder', 'mlpmixer', 'mlpmodel', 'outconv', 'patchembedding', 'segformer', 'segformerunetformer', 'simplecnnencoder', 'simpleencoder', 'sparseattentionencoder', 'sparseswinunet', 'spatialfeatureextractor', 'spectralconv2d', 'swin_unet', 'swint', 'swintemporalwrapper', 'swintransformertiny', 'swinunet', 'temporalconv1d', 'transformer', 'ufnomodel', 'ufnounet', 'unet', 'unetbranch', 'unetformer', 'unetmodel', 'unetplusplus', 'up', 'visiontransformer', 'vit']
2025-11-15 17:25:10,399 - WARNING - ⚠️ 调整window_size: 8→4 以匹配阶段分辨率 [32, 16, 8, 4]
2025-11-15 17:25:11,136 - INFO - Successfully created model SwinUNet with parameters: ['in_channels', 'out_channels', 'img_size', 'embed_dim', 'depths', 'num_heads', 'window_size', 'patch_size', 'mlp_ratio', 'qkv_bias', 'drop_rate', 'drop_path_rate', 'attn_drop_rate', 'use_checkpoint', 'use_sdpa', 'sdpa_kernel']
2025-11-15 17:25:11,137 - INFO - ✅ 成功使用增强加载器创建基础模型: SwinUNet
2025-11-15 17:25:11,603 - INFO - Successfully created model SwinUNet with parameters: ['in_channels', 'out_channels', 'img_size', 'embed_dim', 'depths', 'num_heads', 'window_size', 'patch_size', 'mlp_ratio', 'qkv_bias', 'drop_rate', 'drop_path_rate', 'attn_drop_rate', 'use_checkpoint', 'use_sdpa', 'sdpa_kernel']
2025-11-15 17:25:11,734 - INFO - Model SwinUNet forward test successful: torch.Size([1, 4, 128, 128]) → torch.Size([1, 1, 128, 128])
2025-11-15 17:25:11,734 - INFO - ✅ 模型前向传播测试通过
2025-11-15 17:25:11,860 - INFO - 🧩 BaseModel=SwinUNet, Wrapper=ARWrapper, Device=cuda
2025-11-15 17:25:11,861 - INFO - 🔧 注意力: use_sdpa/flash=False, sdpa_kernel=auto, TF32=False
2025-11-15 17:25:11,861 - INFO - 🧪 AMP autocast dtype: default
2025-11-15 17:25:11,863 - INFO - ✅ 模型参数量: 55,677,013 (可训练: 55,677,013)
2025-11-15 17:25:12,284 - INFO - 📊 资源: FLOPs=0.158G@128², 延迟=11.28±0.04ms
2025-11-15 17:25:12,285 - INFO - ✅ 已提取归一化统计用于损失：提供 'mean/std' 通道级统计
2025-11-15 17:25:12,286 - INFO - ⚙️ 设置优化器...
2025-11-15 17:25:12,286 - WARNING - ⚠️ 未找到 training.optimizer，使用默认AdamW配置回退
2025-11-15 17:25:12,287 - INFO - ✅ 优化器: AdamW (fused=False, foreach=False, eps=1e-08, amsgrad=False)
2025-11-15 17:25:12,288 - WARNING - ⚠️ 未找到 training.scheduler，使用默认CosineAnnealingLR回退
2025-11-15 17:25:12,288 - INFO - ✅ 调度器: CosineAnnealingLR (T_max=50, eta_min=1e-06)
2025-11-15 17:25:12,288 - INFO - ✅ AMP: dtype=bf16, GradScaler=off, device=cuda
2025-11-15 17:25:12,288 - INFO - ✅ 学习率: 0.001
2025-11-15 17:25:12,288 - INFO - 🚀 Starting training...
2025-11-15 17:25:12,288 - INFO - 🕒 当前训练模式：自回归（启用时间预测）

Epoch 1:   0%|          | 0/273 [00:00<?, ?it/s]
Epoch 1:   0%|          | 0/273 [00:00<?, ?it/s]
2025-11-15 17:25:12,419 - ERROR - ❌ 训练过程中出现错误: Given groups=1, weight of size [96, 4, 4, 4], expected input[256, 2, 128, 128] to have 4 channels, but got 2 channels instead
Traceback (most recent call last):
  File "/share/fandixiaLab/suguangsheng/PycharmProjects/Sparse2Full/tools/training/train_real_data_ar.py", line 3877, in train
    train_loss = self.train_epoch(epoch)
                 ^^^^^^^^^^^^^^^^^^^^^^^
  File "/share/fandixiaLab/suguangsheng/PycharmProjects/Sparse2Full/tools/training/train_real_data_ar.py", line 2740, in train_epoch
    raise e
  File "/share/fandixiaLab/suguangsheng/PycharmProjects/Sparse2Full/tools/training/train_real_data_ar.py", line 2650, in train_epoch
    pred_seq = self.model(input_seq, current_T_out, target_seq)
               ^^^^^^^^^^^^^^^^^^^^^^^^^^^^^^^^^^^^^^^^^^^^^^^^
  File "/share/fandixiaLab/suguangsheng/anaconda3/lib/python3.12/site-packages/torch/nn/modules/module.py", line 1751, in _wrapped_call_impl
    return self._call_impl(*args, **kwargs)
           ^^^^^^^^^^^^^^^^^^^^^^^^^^^^^^^^
  File "/share/fandixiaLab/suguangsheng/anaconda3/lib/python3.12/site-packages/torch/nn/modules/module.py", line 1762, in _call_impl
    return forward_call(*args, **kwargs)
           ^^^^^^^^^^^^^^^^^^^^^^^^^^^^^
  File "/share/fandixiaLab/suguangsheng/PycharmProjects/Sparse2Full/models/ar/wrapper.py", line 214, in forward
    return self.autoregressive_predict(
           ^^^^^^^^^^^^^^^^^^^^^^^^^^^^
  File "/share/fandixiaLab/suguangsheng/PycharmProjects/Sparse2Full/models/ar/wrapper.py", line 251, in autoregressive_predict
    return external_predict(
           ^^^^^^^^^^^^^^^^^
  File "/share/fandixiaLab/suguangsheng/PycharmProjects/Sparse2Full/models/ar/temporal_utils.py", line 68, in autoregressive_predict
    y_current = model(x_current)  # [B, C, H, W]
                ^^^^^^^^^^^^^^^^
  File "/share/fandixiaLab/suguangsheng/anaconda3/lib/python3.12/site-packages/torch/nn/modules/module.py", line 1751, in _wrapped_call_impl
    return self._call_impl(*args, **kwargs)
           ^^^^^^^^^^^^^^^^^^^^^^^^^^^^^^^^
  File "/share/fandixiaLab/suguangsheng/anaconda3/lib/python3.12/site-packages/torch/nn/modules/module.py", line 1762, in _call_impl
    return forward_call(*args, **kwargs)
           ^^^^^^^^^^^^^^^^^^^^^^^^^^^^^
  File "/share/fandixiaLab/suguangsheng/PycharmProjects/Sparse2Full/models/ar/wrapper.py", line 199, in forward
    return self.m(x_in)
           ^^^^^^^^^^^^
  File "/share/fandixiaLab/suguangsheng/anaconda3/lib/python3.12/site-packages/torch/nn/modules/module.py", line 1751, in _wrapped_call_impl
    return self._call_impl(*args, **kwargs)
           ^^^^^^^^^^^^^^^^^^^^^^^^^^^^^^^^
  File "/share/fandixiaLab/suguangsheng/anaconda3/lib/python3.12/site-packages/torch/nn/modules/module.py", line 1762, in _call_impl
    return forward_call(*args, **kwargs)
           ^^^^^^^^^^^^^^^^^^^^^^^^^^^^^
  File "/share/fandixiaLab/suguangsheng/PycharmProjects/Sparse2Full/models/swin_unet.py", line 1057, in forward
    x = self.patch_embed(x)  # [B, N, embed_dim]
        ^^^^^^^^^^^^^^^^^^^
  File "/share/fandixiaLab/suguangsheng/anaconda3/lib/python3.12/site-packages/torch/nn/modules/module.py", line 1751, in _wrapped_call_impl
    return self._call_impl(*args, **kwargs)
           ^^^^^^^^^^^^^^^^^^^^^^^^^^^^^^^^
  File "/share/fandixiaLab/suguangsheng/anaconda3/lib/python3.12/site-packages/torch/nn/modules/module.py", line 1762, in _call_impl
    return forward_call(*args, **kwargs)
           ^^^^^^^^^^^^^^^^^^^^^^^^^^^^^
  File "/share/fandixiaLab/suguangsheng/PycharmProjects/Sparse2Full/models/swin_unet.py", line 575, in forward
    x = self.proj(x).flatten(2).transpose(1, 2)  # B Ph*Pw C
        ^^^^^^^^^^^^
  File "/share/fandixiaLab/suguangsheng/anaconda3/lib/python3.12/site-packages/torch/nn/modules/module.py", line 1751, in _wrapped_call_impl
    return self._call_impl(*args, **kwargs)
           ^^^^^^^^^^^^^^^^^^^^^^^^^^^^^^^^
  File "/share/fandixiaLab/suguangsheng/anaconda3/lib/python3.12/site-packages/torch/nn/modules/module.py", line 1762, in _call_impl
    return forward_call(*args, **kwargs)
           ^^^^^^^^^^^^^^^^^^^^^^^^^^^^^
  File "/share/fandixiaLab/suguangsheng/anaconda3/lib/python3.12/site-packages/torch/nn/modules/conv.py", line 554, in forward
    return self._conv_forward(input, self.weight, self.bias)
           ^^^^^^^^^^^^^^^^^^^^^^^^^^^^^^^^^^^^^^^^^^^^^^^^^
  File "/share/fandixiaLab/suguangsheng/anaconda3/lib/python3.12/site-packages/torch/nn/modules/conv.py", line 549, in _conv_forward
    return F.conv2d(
           ^^^^^^^^^
RuntimeError: Given groups=1, weight of size [96, 4, 4, 4], expected input[256, 2, 128, 128] to have 4 channels, but got 2 channels instead
2025-11-15 17:25:12,421 - INFO - 🏁 Training finished, total time: 0.00 hours
2025-11-15 17:25:12,422 - INFO - ℹ️ Best checkpoint not found, using current model for final test evaluation
2025-11-15 17:25:12,422 - INFO - 🧪 开始测试集评估...

Testing:   0%|          | 0/15000 [00:00<?, ?it/s]
                                                  
2025-11-15 17:25:12,438 - INFO - 输出目录: paper_package/multi_model_scan_real_data/swin_unet_s456/AR-DR2D-swin_unet-s456_20251115_172512
2025-11-15 17:25:12,442 - INFO - 📝 已保存配置快照: paper_package/multi_model_scan_real_data/swin_unet_s456/AR-DR2D-swin_unet-s456_20251115_172512/config_merged.yaml
2025-11-15 17:25:12,442 - INFO - 设备选择: raw='cuda', normalized='cuda', final='cuda'
2025-11-15 17:25:12,443 - INFO - CPU线程设置: torch=0, interop=0, MKL=0, OMP=0, numexpr=0, openblas=0
2025-11-15 17:25:12,443 - INFO - 使用单GPU训练: cuda
2025-11-15 17:25:12,450 - INFO - 内存管理配置: {'gradient_accumulation_steps': 1, 'memory_cleanup_frequency': 10, 'auto_batch_size_reduction': True, 'memory_threshold': 0.9}, AMP dtype: default
2025-11-15 17:25:12,450 - INFO - 设置数据模块...
2025-11-15 17:25:12,450 - INFO - 使用训练批次大小: 256
2025-11-15 17:25:12,450 - INFO - 使用验证批次大小: 256
2025-11-15 17:25:12,450 - INFO - 使用测试批次大小: 1
2025-11-15 17:25:12,564 - INFO - 使用传统AR模型架构
2025-11-15 17:25:12,564 - INFO - 🏗️ 设置模型...
2025-11-15 17:25:12,565 - INFO - 使用模型架构: swin_unet
2025-11-15 17:25:12,565 - INFO - 可用模型: ['attentionbranch', 'basemodel', 'causalconv1d', 'convblock', 'decoderblock', 'doubleconv', 'down', 'fno', 'fno2d', 'fnobranch', 'fnomodel', 'hybrid', 'hybridmodel', 'liif', 'liifmodel', 'mixermodel', 'mlpdecoder', 'mlpmixer', 'mlpmodel', 'outconv', 'patchembedding', 'segformer', 'segformerunetformer', 'simplecnnencoder', 'simpleencoder', 'sparseattentionencoder', 'sparseswinunet', 'spatialfeatureextractor', 'spectralconv2d', 'swin_unet', 'swint', 'swintemporalwrapper', 'swintransformertiny', 'swinunet', 'temporalconv1d', 'transformer', 'ufnomodel', 'ufnounet', 'unet', 'unetbranch', 'unetformer', 'unetmodel', 'unetplusplus', 'up', 'visiontransformer', 'vit']
2025-11-15 17:25:12,565 - WARNING - ⚠️ 调整window_size: 8→4 以匹配阶段分辨率 [32, 16, 8, 4]
2025-11-15 17:25:13,009 - INFO - Successfully created model SwinUNet with parameters: ['in_channels', 'out_channels', 'img_size', 'embed_dim', 'depths', 'num_heads', 'window_size', 'patch_size', 'mlp_ratio', 'qkv_bias', 'drop_rate', 'drop_path_rate', 'attn_drop_rate', 'use_checkpoint', 'use_sdpa', 'sdpa_kernel']
2025-11-15 17:25:13,009 - INFO - ✅ 成功使用增强加载器创建基础模型: SwinUNet
2025-11-15 17:25:13,694 - INFO - Successfully created model SwinUNet with parameters: ['in_channels', 'out_channels', 'img_size', 'embed_dim', 'depths', 'num_heads', 'window_size', 'patch_size', 'mlp_ratio', 'qkv_bias', 'drop_rate', 'drop_path_rate', 'attn_drop_rate', 'use_checkpoint', 'use_sdpa', 'sdpa_kernel']
2025-11-15 17:25:13,855 - INFO - Model SwinUNet forward test successful: torch.Size([1, 4, 128, 128]) → torch.Size([1, 1, 128, 128])
2025-11-15 17:25:13,855 - INFO - ✅ 模型前向传播测试通过
2025-11-15 17:25:13,878 - INFO - 🧩 BaseModel=SwinUNet, Wrapper=ARWrapper, Device=cuda
2025-11-15 17:25:13,878 - INFO - 🔧 注意力: use_sdpa/flash=False, sdpa_kernel=auto, TF32=False
2025-11-15 17:25:13,878 - INFO - 🧪 AMP autocast dtype: default
2025-11-15 17:25:13,879 - INFO - ✅ 模型参数量: 55,677,013 (可训练: 55,677,013)
2025-11-15 17:25:14,171 - INFO - 📊 资源: FLOPs=0.158G@128², 延迟=11.54±0.69ms
2025-11-15 17:25:14,172 - INFO - ✅ 已提取归一化统计用于损失：提供 'mean/std' 通道级统计
2025-11-15 17:25:14,172 - INFO - ⚙️ 设置优化器...
2025-11-15 17:25:14,172 - WARNING - ⚠️ 未找到 training.optimizer，使用默认AdamW配置回退
2025-11-15 17:25:14,174 - INFO - ✅ 优化器: AdamW (fused=False, foreach=False, eps=1e-08, amsgrad=False)
2025-11-15 17:25:14,174 - WARNING - ⚠️ 未找到 training.scheduler，使用默认CosineAnnealingLR回退
2025-11-15 17:25:14,174 - INFO - ✅ 调度器: CosineAnnealingLR (T_max=50, eta_min=1e-06)
2025-11-15 17:25:14,174 - INFO - ✅ AMP: dtype=bf16, GradScaler=off, device=cuda
2025-11-15 17:25:14,174 - INFO - ✅ 学习率: 0.001
2025-11-15 17:25:14,190 - INFO - 输出目录: paper_package/multi_model_scan_real_data/swin_unet_s456/AR-DR2D-swin_unet-s456_20251115_172514
2025-11-15 17:25:14,194 - INFO - 📝 已保存配置快照: paper_package/multi_model_scan_real_data/swin_unet_s456/AR-DR2D-swin_unet-s456_20251115_172514/config_merged.yaml
2025-11-15 17:25:14,194 - INFO - 设备选择: raw='cuda', normalized='cuda', final='cuda'
2025-11-15 17:25:14,194 - INFO - CPU线程设置: torch=0, interop=0, MKL=0, OMP=0, numexpr=0, openblas=0
2025-11-15 17:25:14,194 - INFO - 使用单GPU训练: cuda
2025-11-15 17:25:14,195 - INFO - 内存管理配置: {'gradient_accumulation_steps': 1, 'memory_cleanup_frequency': 10, 'auto_batch_size_reduction': True, 'memory_threshold': 0.9}, AMP dtype: default
2025-11-15 17:25:14,195 - INFO - 设置数据模块...
2025-11-15 17:25:14,196 - INFO - 使用训练批次大小: 256
2025-11-15 17:25:14,196 - INFO - 使用验证批次大小: 256
2025-11-15 17:25:14,196 - INFO - 使用测试批次大小: 1
2025-11-15 17:25:14,315 - INFO - 使用传统AR模型架构
2025-11-15 17:25:14,315 - INFO - 🏗️ 设置模型...
2025-11-15 17:25:14,315 - INFO - 使用模型架构: swin_unet
2025-11-15 17:25:14,315 - INFO - 可用模型: ['attentionbranch', 'basemodel', 'causalconv1d', 'convblock', 'decoderblock', 'doubleconv', 'down', 'fno', 'fno2d', 'fnobranch', 'fnomodel', 'hybrid', 'hybridmodel', 'liif', 'liifmodel', 'mixermodel', 'mlpdecoder', 'mlpmixer', 'mlpmodel', 'outconv', 'patchembedding', 'segformer', 'segformerunetformer', 'simplecnnencoder', 'simpleencoder', 'sparseattentionencoder', 'sparseswinunet', 'spatialfeatureextractor', 'spectralconv2d', 'swin_unet', 'swint', 'swintemporalwrapper', 'swintransformertiny', 'swinunet', 'temporalconv1d', 'transformer', 'ufnomodel', 'ufnounet', 'unet', 'unetbranch', 'unetformer', 'unetmodel', 'unetplusplus', 'up', 'visiontransformer', 'vit']
2025-11-15 17:25:14,315 - WARNING - ⚠️ 调整window_size: 8→4 以匹配阶段分辨率 [32, 16, 8, 4]
2025-11-15 17:25:14,965 - INFO - Successfully created model SwinUNet with parameters: ['in_channels', 'out_channels', 'img_size', 'embed_dim', 'depths', 'num_heads', 'window_size', 'patch_size', 'mlp_ratio', 'qkv_bias', 'drop_rate', 'drop_path_rate', 'attn_drop_rate', 'use_checkpoint', 'use_sdpa', 'sdpa_kernel']
2025-11-15 17:25:14,966 - INFO - ✅ 成功使用增强加载器创建基础模型: SwinUNet
2025-11-15 17:25:15,487 - INFO - Successfully created model SwinUNet with parameters: ['in_channels', 'out_channels', 'img_size', 'embed_dim', 'depths', 'num_heads', 'window_size', 'patch_size', 'mlp_ratio', 'qkv_bias', 'drop_rate', 'drop_path_rate', 'attn_drop_rate', 'use_checkpoint', 'use_sdpa', 'sdpa_kernel']
2025-11-15 17:25:15,572 - INFO - Model SwinUNet forward test successful: torch.Size([1, 4, 128, 128]) → torch.Size([1, 1, 128, 128])
2025-11-15 17:25:15,572 - INFO - ✅ 模型前向传播测试通过
2025-11-15 17:25:15,593 - INFO - 🧩 BaseModel=SwinUNet, Wrapper=ARWrapper, Device=cuda
2025-11-15 17:25:15,594 - INFO - 🔧 注意力: use_sdpa/flash=False, sdpa_kernel=auto, TF32=False
2025-11-15 17:25:15,594 - INFO - 🧪 AMP autocast dtype: default
2025-11-15 17:25:15,595 - INFO - ✅ 模型参数量: 55,677,013 (可训练: 55,677,013)
2025-11-15 17:25:15,882 - INFO - 📊 资源: FLOPs=0.158G@128², 延迟=11.33±0.03ms
2025-11-15 17:25:15,883 - INFO - ✅ 已提取归一化统计用于损失：提供 'mean/std' 通道级统计
2025-11-15 17:25:15,883 - INFO - ⚙️ 设置优化器...
2025-11-15 17:25:15,884 - WARNING - ⚠️ 未找到 training.optimizer，使用默认AdamW配置回退
2025-11-15 17:25:15,885 - INFO - ✅ 优化器: AdamW (fused=False, foreach=False, eps=1e-08, amsgrad=False)
2025-11-15 17:25:15,885 - WARNING - ⚠️ 未找到 training.scheduler，使用默认CosineAnnealingLR回退
2025-11-15 17:25:15,886 - INFO - ✅ 调度器: CosineAnnealingLR (T_max=50, eta_min=1e-06)
2025-11-15 17:25:15,886 - INFO - ✅ AMP: dtype=bf16, GradScaler=off, device=cuda
2025-11-15 17:25:15,886 - INFO - ✅ 学习率: 0.001
Traceback (most recent call last):
  File "/share/fandixiaLab/suguangsheng/PycharmProjects/Sparse2Full/tools/training/train_real_data_ar.py", line 4341, in <module>
    main()
  File "/share/fandixiaLab/suguangsheng/PycharmProjects/Sparse2Full/tools/training/train_real_data_ar.py", line 4244, in main
    trainer.train()
  File "/share/fandixiaLab/suguangsheng/PycharmProjects/Sparse2Full/tools/training/train_real_data_ar.py", line 4078, in train
    final_test_metrics = self.test_epoch()
                         ^^^^^^^^^^^^^^^^^
  File "/share/fandixiaLab/suguangsheng/PycharmProjects/Sparse2Full/tools/training/train_real_data_ar.py", line 2936, in test_epoch
    pred_seq = self.model.autoregressive_predict(input_seq, test_T_out, teacher=None, train_mode=False)
               ^^^^^^^^^^^^^^^^^^^^^^^^^^^^^^^^^^^^^^^^^^^^^^^^^^^^^^^^^^^^^^^^^^^^^^^^^^^^^^^^^^^^^^^^
  File "/share/fandixiaLab/suguangsheng/PycharmProjects/Sparse2Full/models/ar/wrapper.py", line 251, in autoregressive_predict
    return external_predict(
           ^^^^^^^^^^^^^^^^^
  File "/share/fandixiaLab/suguangsheng/PycharmProjects/Sparse2Full/models/ar/temporal_utils.py", line 58, in autoregressive_predict
    y_current = model(x_current)  # [B, C, H, W]
                ^^^^^^^^^^^^^^^^
  File "/share/fandixiaLab/suguangsheng/anaconda3/lib/python3.12/site-packages/torch/nn/modules/module.py", line 1751, in _wrapped_call_impl
    return self._call_impl(*args, **kwargs)
           ^^^^^^^^^^^^^^^^^^^^^^^^^^^^^^^^
  File "/share/fandixiaLab/suguangsheng/anaconda3/lib/python3.12/site-packages/torch/nn/modules/module.py", line 1762, in _call_impl
    return forward_call(*args, **kwargs)
           ^^^^^^^^^^^^^^^^^^^^^^^^^^^^^
  File "/share/fandixiaLab/suguangsheng/PycharmProjects/Sparse2Full/models/ar/wrapper.py", line 199, in forward
    return self.m(x_in)
           ^^^^^^^^^^^^
  File "/share/fandixiaLab/suguangsheng/anaconda3/lib/python3.12/site-packages/torch/nn/modules/module.py", line 1751, in _wrapped_call_impl
    return self._call_impl(*args, **kwargs)
           ^^^^^^^^^^^^^^^^^^^^^^^^^^^^^^^^
  File "/share/fandixiaLab/suguangsheng/anaconda3/lib/python3.12/site-packages/torch/nn/modules/module.py", line 1762, in _call_impl
    return forward_call(*args, **kwargs)
           ^^^^^^^^^^^^^^^^^^^^^^^^^^^^^
  File "/share/fandixiaLab/suguangsheng/PycharmProjects/Sparse2Full/models/swin_unet.py", line 1057, in forward
    x = self.patch_embed(x)  # [B, N, embed_dim]
        ^^^^^^^^^^^^^^^^^^^
  File "/share/fandixiaLab/suguangsheng/anaconda3/lib/python3.12/site-packages/torch/nn/modules/module.py", line 1751, in _wrapped_call_impl
    return self._call_impl(*args, **kwargs)
           ^^^^^^^^^^^^^^^^^^^^^^^^^^^^^^^^
  File "/share/fandixiaLab/suguangsheng/anaconda3/lib/python3.12/site-packages/torch/nn/modules/module.py", line 1762, in _call_impl
    return forward_call(*args, **kwargs)
           ^^^^^^^^^^^^^^^^^^^^^^^^^^^^^
  File "/share/fandixiaLab/suguangsheng/PycharmProjects/Sparse2Full/models/swin_unet.py", line 575, in forward
    x = self.proj(x).flatten(2).transpose(1, 2)  # B Ph*Pw C
        ^^^^^^^^^^^^
  File "/share/fandixiaLab/suguangsheng/anaconda3/lib/python3.12/site-packages/torch/nn/modules/module.py", line 1751, in _wrapped_call_impl
    return self._call_impl(*args, **kwargs)
           ^^^^^^^^^^^^^^^^^^^^^^^^^^^^^^^^
  File "/share/fandixiaLab/suguangsheng/anaconda3/lib/python3.12/site-packages/torch/nn/modules/module.py", line 1762, in _call_impl
    return forward_call(*args, **kwargs)
           ^^^^^^^^^^^^^^^^^^^^^^^^^^^^^
  File "/share/fandixiaLab/suguangsheng/anaconda3/lib/python3.12/site-packages/torch/nn/modules/conv.py", line 554, in forward
    return self._conv_forward(input, self.weight, self.bias)
           ^^^^^^^^^^^^^^^^^^^^^^^^^^^^^^^^^^^^^^^^^^^^^^^^^
  File "/share/fandixiaLab/suguangsheng/anaconda3/lib/python3.12/site-packages/torch/nn/modules/conv.py", line 549, in _conv_forward
    return F.conv2d(
           ^^^^^^^^^
RuntimeError: Given groups=1, weight of size [96, 4, 4, 4], expected input[1, 2, 128, 128] to have 4 channels, but got 2 channels instead

2025-11-15 17:25:22,648 - MultiModelScan - INFO - 
实验进度: [4/21] 模型: unet, 种子: 42
2025-11-15 17:25:22,648 - MultiModelScan - INFO - 开始实验: unet_s42
2025-11-15 17:25:33,538 - MultiModelScan - ERROR - ❌ 实验 unet_s42 失败 (用时: 10.9s)
2025-11-15 17:25:33,539 - MultiModelScan - ERROR - 错误信息: 2025-11-15 17:25:29,485 - INFO - 输出目录: paper_package/multi_model_scan_real_data/unet_s42/AR-DR2D-unet-s42_20251115_172529
2025-11-15 17:25:29,489 - INFO - 📝 已保存配置快照: paper_package/multi_model_scan_real_data/unet_s42/AR-DR2D-unet-s42_20251115_172529/config_merged.yaml
2025-11-15 17:25:29,491 - INFO - 设备选择: raw='cuda', normalized='cuda', final='cuda'
2025-11-15 17:25:29,491 - INFO - CPU线程设置: torch=0, interop=0, MKL=0, OMP=0, numexpr=0, openblas=0
2025-11-15 17:25:29,491 - INFO - 使用单GPU训练: cuda
2025-11-15 17:25:29,492 - INFO - 内存管理配置: {'gradient_accumulation_steps': 1, 'memory_cleanup_frequency': 10, 'auto_batch_size_reduction': True, 'memory_threshold': 0.9}, AMP dtype: default
2025-11-15 17:25:29,492 - INFO - 设置数据模块...
2025-11-15 17:25:29,492 - INFO - 使用训练批次大小: 256
2025-11-15 17:25:29,492 - INFO - 使用验证批次大小: 256
2025-11-15 17:25:29,492 - INFO - 使用测试批次大小: 1
2025-11-15 17:25:29,617 - INFO - 使用传统AR模型架构
2025-11-15 17:25:29,617 - INFO - 🏗️ 设置模型...
2025-11-15 17:25:29,617 - INFO - 使用模型架构: unet
2025-11-15 17:25:29,618 - INFO - 扫描模型目录: /share/fandixiaLab/suguangsheng/PycharmProjects/Sparse2Full/models
2025-11-15 17:25:29,637 - INFO - 已加载外部模型工厂函数
2025-11-15 17:25:29,637 - INFO - 扫描完成，发现 44 个模型类
2025-11-15 17:25:29,637 - INFO -   - sparseattentionencoder: SparseAttentionEncoder
2025-11-15 17:25:29,637 - INFO -   - sparseswinunet: SparseSwinUNet
2025-11-15 17:25:29,637 - INFO -   - basemodel: BaseModel
2025-11-15 17:25:29,637 - INFO -   - decoderblock: DecoderBlock
2025-11-15 17:25:29,637 - INFO -   - swinunet: SwinUNet
2025-11-15 17:25:29,637 - INFO -   - swintemporalwrapper: SwinTemporalWrapper
2025-11-15 17:25:29,637 - INFO -   - patchembedding: PatchEmbedding
2025-11-15 17:25:29,637 - INFO -   - vit: VisionTransformer
2025-11-15 17:25:29,637 - INFO -   - visiontransformer: VisionTransformer
2025-11-15 17:25:29,637 - INFO -   - hybridmodel: HybridModel
2025-11-15 17:25:29,637 - INFO -   - segformer: SegFormerUNetFormer
2025-11-15 17:25:29,637 - INFO -   - convblock: ConvBlock
2025-11-15 17:25:29,637 - INFO -   - unetformer: SegFormerUNetFormer
2025-11-15 17:25:29,637 - INFO -   - doubleconv: DoubleConv
2025-11-15 17:25:29,637 - INFO -   - down: Down
2025-11-15 17:25:29,637 - INFO -   - outconv: OutConv
2025-11-15 17:25:29,637 - INFO -   - unet: UNet
2025-11-15 17:25:29,637 - INFO -   - unetmodel: UNet
2025-11-15 17:25:29,637 - INFO -   - up: Up
2025-11-15 17:25:29,637 - INFO -   - unetplusplus: UNetPlusPlus
2025-11-15 17:25:29,637 - INFO -   - liif: LIIFModel
2025-11-15 17:25:29,637 - INFO -   - liifmodel: LIIFModel
2025-11-15 17:25:29,637 - INFO -   - simpleencoder: SimpleEncoder
2025-11-15 17:25:29,637 - INFO -   - attentionbranch: AttentionBranch
2025-11-15 17:25:29,637 - INFO -   - fnobranch: FNOBranch
2025-11-15 17:25:29,637 - INFO -   - unetbranch: UNetBranch
2025-11-15 17:25:29,637 - INFO -   - spatialfeatureextractor: SpatialFeatureExtractor
2025-11-15 17:25:29,638 - INFO -   - transformer: Transformer
2025-11-15 17:25:29,638 - INFO -   - fno: FNO2d
2025-11-15 17:25:29,638 - INFO -   - fno2d: FNO2d
2025-11-15 17:25:29,638 - INFO -   - spectralconv2d: SpectralConv2d
2025-11-15 17:25:29,638 - INFO -   - ufnomodel: UFNOUNet
2025-11-15 17:25:29,638 - INFO -   - ufnounet: UFNOUNet
2025-11-15 17:25:29,638 - INFO -   - fnomodel: FNO2d
2025-11-15 17:25:29,638 - INFO -   - mlpmodel: MLPModel
2025-11-15 17:25:29,638 - INFO -   - mlpdecoder: MLPDecoder
2025-11-15 17:25:29,638 - INFO -   - segformerunetformer: SegFormerUNetFormer
2025-11-15 17:25:29,638 - INFO -   - causalconv1d: CausalConv1D
2025-11-15 17:25:29,638 - INFO -   - temporalconv1d: TemporalConv1D
2025-11-15 17:25:29,638 - INFO -   - mlpmixer: MLPMixer
2025-11-15 17:25:29,638 - INFO -   - mixermodel: MLPMixer
2025-11-15 17:25:29,638 - INFO -   - swint: SwinTransformerTiny
2025-11-15 17:25:29,638 - INFO -   - swintransformertiny: SwinTransformerTiny
2025-11-15 17:25:29,638 - INFO -   - simplecnnencoder: SimpleCNNEncoder
2025-11-15 17:25:29,638 - INFO - 可用模型: ['attentionbranch', 'basemodel', 'causalconv1d', 'convblock', 'decoderblock', 'doubleconv', 'down', 'fno', 'fno2d', 'fnobranch', 'fnomodel', 'hybrid', 'hybridmodel', 'liif', 'liifmodel', 'mixermodel', 'mlpdecoder', 'mlpmixer', 'mlpmodel', 'outconv', 'patchembedding', 'segformer', 'segformerunetformer', 'simplecnnencoder', 'simpleencoder', 'sparseattentionencoder', 'sparseswinunet', 'spatialfeatureextractor', 'spectralconv2d', 'swin_unet', 'swint', 'swintemporalwrapper', 'swintransformertiny', 'swinunet', 'temporalconv1d', 'transformer', 'ufnomodel', 'ufnounet', 'unet', 'unetbranch', 'unetformer', 'unetmodel', 'unetplusplus', 'up', 'visiontransformer', 'vit']
2025-11-15 17:25:29,770 - INFO - Successfully created model UNet with parameters: ['in_channels', 'out_channels', 'img_size', 'features', 'bilinear']
2025-11-15 17:25:29,770 - INFO - ✅ 成功使用增强加载器创建基础模型: UNet
2025-11-15 17:25:29,894 - INFO - Successfully created model UNet with parameters: ['in_channels', 'out_channels', 'img_size', 'features', 'bilinear']
2025-11-15 17:25:30,246 - INFO - Model UNet forward test successful: torch.Size([1, 4, 128, 128]) → torch.Size([1, 1, 128, 128])
2025-11-15 17:25:30,246 - INFO - ✅ 模型前向传播测试通过
2025-11-15 17:25:30,359 - INFO - 🧩 BaseModel=UNet, Wrapper=ARWrapper, Device=cuda
2025-11-15 17:25:30,359 - INFO - 🔧 注意力: use_sdpa/flash=False, sdpa_kernel=auto, TF32=False
2025-11-15 17:25:30,359 - INFO - 🧪 AMP autocast dtype: default
2025-11-15 17:25:30,360 - INFO - ✅ 模型参数量: 17,263,553 (可训练: 17,263,553)
2025-11-15 17:25:30,650 - INFO - 📊 资源: FLOPs=282.701G@128², 延迟=1.14±0.01ms
2025-11-15 17:25:30,651 - INFO - ✅ 已提取归一化统计用于损失：提供 'mean/std' 通道级统计
2025-11-15 17:25:30,651 - INFO - ⚙️ 设置优化器...
2025-11-15 17:25:30,652 - WARNING - ⚠️ 未找到 training.optimizer，使用默认AdamW配置回退
2025-11-15 17:25:30,653 - INFO - ✅ 优化器: AdamW (fused=False, foreach=False, eps=1e-08, amsgrad=False)
2025-11-15 17:25:30,653 - WARNING - ⚠️ 未找到 training.scheduler，使用默认CosineAnnealingLR回退
2025-11-15 17:25:30,654 - INFO - ✅ 调度器: CosineAnnealingLR (T_max=50, eta_min=1e-06)
2025-11-15 17:25:30,654 - INFO - ✅ AMP: dtype=bf16, GradScaler=off, device=cuda
2025-11-15 17:25:30,654 - INFO - ✅ 学习率: 0.001
2025-11-15 17:25:30,654 - INFO - 🚀 Starting training...
2025-11-15 17:25:30,654 - INFO - 🕒 当前训练模式：自回归（启用时间预测）

Epoch 1:   0%|          | 0/273 [00:00<?, ?it/s]
Epoch 1:   0%|          | 0/273 [00:00<?, ?it/s]
2025-11-15 17:25:30,833 - ERROR - ❌ 训练过程中出现错误: Given groups=1, weight of size [64, 4, 3, 3], expected input[256, 2, 128, 128] to have 4 channels, but got 2 channels instead
Traceback (most recent call last):
  File "/share/fandixiaLab/suguangsheng/PycharmProjects/Sparse2Full/tools/training/train_real_data_ar.py", line 3877, in train
    train_loss = self.train_epoch(epoch)
                 ^^^^^^^^^^^^^^^^^^^^^^^
  File "/share/fandixiaLab/suguangsheng/PycharmProjects/Sparse2Full/tools/training/train_real_data_ar.py", line 2740, in train_epoch
    raise e
  File "/share/fandixiaLab/suguangsheng/PycharmProjects/Sparse2Full/tools/training/train_real_data_ar.py", line 2650, in train_epoch
    pred_seq = self.model(input_seq, current_T_out, target_seq)
               ^^^^^^^^^^^^^^^^^^^^^^^^^^^^^^^^^^^^^^^^^^^^^^^^
  File "/share/fandixiaLab/suguangsheng/anaconda3/lib/python3.12/site-packages/torch/nn/modules/module.py", line 1751, in _wrapped_call_impl
    return self._call_impl(*args, **kwargs)
           ^^^^^^^^^^^^^^^^^^^^^^^^^^^^^^^^
  File "/share/fandixiaLab/suguangsheng/anaconda3/lib/python3.12/site-packages/torch/nn/modules/module.py", line 1762, in _call_impl
    return forward_call(*args, **kwargs)
           ^^^^^^^^^^^^^^^^^^^^^^^^^^^^^
  File "/share/fandixiaLab/suguangsheng/PycharmProjects/Sparse2Full/models/ar/wrapper.py", line 214, in forward
    return self.autoregressive_predict(
           ^^^^^^^^^^^^^^^^^^^^^^^^^^^^
  File "/share/fandixiaLab/suguangsheng/PycharmProjects/Sparse2Full/models/ar/wrapper.py", line 251, in autoregressive_predict
    return external_predict(
           ^^^^^^^^^^^^^^^^^
  File "/share/fandixiaLab/suguangsheng/PycharmProjects/Sparse2Full/models/ar/temporal_utils.py", line 68, in autoregressive_predict
    y_current = model(x_current)  # [B, C, H, W]
                ^^^^^^^^^^^^^^^^
  File "/share/fandixiaLab/suguangsheng/anaconda3/lib/python3.12/site-packages/torch/nn/modules/module.py", line 1751, in _wrapped_call_impl
    return self._call_impl(*args, **kwargs)
           ^^^^^^^^^^^^^^^^^^^^^^^^^^^^^^^^
  File "/share/fandixiaLab/suguangsheng/anaconda3/lib/python3.12/site-packages/torch/nn/modules/module.py", line 1762, in _call_impl
    return forward_call(*args, **kwargs)
           ^^^^^^^^^^^^^^^^^^^^^^^^^^^^^
  File "/share/fandixiaLab/suguangsheng/PycharmProjects/Sparse2Full/models/ar/wrapper.py", line 199, in forward
    return self.m(x_in)
           ^^^^^^^^^^^^
  File "/share/fandixiaLab/suguangsheng/anaconda3/lib/python3.12/site-packages/torch/nn/modules/module.py", line 1751, in _wrapped_call_impl
    return self._call_impl(*args, **kwargs)
           ^^^^^^^^^^^^^^^^^^^^^^^^^^^^^^^^
  File "/share/fandixiaLab/suguangsheng/anaconda3/lib/python3.12/site-packages/torch/nn/modules/module.py", line 1762, in _call_impl
    return forward_call(*args, **kwargs)
           ^^^^^^^^^^^^^^^^^^^^^^^^^^^^^
  File "/share/fandixiaLab/suguangsheng/PycharmProjects/Sparse2Full/models/unet.py", line 183, in forward
    x1 = self.inc(x)
         ^^^^^^^^^^^
  File "/share/fandixiaLab/suguangsheng/anaconda3/lib/python3.12/site-packages/torch/nn/modules/module.py", line 1751, in _wrapped_call_impl
    return self._call_impl(*args, **kwargs)
           ^^^^^^^^^^^^^^^^^^^^^^^^^^^^^^^^
  File "/share/fandixiaLab/suguangsheng/anaconda3/lib/python3.12/site-packages/torch/nn/modules/module.py", line 1762, in _call_impl
    return forward_call(*args, **kwargs)
           ^^^^^^^^^^^^^^^^^^^^^^^^^^^^^
  File "/share/fandixiaLab/suguangsheng/PycharmProjects/Sparse2Full/models/unet.py", line 32, in forward
    return self.double_conv(x)
           ^^^^^^^^^^^^^^^^^^^
  File "/share/fandixiaLab/suguangsheng/anaconda3/lib/python3.12/site-packages/torch/nn/modules/module.py", line 1751, in _wrapped_call_impl
    return self._call_impl(*args, **kwargs)
           ^^^^^^^^^^^^^^^^^^^^^^^^^^^^^^^^
  File "/share/fandixiaLab/suguangsheng/anaconda3/lib/python3.12/site-packages/torch/nn/modules/module.py", line 1762, in _call_impl
    return forward_call(*args, **kwargs)
           ^^^^^^^^^^^^^^^^^^^^^^^^^^^^^
  File "/share/fandixiaLab/suguangsheng/anaconda3/lib/python3.12/site-packages/torch/nn/modules/container.py", line 240, in forward
    input = module(input)
            ^^^^^^^^^^^^^
  File "/share/fandixiaLab/suguangsheng/anaconda3/lib/python3.12/site-packages/torch/nn/modules/module.py", line 1751, in _wrapped_call_impl
    return self._call_impl(*args, **kwargs)
           ^^^^^^^^^^^^^^^^^^^^^^^^^^^^^^^^
  File "/share/fandixiaLab/suguangsheng/anaconda3/lib/python3.12/site-packages/torch/nn/modules/module.py", line 1762, in _call_impl
    return forward_call(*args, **kwargs)
           ^^^^^^^^^^^^^^^^^^^^^^^^^^^^^
  File "/share/fandixiaLab/suguangsheng/anaconda3/lib/python3.12/site-packages/torch/nn/modules/conv.py", line 554, in forward
    return self._conv_forward(input, self.weight, self.bias)
           ^^^^^^^^^^^^^^^^^^^^^^^^^^^^^^^^^^^^^^^^^^^^^^^^^
  File "/share/fandixiaLab/suguangsheng/anaconda3/lib/python3.12/site-packages/torch/nn/modules/conv.py", line 549, in _conv_forward
    return F.conv2d(
           ^^^^^^^^^
RuntimeError: Given groups=1, weight of size [64, 4, 3, 3], expected input[256, 2, 128, 128] to have 4 channels, but got 2 channels instead
2025-11-15 17:25:30,836 - INFO - 🏁 Training finished, total time: 0.00 hours
2025-11-15 17:25:30,836 - INFO - ℹ️ Best checkpoint not found, using current model for final test evaluation
2025-11-15 17:25:30,836 - INFO - 🧪 开始测试集评估...

Testing:   0%|          | 0/15000 [00:00<?, ?it/s]
                                                  
2025-11-15 17:25:30,855 - INFO - 输出目录: paper_package/multi_model_scan_real_data/unet_s42/AR-DR2D-unet-s42_20251115_172530
2025-11-15 17:25:30,859 - INFO - 📝 已保存配置快照: paper_package/multi_model_scan_real_data/unet_s42/AR-DR2D-unet-s42_20251115_172530/config_merged.yaml
2025-11-15 17:25:30,859 - INFO - 设备选择: raw='cuda', normalized='cuda', final='cuda'
2025-11-15 17:25:30,860 - INFO - CPU线程设置: torch=0, interop=0, MKL=0, OMP=0, numexpr=0, openblas=0
2025-11-15 17:25:30,860 - INFO - 使用单GPU训练: cuda
2025-11-15 17:25:30,869 - INFO - 内存管理配置: {'gradient_accumulation_steps': 1, 'memory_cleanup_frequency': 10, 'auto_batch_size_reduction': True, 'memory_threshold': 0.9}, AMP dtype: default
2025-11-15 17:25:30,869 - INFO - 设置数据模块...
2025-11-15 17:25:30,869 - INFO - 使用训练批次大小: 256
2025-11-15 17:25:30,870 - INFO - 使用验证批次大小: 256
2025-11-15 17:25:30,870 - INFO - 使用测试批次大小: 1
2025-11-15 17:25:30,983 - INFO - 使用传统AR模型架构
2025-11-15 17:25:30,984 - INFO - 🏗️ 设置模型...
2025-11-15 17:25:30,984 - INFO - 使用模型架构: unet
2025-11-15 17:25:30,984 - INFO - 可用模型: ['attentionbranch', 'basemodel', 'causalconv1d', 'convblock', 'decoderblock', 'doubleconv', 'down', 'fno', 'fno2d', 'fnobranch', 'fnomodel', 'hybrid', 'hybridmodel', 'liif', 'liifmodel', 'mixermodel', 'mlpdecoder', 'mlpmixer', 'mlpmodel', 'outconv', 'patchembedding', 'segformer', 'segformerunetformer', 'simplecnnencoder', 'simpleencoder', 'sparseattentionencoder', 'sparseswinunet', 'spatialfeatureextractor', 'spectralconv2d', 'swin_unet', 'swint', 'swintemporalwrapper', 'swintransformertiny', 'swinunet', 'temporalconv1d', 'transformer', 'ufnomodel', 'ufnounet', 'unet', 'unetbranch', 'unetformer', 'unetmodel', 'unetplusplus', 'up', 'visiontransformer', 'vit']
2025-11-15 17:25:31,102 - INFO - Successfully created model UNet with parameters: ['in_channels', 'out_channels', 'img_size', 'features', 'bilinear']
2025-11-15 17:25:31,102 - INFO - ✅ 成功使用增强加载器创建基础模型: UNet
2025-11-15 17:25:31,224 - INFO - Successfully created model UNet with parameters: ['in_channels', 'out_channels', 'img_size', 'features', 'bilinear']
2025-11-15 17:25:31,259 - INFO - Model UNet forward test successful: torch.Size([1, 4, 128, 128]) → torch.Size([1, 1, 128, 128])
2025-11-15 17:25:31,260 - INFO - ✅ 模型前向传播测试通过
2025-11-15 17:25:31,272 - INFO - 🧩 BaseModel=UNet, Wrapper=ARWrapper, Device=cuda
2025-11-15 17:25:31,272 - INFO - 🔧 注意力: use_sdpa/flash=False, sdpa_kernel=auto, TF32=False
2025-11-15 17:25:31,272 - INFO - 🧪 AMP autocast dtype: default
2025-11-15 17:25:31,272 - INFO - ✅ 模型参数量: 17,263,553 (可训练: 17,263,553)
2025-11-15 17:25:31,304 - INFO - 📊 资源: FLOPs=282.701G@128², 延迟=1.15±0.01ms
2025-11-15 17:25:31,305 - INFO - ✅ 已提取归一化统计用于损失：提供 'mean/std' 通道级统计
2025-11-15 17:25:31,305 - INFO - ⚙️ 设置优化器...
2025-11-15 17:25:31,305 - WARNING - ⚠️ 未找到 training.optimizer，使用默认AdamW配置回退
2025-11-15 17:25:31,307 - INFO - ✅ 优化器: AdamW (fused=False, foreach=False, eps=1e-08, amsgrad=False)
2025-11-15 17:25:31,308 - WARNING - ⚠️ 未找到 training.scheduler，使用默认CosineAnnealingLR回退
2025-11-15 17:25:31,308 - INFO - ✅ 调度器: CosineAnnealingLR (T_max=50, eta_min=1e-06)
2025-11-15 17:25:31,308 - INFO - ✅ AMP: dtype=bf16, GradScaler=off, device=cuda
2025-11-15 17:25:31,308 - INFO - ✅ 学习率: 0.001
2025-11-15 17:25:31,315 - INFO - 输出目录: paper_package/multi_model_scan_real_data/unet_s42/AR-DR2D-unet-s42_20251115_172531
2025-11-15 17:25:31,319 - INFO - 📝 已保存配置快照: paper_package/multi_model_scan_real_data/unet_s42/AR-DR2D-unet-s42_20251115_172531/config_merged.yaml
2025-11-15 17:25:31,319 - INFO - 设备选择: raw='cuda', normalized='cuda', final='cuda'
2025-11-15 17:25:31,320 - INFO - CPU线程设置: torch=0, interop=0, MKL=0, OMP=0, numexpr=0, openblas=0
2025-11-15 17:25:31,320 - INFO - 使用单GPU训练: cuda
2025-11-15 17:25:31,321 - INFO - 内存管理配置: {'gradient_accumulation_steps': 1, 'memory_cleanup_frequency': 10, 'auto_batch_size_reduction': True, 'memory_threshold': 0.9}, AMP dtype: default
2025-11-15 17:25:31,322 - INFO - 设置数据模块...
2025-11-15 17:25:31,322 - INFO - 使用训练批次大小: 256
2025-11-15 17:25:31,322 - INFO - 使用验证批次大小: 256
2025-11-15 17:25:31,322 - INFO - 使用测试批次大小: 1
2025-11-15 17:25:31,437 - INFO - 使用传统AR模型架构
2025-11-15 17:25:31,437 - INFO - 🏗️ 设置模型...
2025-11-15 17:25:31,437 - INFO - 使用模型架构: unet
2025-11-15 17:25:31,437 - INFO - 可用模型: ['attentionbranch', 'basemodel', 'causalconv1d', 'convblock', 'decoderblock', 'doubleconv', 'down', 'fno', 'fno2d', 'fnobranch', 'fnomodel', 'hybrid', 'hybridmodel', 'liif', 'liifmodel', 'mixermodel', 'mlpdecoder', 'mlpmixer', 'mlpmodel', 'outconv', 'patchembedding', 'segformer', 'segformerunetformer', 'simplecnnencoder', 'simpleencoder', 'sparseattentionencoder', 'sparseswinunet', 'spatialfeatureextractor', 'spectralconv2d', 'swin_unet', 'swint', 'swintemporalwrapper', 'swintransformertiny', 'swinunet', 'temporalconv1d', 'transformer', 'ufnomodel', 'ufnounet', 'unet', 'unetbranch', 'unetformer', 'unetmodel', 'unetplusplus', 'up', 'visiontransformer', 'vit']
2025-11-15 17:25:31,556 - INFO - Successfully created model UNet with parameters: ['in_channels', 'out_channels', 'img_size', 'features', 'bilinear']
2025-11-15 17:25:31,557 - INFO - ✅ 成功使用增强加载器创建基础模型: UNet
2025-11-15 17:25:31,678 - INFO - Successfully created model UNet with parameters: ['in_channels', 'out_channels', 'img_size', 'features', 'bilinear']
2025-11-15 17:25:31,709 - INFO - Model UNet forward test successful: torch.Size([1, 4, 128, 128]) → torch.Size([1, 1, 128, 128])
2025-11-15 17:25:31,709 - INFO - ✅ 模型前向传播测试通过
2025-11-15 17:25:31,715 - INFO - 🧩 BaseModel=UNet, Wrapper=ARWrapper, Device=cuda
2025-11-15 17:25:31,716 - INFO - 🔧 注意力: use_sdpa/flash=False, sdpa_kernel=auto, TF32=False
2025-11-15 17:25:31,716 - INFO - 🧪 AMP autocast dtype: default
2025-11-15 17:25:31,716 - INFO - ✅ 模型参数量: 17,263,553 (可训练: 17,263,553)
2025-11-15 17:25:31,748 - INFO - 📊 资源: FLOPs=282.701G@128², 延迟=1.14±0.01ms
2025-11-15 17:25:31,749 - INFO - ✅ 已提取归一化统计用于损失：提供 'mean/std' 通道级统计
2025-11-15 17:25:31,749 - INFO - ⚙️ 设置优化器...
2025-11-15 17:25:31,749 - WARNING - ⚠️ 未找到 training.optimizer，使用默认AdamW配置回退
2025-11-15 17:25:31,750 - INFO - ✅ 优化器: AdamW (fused=False, foreach=False, eps=1e-08, amsgrad=False)
2025-11-15 17:25:31,750 - WARNING - ⚠️ 未找到 training.scheduler，使用默认CosineAnnealingLR回退
2025-11-15 17:25:31,750 - INFO - ✅ 调度器: CosineAnnealingLR (T_max=50, eta_min=1e-06)
2025-11-15 17:25:31,750 - INFO - ✅ AMP: dtype=bf16, GradScaler=off, device=cuda
2025-11-15 17:25:31,751 - INFO - ✅ 学习率: 0.001
Traceback (most recent call last):
  File "/share/fandixiaLab/suguangsheng/PycharmProjects/Sparse2Full/tools/training/train_real_data_ar.py", line 4341, in <module>
    main()
  File "/share/fandixiaLab/suguangsheng/PycharmProjects/Sparse2Full/tools/training/train_real_data_ar.py", line 4244, in main
    trainer.train()
  File "/share/fandixiaLab/suguangsheng/PycharmProjects/Sparse2Full/tools/training/train_real_data_ar.py", line 4078, in train
    final_test_metrics = self.test_epoch()
                         ^^^^^^^^^^^^^^^^^
  File "/share/fandixiaLab/suguangsheng/PycharmProjects/Sparse2Full/tools/training/train_real_data_ar.py", line 2936, in test_epoch
    pred_seq = self.model.autoregressive_predict(input_seq, test_T_out, teacher=None, train_mode=False)
               ^^^^^^^^^^^^^^^^^^^^^^^^^^^^^^^^^^^^^^^^^^^^^^^^^^^^^^^^^^^^^^^^^^^^^^^^^^^^^^^^^^^^^^^^
  File "/share/fandixiaLab/suguangsheng/PycharmProjects/Sparse2Full/models/ar/wrapper.py", line 251, in autoregressive_predict
    return external_predict(
           ^^^^^^^^^^^^^^^^^
  File "/share/fandixiaLab/suguangsheng/PycharmProjects/Sparse2Full/models/ar/temporal_utils.py", line 58, in autoregressive_predict
    y_current = model(x_current)  # [B, C, H, W]
                ^^^^^^^^^^^^^^^^
  File "/share/fandixiaLab/suguangsheng/anaconda3/lib/python3.12/site-packages/torch/nn/modules/module.py", line 1751, in _wrapped_call_impl
    return self._call_impl(*args, **kwargs)
           ^^^^^^^^^^^^^^^^^^^^^^^^^^^^^^^^
  File "/share/fandixiaLab/suguangsheng/anaconda3/lib/python3.12/site-packages/torch/nn/modules/module.py", line 1762, in _call_impl
    return forward_call(*args, **kwargs)
           ^^^^^^^^^^^^^^^^^^^^^^^^^^^^^
  File "/share/fandixiaLab/suguangsheng/PycharmProjects/Sparse2Full/models/ar/wrapper.py", line 199, in forward
    return self.m(x_in)
           ^^^^^^^^^^^^
  File "/share/fandixiaLab/suguangsheng/anaconda3/lib/python3.12/site-packages/torch/nn/modules/module.py", line 1751, in _wrapped_call_impl
    return self._call_impl(*args, **kwargs)
           ^^^^^^^^^^^^^^^^^^^^^^^^^^^^^^^^
  File "/share/fandixiaLab/suguangsheng/anaconda3/lib/python3.12/site-packages/torch/nn/modules/module.py", line 1762, in _call_impl
    return forward_call(*args, **kwargs)
           ^^^^^^^^^^^^^^^^^^^^^^^^^^^^^
  File "/share/fandixiaLab/suguangsheng/PycharmProjects/Sparse2Full/models/unet.py", line 183, in forward
    x1 = self.inc(x)
         ^^^^^^^^^^^
  File "/share/fandixiaLab/suguangsheng/anaconda3/lib/python3.12/site-packages/torch/nn/modules/module.py", line 1751, in _wrapped_call_impl
    return self._call_impl(*args, **kwargs)
           ^^^^^^^^^^^^^^^^^^^^^^^^^^^^^^^^
  File "/share/fandixiaLab/suguangsheng/anaconda3/lib/python3.12/site-packages/torch/nn/modules/module.py", line 1762, in _call_impl
    return forward_call(*args, **kwargs)
           ^^^^^^^^^^^^^^^^^^^^^^^^^^^^^
  File "/share/fandixiaLab/suguangsheng/PycharmProjects/Sparse2Full/models/unet.py", line 32, in forward
    return self.double_conv(x)
           ^^^^^^^^^^^^^^^^^^^
  File "/share/fandixiaLab/suguangsheng/anaconda3/lib/python3.12/site-packages/torch/nn/modules/module.py", line 1751, in _wrapped_call_impl
    return self._call_impl(*args, **kwargs)
           ^^^^^^^^^^^^^^^^^^^^^^^^^^^^^^^^
  File "/share/fandixiaLab/suguangsheng/anaconda3/lib/python3.12/site-packages/torch/nn/modules/module.py", line 1762, in _call_impl
    return forward_call(*args, **kwargs)
           ^^^^^^^^^^^^^^^^^^^^^^^^^^^^^
  File "/share/fandixiaLab/suguangsheng/anaconda3/lib/python3.12/site-packages/torch/nn/modules/container.py", line 240, in forward
    input = module(input)
            ^^^^^^^^^^^^^
  File "/share/fandixiaLab/suguangsheng/anaconda3/lib/python3.12/site-packages/torch/nn/modules/module.py", line 1751, in _wrapped_call_impl
    return self._call_impl(*args, **kwargs)
           ^^^^^^^^^^^^^^^^^^^^^^^^^^^^^^^^
  File "/share/fandixiaLab/suguangsheng/anaconda3/lib/python3.12/site-packages/torch/nn/modules/module.py", line 1762, in _call_impl
    return forward_call(*args, **kwargs)
           ^^^^^^^^^^^^^^^^^^^^^^^^^^^^^
  File "/share/fandixiaLab/suguangsheng/anaconda3/lib/python3.12/site-packages/torch/nn/modules/conv.py", line 554, in forward
    return self._conv_forward(input, self.weight, self.bias)
           ^^^^^^^^^^^^^^^^^^^^^^^^^^^^^^^^^^^^^^^^^^^^^^^^^
  File "/share/fandixiaLab/suguangsheng/anaconda3/lib/python3.12/site-packages/torch/nn/modules/conv.py", line 549, in _conv_forward
    return F.conv2d(
           ^^^^^^^^^
RuntimeError: Given groups=1, weight of size [64, 4, 3, 3], expected input[1, 2, 128, 128] to have 4 channels, but got 2 channels instead

2025-11-15 17:25:38,542 - MultiModelScan - INFO - 
实验进度: [5/21] 模型: unet, 种子: 123
2025-11-15 17:25:38,543 - MultiModelScan - INFO - 开始实验: unet_s123
2025-11-15 17:25:51,282 - MultiModelScan - ERROR - ❌ 实验 unet_s123 失败 (用时: 12.7s)
2025-11-15 17:25:51,282 - MultiModelScan - ERROR - 错误信息: 2025-11-15 17:25:46,521 - INFO - 输出目录: paper_package/multi_model_scan_real_data/unet_s123/AR-DR2D-unet-s123_20251115_172546
2025-11-15 17:25:46,525 - INFO - 📝 已保存配置快照: paper_package/multi_model_scan_real_data/unet_s123/AR-DR2D-unet-s123_20251115_172546/config_merged.yaml
2025-11-15 17:25:46,526 - INFO - 设备选择: raw='cuda', normalized='cuda', final='cuda'
2025-11-15 17:25:46,527 - INFO - CPU线程设置: torch=0, interop=0, MKL=0, OMP=0, numexpr=0, openblas=0
2025-11-15 17:25:46,527 - INFO - 使用单GPU训练: cuda
2025-11-15 17:25:46,527 - INFO - 内存管理配置: {'gradient_accumulation_steps': 1, 'memory_cleanup_frequency': 10, 'auto_batch_size_reduction': True, 'memory_threshold': 0.9}, AMP dtype: default
2025-11-15 17:25:46,527 - INFO - 设置数据模块...
2025-11-15 17:25:46,528 - INFO - 使用训练批次大小: 256
2025-11-15 17:25:46,528 - INFO - 使用验证批次大小: 256
2025-11-15 17:25:46,528 - INFO - 使用测试批次大小: 1
2025-11-15 17:25:46,652 - INFO - 使用传统AR模型架构
2025-11-15 17:25:46,652 - INFO - 🏗️ 设置模型...
2025-11-15 17:25:46,652 - INFO - 使用模型架构: unet
2025-11-15 17:25:46,652 - INFO - 扫描模型目录: /share/fandixiaLab/suguangsheng/PycharmProjects/Sparse2Full/models
2025-11-15 17:25:46,670 - INFO - 已加载外部模型工厂函数
2025-11-15 17:25:46,670 - INFO - 扫描完成，发现 44 个模型类
2025-11-15 17:25:46,670 - INFO -   - sparseattentionencoder: SparseAttentionEncoder
2025-11-15 17:25:46,670 - INFO -   - sparseswinunet: SparseSwinUNet
2025-11-15 17:25:46,670 - INFO -   - basemodel: BaseModel
2025-11-15 17:25:46,670 - INFO -   - decoderblock: DecoderBlock
2025-11-15 17:25:46,670 - INFO -   - swinunet: SwinUNet
2025-11-15 17:25:46,670 - INFO -   - swintemporalwrapper: SwinTemporalWrapper
2025-11-15 17:25:46,670 - INFO -   - patchembedding: PatchEmbedding
2025-11-15 17:25:46,670 - INFO -   - vit: VisionTransformer
2025-11-15 17:25:46,670 - INFO -   - visiontransformer: VisionTransformer
2025-11-15 17:25:46,670 - INFO -   - hybridmodel: HybridModel
2025-11-15 17:25:46,670 - INFO -   - segformer: SegFormerUNetFormer
2025-11-15 17:25:46,670 - INFO -   - convblock: ConvBlock
2025-11-15 17:25:46,670 - INFO -   - unetformer: SegFormerUNetFormer
2025-11-15 17:25:46,670 - INFO -   - doubleconv: DoubleConv
2025-11-15 17:25:46,670 - INFO -   - down: Down
2025-11-15 17:25:46,670 - INFO -   - outconv: OutConv
2025-11-15 17:25:46,670 - INFO -   - unet: UNet
2025-11-15 17:25:46,670 - INFO -   - unetmodel: UNet
2025-11-15 17:25:46,670 - INFO -   - up: Up
2025-11-15 17:25:46,670 - INFO -   - unetplusplus: UNetPlusPlus
2025-11-15 17:25:46,670 - INFO -   - liif: LIIFModel
2025-11-15 17:25:46,670 - INFO -   - liifmodel: LIIFModel
2025-11-15 17:25:46,670 - INFO -   - simpleencoder: SimpleEncoder
2025-11-15 17:25:46,670 - INFO -   - attentionbranch: AttentionBranch
2025-11-15 17:25:46,670 - INFO -   - fnobranch: FNOBranch
2025-11-15 17:25:46,670 - INFO -   - unetbranch: UNetBranch
2025-11-15 17:25:46,670 - INFO -   - spatialfeatureextractor: SpatialFeatureExtractor
2025-11-15 17:25:46,670 - INFO -   - transformer: Transformer
2025-11-15 17:25:46,670 - INFO -   - fno: FNO2d
2025-11-15 17:25:46,670 - INFO -   - fno2d: FNO2d
2025-11-15 17:25:46,670 - INFO -   - spectralconv2d: SpectralConv2d
2025-11-15 17:25:46,670 - INFO -   - ufnomodel: UFNOUNet
2025-11-15 17:25:46,670 - INFO -   - ufnounet: UFNOUNet
2025-11-15 17:25:46,671 - INFO -   - fnomodel: FNO2d
2025-11-15 17:25:46,671 - INFO -   - mlpmodel: MLPModel
2025-11-15 17:25:46,671 - INFO -   - mlpdecoder: MLPDecoder
2025-11-15 17:25:46,671 - INFO -   - segformerunetformer: SegFormerUNetFormer
2025-11-15 17:25:46,671 - INFO -   - causalconv1d: CausalConv1D
2025-11-15 17:25:46,671 - INFO -   - temporalconv1d: TemporalConv1D
2025-11-15 17:25:46,671 - INFO -   - mlpmixer: MLPMixer
2025-11-15 17:25:46,671 - INFO -   - mixermodel: MLPMixer
2025-11-15 17:25:46,671 - INFO -   - swint: SwinTransformerTiny
2025-11-15 17:25:46,671 - INFO -   - swintransformertiny: SwinTransformerTiny
2025-11-15 17:25:46,671 - INFO -   - simplecnnencoder: SimpleCNNEncoder
2025-11-15 17:25:46,671 - INFO - 可用模型: ['attentionbranch', 'basemodel', 'causalconv1d', 'convblock', 'decoderblock', 'doubleconv', 'down', 'fno', 'fno2d', 'fnobranch', 'fnomodel', 'hybrid', 'hybridmodel', 'liif', 'liifmodel', 'mixermodel', 'mlpdecoder', 'mlpmixer', 'mlpmodel', 'outconv', 'patchembedding', 'segformer', 'segformerunetformer', 'simplecnnencoder', 'simpleencoder', 'sparseattentionencoder', 'sparseswinunet', 'spatialfeatureextractor', 'spectralconv2d', 'swin_unet', 'swint', 'swintemporalwrapper', 'swintransformertiny', 'swinunet', 'temporalconv1d', 'transformer', 'ufnomodel', 'ufnounet', 'unet', 'unetbranch', 'unetformer', 'unetmodel', 'unetplusplus', 'up', 'visiontransformer', 'vit']
2025-11-15 17:25:46,803 - INFO - Successfully created model UNet with parameters: ['in_channels', 'out_channels', 'img_size', 'features', 'bilinear']
2025-11-15 17:25:46,803 - INFO - ✅ 成功使用增强加载器创建基础模型: UNet
2025-11-15 17:25:46,927 - INFO - Successfully created model UNet with parameters: ['in_channels', 'out_channels', 'img_size', 'features', 'bilinear']
2025-11-15 17:25:47,341 - INFO - Model UNet forward test successful: torch.Size([1, 4, 128, 128]) → torch.Size([1, 1, 128, 128])
2025-11-15 17:25:47,341 - INFO - ✅ 模型前向传播测试通过
2025-11-15 17:25:47,456 - INFO - 🧩 BaseModel=UNet, Wrapper=ARWrapper, Device=cuda
2025-11-15 17:25:47,457 - INFO - 🔧 注意力: use_sdpa/flash=False, sdpa_kernel=auto, TF32=False
2025-11-15 17:25:47,457 - INFO - 🧪 AMP autocast dtype: default
2025-11-15 17:25:47,457 - INFO - ✅ 模型参数量: 17,263,553 (可训练: 17,263,553)
2025-11-15 17:25:47,756 - INFO - 📊 资源: FLOPs=282.701G@128², 延迟=1.09±0.03ms
2025-11-15 17:25:47,757 - INFO - ✅ 已提取归一化统计用于损失：提供 'mean/std' 通道级统计
2025-11-15 17:25:47,757 - INFO - ⚙️ 设置优化器...
2025-11-15 17:25:47,757 - WARNING - ⚠️ 未找到 training.optimizer，使用默认AdamW配置回退
2025-11-15 17:25:47,759 - INFO - ✅ 优化器: AdamW (fused=False, foreach=False, eps=1e-08, amsgrad=False)
2025-11-15 17:25:47,759 - WARNING - ⚠️ 未找到 training.scheduler，使用默认CosineAnnealingLR回退
2025-11-15 17:25:47,760 - INFO - ✅ 调度器: CosineAnnealingLR (T_max=50, eta_min=1e-06)
2025-11-15 17:25:47,760 - INFO - ✅ AMP: dtype=bf16, GradScaler=off, device=cuda
2025-11-15 17:25:47,760 - INFO - ✅ 学习率: 0.001
2025-11-15 17:25:47,760 - INFO - 🚀 Starting training...
2025-11-15 17:25:47,760 - INFO - 🕒 当前训练模式：自回归（启用时间预测）

Epoch 1:   0%|          | 0/273 [00:00<?, ?it/s]
Epoch 1:   0%|          | 0/273 [00:00<?, ?it/s]
2025-11-15 17:25:47,937 - ERROR - ❌ 训练过程中出现错误: Given groups=1, weight of size [64, 4, 3, 3], expected input[256, 2, 128, 128] to have 4 channels, but got 2 channels instead
Traceback (most recent call last):
  File "/share/fandixiaLab/suguangsheng/PycharmProjects/Sparse2Full/tools/training/train_real_data_ar.py", line 3877, in train
    train_loss = self.train_epoch(epoch)
                 ^^^^^^^^^^^^^^^^^^^^^^^
  File "/share/fandixiaLab/suguangsheng/PycharmProjects/Sparse2Full/tools/training/train_real_data_ar.py", line 2740, in train_epoch
    raise e
  File "/share/fandixiaLab/suguangsheng/PycharmProjects/Sparse2Full/tools/training/train_real_data_ar.py", line 2650, in train_epoch
    pred_seq = self.model(input_seq, current_T_out, target_seq)
               ^^^^^^^^^^^^^^^^^^^^^^^^^^^^^^^^^^^^^^^^^^^^^^^^
  File "/share/fandixiaLab/suguangsheng/anaconda3/lib/python3.12/site-packages/torch/nn/modules/module.py", line 1751, in _wrapped_call_impl
    return self._call_impl(*args, **kwargs)
           ^^^^^^^^^^^^^^^^^^^^^^^^^^^^^^^^
  File "/share/fandixiaLab/suguangsheng/anaconda3/lib/python3.12/site-packages/torch/nn/modules/module.py", line 1762, in _call_impl
    return forward_call(*args, **kwargs)
           ^^^^^^^^^^^^^^^^^^^^^^^^^^^^^
  File "/share/fandixiaLab/suguangsheng/PycharmProjects/Sparse2Full/models/ar/wrapper.py", line 214, in forward
    return self.autoregressive_predict(
           ^^^^^^^^^^^^^^^^^^^^^^^^^^^^
  File "/share/fandixiaLab/suguangsheng/PycharmProjects/Sparse2Full/models/ar/wrapper.py", line 251, in autoregressive_predict
    return external_predict(
           ^^^^^^^^^^^^^^^^^
  File "/share/fandixiaLab/suguangsheng/PycharmProjects/Sparse2Full/models/ar/temporal_utils.py", line 68, in autoregressive_predict
    y_current = model(x_current)  # [B, C, H, W]
                ^^^^^^^^^^^^^^^^
  File "/share/fandixiaLab/suguangsheng/anaconda3/lib/python3.12/site-packages/torch/nn/modules/module.py", line 1751, in _wrapped_call_impl
    return self._call_impl(*args, **kwargs)
           ^^^^^^^^^^^^^^^^^^^^^^^^^^^^^^^^
  File "/share/fandixiaLab/suguangsheng/anaconda3/lib/python3.12/site-packages/torch/nn/modules/module.py", line 1762, in _call_impl
    return forward_call(*args, **kwargs)
           ^^^^^^^^^^^^^^^^^^^^^^^^^^^^^
  File "/share/fandixiaLab/suguangsheng/PycharmProjects/Sparse2Full/models/ar/wrapper.py", line 199, in forward
    return self.m(x_in)
           ^^^^^^^^^^^^
  File "/share/fandixiaLab/suguangsheng/anaconda3/lib/python3.12/site-packages/torch/nn/modules/module.py", line 1751, in _wrapped_call_impl
    return self._call_impl(*args, **kwargs)
           ^^^^^^^^^^^^^^^^^^^^^^^^^^^^^^^^
  File "/share/fandixiaLab/suguangsheng/anaconda3/lib/python3.12/site-packages/torch/nn/modules/module.py", line 1762, in _call_impl
    return forward_call(*args, **kwargs)
           ^^^^^^^^^^^^^^^^^^^^^^^^^^^^^
  File "/share/fandixiaLab/suguangsheng/PycharmProjects/Sparse2Full/models/unet.py", line 183, in forward
    x1 = self.inc(x)
         ^^^^^^^^^^^
  File "/share/fandixiaLab/suguangsheng/anaconda3/lib/python3.12/site-packages/torch/nn/modules/module.py", line 1751, in _wrapped_call_impl
    return self._call_impl(*args, **kwargs)
           ^^^^^^^^^^^^^^^^^^^^^^^^^^^^^^^^
  File "/share/fandixiaLab/suguangsheng/anaconda3/lib/python3.12/site-packages/torch/nn/modules/module.py", line 1762, in _call_impl
    return forward_call(*args, **kwargs)
           ^^^^^^^^^^^^^^^^^^^^^^^^^^^^^
  File "/share/fandixiaLab/suguangsheng/PycharmProjects/Sparse2Full/models/unet.py", line 32, in forward
    return self.double_conv(x)
           ^^^^^^^^^^^^^^^^^^^
  File "/share/fandixiaLab/suguangsheng/anaconda3/lib/python3.12/site-packages/torch/nn/modules/module.py", line 1751, in _wrapped_call_impl
    return self._call_impl(*args, **kwargs)
           ^^^^^^^^^^^^^^^^^^^^^^^^^^^^^^^^
  File "/share/fandixiaLab/suguangsheng/anaconda3/lib/python3.12/site-packages/torch/nn/modules/module.py", line 1762, in _call_impl
    return forward_call(*args, **kwargs)
           ^^^^^^^^^^^^^^^^^^^^^^^^^^^^^
  File "/share/fandixiaLab/suguangsheng/anaconda3/lib/python3.12/site-packages/torch/nn/modules/container.py", line 240, in forward
    input = module(input)
            ^^^^^^^^^^^^^
  File "/share/fandixiaLab/suguangsheng/anaconda3/lib/python3.12/site-packages/torch/nn/modules/module.py", line 1751, in _wrapped_call_impl
    return self._call_impl(*args, **kwargs)
           ^^^^^^^^^^^^^^^^^^^^^^^^^^^^^^^^
  File "/share/fandixiaLab/suguangsheng/anaconda3/lib/python3.12/site-packages/torch/nn/modules/module.py", line 1762, in _call_impl
    return forward_call(*args, **kwargs)
           ^^^^^^^^^^^^^^^^^^^^^^^^^^^^^
  File "/share/fandixiaLab/suguangsheng/anaconda3/lib/python3.12/site-packages/torch/nn/modules/conv.py", line 554, in forward
    return self._conv_forward(input, self.weight, self.bias)
           ^^^^^^^^^^^^^^^^^^^^^^^^^^^^^^^^^^^^^^^^^^^^^^^^^
  File "/share/fandixiaLab/suguangsheng/anaconda3/lib/python3.12/site-packages/torch/nn/modules/conv.py", line 549, in _conv_forward
    return F.conv2d(
           ^^^^^^^^^
RuntimeError: Given groups=1, weight of size [64, 4, 3, 3], expected input[256, 2, 128, 128] to have 4 channels, but got 2 channels instead
2025-11-15 17:25:47,939 - INFO - 🏁 Training finished, total time: 0.00 hours
2025-11-15 17:25:47,940 - INFO - ℹ️ Best checkpoint not found, using current model for final test evaluation
2025-11-15 17:25:47,940 - INFO - 🧪 开始测试集评估...

Testing:   0%|          | 0/15000 [00:00<?, ?it/s]
                                                  
2025-11-15 17:25:47,960 - INFO - 输出目录: paper_package/multi_model_scan_real_data/unet_s123/AR-DR2D-unet-s123_20251115_172547
2025-11-15 17:25:47,964 - INFO - 📝 已保存配置快照: paper_package/multi_model_scan_real_data/unet_s123/AR-DR2D-unet-s123_20251115_172547/config_merged.yaml
2025-11-15 17:25:47,964 - INFO - 设备选择: raw='cuda', normalized='cuda', final='cuda'
2025-11-15 17:25:47,965 - INFO - CPU线程设置: torch=0, interop=0, MKL=0, OMP=0, numexpr=0, openblas=0
2025-11-15 17:25:47,965 - INFO - 使用单GPU训练: cuda
2025-11-15 17:25:47,976 - INFO - 内存管理配置: {'gradient_accumulation_steps': 1, 'memory_cleanup_frequency': 10, 'auto_batch_size_reduction': True, 'memory_threshold': 0.9}, AMP dtype: default
2025-11-15 17:25:47,976 - INFO - 设置数据模块...
2025-11-15 17:25:47,976 - INFO - 使用训练批次大小: 256
2025-11-15 17:25:47,976 - INFO - 使用验证批次大小: 256
2025-11-15 17:25:47,976 - INFO - 使用测试批次大小: 1
2025-11-15 17:25:48,099 - INFO - 使用传统AR模型架构
2025-11-15 17:25:48,099 - INFO - 🏗️ 设置模型...
2025-11-15 17:25:48,100 - INFO - 使用模型架构: unet
2025-11-15 17:25:48,100 - INFO - 可用模型: ['attentionbranch', 'basemodel', 'causalconv1d', 'convblock', 'decoderblock', 'doubleconv', 'down', 'fno', 'fno2d', 'fnobranch', 'fnomodel', 'hybrid', 'hybridmodel', 'liif', 'liifmodel', 'mixermodel', 'mlpdecoder', 'mlpmixer', 'mlpmodel', 'outconv', 'patchembedding', 'segformer', 'segformerunetformer', 'simplecnnencoder', 'simpleencoder', 'sparseattentionencoder', 'sparseswinunet', 'spatialfeatureextractor', 'spectralconv2d', 'swin_unet', 'swint', 'swintemporalwrapper', 'swintransformertiny', 'swinunet', 'temporalconv1d', 'transformer', 'ufnomodel', 'ufnounet', 'unet', 'unetbranch', 'unetformer', 'unetmodel', 'unetplusplus', 'up', 'visiontransformer', 'vit']
2025-11-15 17:25:48,219 - INFO - Successfully created model UNet with parameters: ['in_channels', 'out_channels', 'img_size', 'features', 'bilinear']
2025-11-15 17:25:48,219 - INFO - ✅ 成功使用增强加载器创建基础模型: UNet
2025-11-15 17:25:48,343 - INFO - Successfully created model UNet with parameters: ['in_channels', 'out_channels', 'img_size', 'features', 'bilinear']
2025-11-15 17:25:48,458 - INFO - Model UNet forward test successful: torch.Size([1, 4, 128, 128]) → torch.Size([1, 1, 128, 128])
2025-11-15 17:25:48,458 - INFO - ✅ 模型前向传播测试通过
2025-11-15 17:25:48,472 - INFO - 🧩 BaseModel=UNet, Wrapper=ARWrapper, Device=cuda
2025-11-15 17:25:48,472 - INFO - 🔧 注意力: use_sdpa/flash=False, sdpa_kernel=auto, TF32=False
2025-11-15 17:25:48,472 - INFO - 🧪 AMP autocast dtype: default
2025-11-15 17:25:48,472 - INFO - ✅ 模型参数量: 17,263,553 (可训练: 17,263,553)
2025-11-15 17:25:48,503 - INFO - 📊 资源: FLOPs=282.701G@128², 延迟=1.08±0.01ms
2025-11-15 17:25:48,504 - INFO - ✅ 已提取归一化统计用于损失：提供 'mean/std' 通道级统计
2025-11-15 17:25:48,504 - INFO - ⚙️ 设置优化器...
2025-11-15 17:25:48,504 - WARNING - ⚠️ 未找到 training.optimizer，使用默认AdamW配置回退
2025-11-15 17:25:48,507 - INFO - ✅ 优化器: AdamW (fused=False, foreach=False, eps=1e-08, amsgrad=False)
2025-11-15 17:25:48,507 - WARNING - ⚠️ 未找到 training.scheduler，使用默认CosineAnnealingLR回退
2025-11-15 17:25:48,508 - INFO - ✅ 调度器: CosineAnnealingLR (T_max=50, eta_min=1e-06)
2025-11-15 17:25:48,508 - INFO - ✅ AMP: dtype=bf16, GradScaler=off, device=cuda
2025-11-15 17:25:48,508 - INFO - ✅ 学习率: 0.001
2025-11-15 17:25:48,516 - INFO - 输出目录: paper_package/multi_model_scan_real_data/unet_s123/AR-DR2D-unet-s123_20251115_172548
2025-11-15 17:25:48,520 - INFO - 📝 已保存配置快照: paper_package/multi_model_scan_real_data/unet_s123/AR-DR2D-unet-s123_20251115_172548/config_merged.yaml
2025-11-15 17:25:48,520 - INFO - 设备选择: raw='cuda', normalized='cuda', final='cuda'
2025-11-15 17:25:48,521 - INFO - CPU线程设置: torch=0, interop=0, MKL=0, OMP=0, numexpr=0, openblas=0
2025-11-15 17:25:48,521 - INFO - 使用单GPU训练: cuda
2025-11-15 17:25:48,523 - INFO - 内存管理配置: {'gradient_accumulation_steps': 1, 'memory_cleanup_frequency': 10, 'auto_batch_size_reduction': True, 'memory_threshold': 0.9}, AMP dtype: default
2025-11-15 17:25:48,523 - INFO - 设置数据模块...
2025-11-15 17:25:48,523 - INFO - 使用训练批次大小: 256
2025-11-15 17:25:48,523 - INFO - 使用验证批次大小: 256
2025-11-15 17:25:48,523 - INFO - 使用测试批次大小: 1
2025-11-15 17:25:48,640 - INFO - 使用传统AR模型架构
2025-11-15 17:25:48,640 - INFO - 🏗️ 设置模型...
2025-11-15 17:25:48,640 - INFO - 使用模型架构: unet
2025-11-15 17:25:48,640 - INFO - 可用模型: ['attentionbranch', 'basemodel', 'causalconv1d', 'convblock', 'decoderblock', 'doubleconv', 'down', 'fno', 'fno2d', 'fnobranch', 'fnomodel', 'hybrid', 'hybridmodel', 'liif', 'liifmodel', 'mixermodel', 'mlpdecoder', 'mlpmixer', 'mlpmodel', 'outconv', 'patchembedding', 'segformer', 'segformerunetformer', 'simplecnnencoder', 'simpleencoder', 'sparseattentionencoder', 'sparseswinunet', 'spatialfeatureextractor', 'spectralconv2d', 'swin_unet', 'swint', 'swintemporalwrapper', 'swintransformertiny', 'swinunet', 'temporalconv1d', 'transformer', 'ufnomodel', 'ufnounet', 'unet', 'unetbranch', 'unetformer', 'unetmodel', 'unetplusplus', 'up', 'visiontransformer', 'vit']
2025-11-15 17:25:48,758 - INFO - Successfully created model UNet with parameters: ['in_channels', 'out_channels', 'img_size', 'features', 'bilinear']
2025-11-15 17:25:48,759 - INFO - ✅ 成功使用增强加载器创建基础模型: UNet
2025-11-15 17:25:48,880 - INFO - Successfully created model UNet with parameters: ['in_channels', 'out_channels', 'img_size', 'features', 'bilinear']
2025-11-15 17:25:48,910 - INFO - Model UNet forward test successful: torch.Size([1, 4, 128, 128]) → torch.Size([1, 1, 128, 128])
2025-11-15 17:25:48,911 - INFO - ✅ 模型前向传播测试通过
2025-11-15 17:25:48,917 - INFO - 🧩 BaseModel=UNet, Wrapper=ARWrapper, Device=cuda
2025-11-15 17:25:48,918 - INFO - 🔧 注意力: use_sdpa/flash=False, sdpa_kernel=auto, TF32=False
2025-11-15 17:25:48,918 - INFO - 🧪 AMP autocast dtype: default
2025-11-15 17:25:48,918 - INFO - ✅ 模型参数量: 17,263,553 (可训练: 17,263,553)
2025-11-15 17:25:48,948 - INFO - 📊 资源: FLOPs=282.701G@128², 延迟=1.09±0.01ms
2025-11-15 17:25:48,949 - INFO - ✅ 已提取归一化统计用于损失：提供 'mean/std' 通道级统计
2025-11-15 17:25:48,949 - INFO - ⚙️ 设置优化器...
2025-11-15 17:25:48,949 - WARNING - ⚠️ 未找到 training.optimizer，使用默认AdamW配置回退
2025-11-15 17:25:48,950 - INFO - ✅ 优化器: AdamW (fused=False, foreach=False, eps=1e-08, amsgrad=False)
2025-11-15 17:25:48,951 - WARNING - ⚠️ 未找到 training.scheduler，使用默认CosineAnnealingLR回退
2025-11-15 17:25:48,951 - INFO - ✅ 调度器: CosineAnnealingLR (T_max=50, eta_min=1e-06)
2025-11-15 17:25:48,951 - INFO - ✅ AMP: dtype=bf16, GradScaler=off, device=cuda
2025-11-15 17:25:48,951 - INFO - ✅ 学习率: 0.001
Traceback (most recent call last):
  File "/share/fandixiaLab/suguangsheng/PycharmProjects/Sparse2Full/tools/training/train_real_data_ar.py", line 4341, in <module>
    main()
  File "/share/fandixiaLab/suguangsheng/PycharmProjects/Sparse2Full/tools/training/train_real_data_ar.py", line 4244, in main
    trainer.train()
  File "/share/fandixiaLab/suguangsheng/PycharmProjects/Sparse2Full/tools/training/train_real_data_ar.py", line 4078, in train
    final_test_metrics = self.test_epoch()
                         ^^^^^^^^^^^^^^^^^
  File "/share/fandixiaLab/suguangsheng/PycharmProjects/Sparse2Full/tools/training/train_real_data_ar.py", line 2936, in test_epoch
    pred_seq = self.model.autoregressive_predict(input_seq, test_T_out, teacher=None, train_mode=False)
               ^^^^^^^^^^^^^^^^^^^^^^^^^^^^^^^^^^^^^^^^^^^^^^^^^^^^^^^^^^^^^^^^^^^^^^^^^^^^^^^^^^^^^^^^
  File "/share/fandixiaLab/suguangsheng/PycharmProjects/Sparse2Full/models/ar/wrapper.py", line 251, in autoregressive_predict
    return external_predict(
           ^^^^^^^^^^^^^^^^^
  File "/share/fandixiaLab/suguangsheng/PycharmProjects/Sparse2Full/models/ar/temporal_utils.py", line 58, in autoregressive_predict
    y_current = model(x_current)  # [B, C, H, W]
                ^^^^^^^^^^^^^^^^
  File "/share/fandixiaLab/suguangsheng/anaconda3/lib/python3.12/site-packages/torch/nn/modules/module.py", line 1751, in _wrapped_call_impl
    return self._call_impl(*args, **kwargs)
           ^^^^^^^^^^^^^^^^^^^^^^^^^^^^^^^^
  File "/share/fandixiaLab/suguangsheng/anaconda3/lib/python3.12/site-packages/torch/nn/modules/module.py", line 1762, in _call_impl
    return forward_call(*args, **kwargs)
           ^^^^^^^^^^^^^^^^^^^^^^^^^^^^^
  File "/share/fandixiaLab/suguangsheng/PycharmProjects/Sparse2Full/models/ar/wrapper.py", line 199, in forward
    return self.m(x_in)
           ^^^^^^^^^^^^
  File "/share/fandixiaLab/suguangsheng/anaconda3/lib/python3.12/site-packages/torch/nn/modules/module.py", line 1751, in _wrapped_call_impl
    return self._call_impl(*args, **kwargs)
           ^^^^^^^^^^^^^^^^^^^^^^^^^^^^^^^^
  File "/share/fandixiaLab/suguangsheng/anaconda3/lib/python3.12/site-packages/torch/nn/modules/module.py", line 1762, in _call_impl
    return forward_call(*args, **kwargs)
           ^^^^^^^^^^^^^^^^^^^^^^^^^^^^^
  File "/share/fandixiaLab/suguangsheng/PycharmProjects/Sparse2Full/models/unet.py", line 183, in forward
    x1 = self.inc(x)
         ^^^^^^^^^^^
  File "/share/fandixiaLab/suguangsheng/anaconda3/lib/python3.12/site-packages/torch/nn/modules/module.py", line 1751, in _wrapped_call_impl
    return self._call_impl(*args, **kwargs)
           ^^^^^^^^^^^^^^^^^^^^^^^^^^^^^^^^
  File "/share/fandixiaLab/suguangsheng/anaconda3/lib/python3.12/site-packages/torch/nn/modules/module.py", line 1762, in _call_impl
    return forward_call(*args, **kwargs)
           ^^^^^^^^^^^^^^^^^^^^^^^^^^^^^
  File "/share/fandixiaLab/suguangsheng/PycharmProjects/Sparse2Full/models/unet.py", line 32, in forward
    return self.double_conv(x)
           ^^^^^^^^^^^^^^^^^^^
  File "/share/fandixiaLab/suguangsheng/anaconda3/lib/python3.12/site-packages/torch/nn/modules/module.py", line 1751, in _wrapped_call_impl
    return self._call_impl(*args, **kwargs)
           ^^^^^^^^^^^^^^^^^^^^^^^^^^^^^^^^
  File "/share/fandixiaLab/suguangsheng/anaconda3/lib/python3.12/site-packages/torch/nn/modules/module.py", line 1762, in _call_impl
    return forward_call(*args, **kwargs)
           ^^^^^^^^^^^^^^^^^^^^^^^^^^^^^
  File "/share/fandixiaLab/suguangsheng/anaconda3/lib/python3.12/site-packages/torch/nn/modules/container.py", line 240, in forward
    input = module(input)
            ^^^^^^^^^^^^^
  File "/share/fandixiaLab/suguangsheng/anaconda3/lib/python3.12/site-packages/torch/nn/modules/module.py", line 1751, in _wrapped_call_impl
    return self._call_impl(*args, **kwargs)
           ^^^^^^^^^^^^^^^^^^^^^^^^^^^^^^^^
  File "/share/fandixiaLab/suguangsheng/anaconda3/lib/python3.12/site-packages/torch/nn/modules/module.py", line 1762, in _call_impl
    return forward_call(*args, **kwargs)
           ^^^^^^^^^^^^^^^^^^^^^^^^^^^^^
  File "/share/fandixiaLab/suguangsheng/anaconda3/lib/python3.12/site-packages/torch/nn/modules/conv.py", line 554, in forward
    return self._conv_forward(input, self.weight, self.bias)
           ^^^^^^^^^^^^^^^^^^^^^^^^^^^^^^^^^^^^^^^^^^^^^^^^^
  File "/share/fandixiaLab/suguangsheng/anaconda3/lib/python3.12/site-packages/torch/nn/modules/conv.py", line 549, in _conv_forward
    return F.conv2d(
           ^^^^^^^^^
RuntimeError: Given groups=1, weight of size [64, 4, 3, 3], expected input[1, 2, 128, 128] to have 4 channels, but got 2 channels instead

2025-11-15 17:25:56,286 - MultiModelScan - INFO - 
实验进度: [6/21] 模型: unet, 种子: 456
2025-11-15 17:25:56,286 - MultiModelScan - INFO - 开始实验: unet_s456
2025-11-15 17:26:07,417 - MultiModelScan - ERROR - ❌ 实验 unet_s456 失败 (用时: 11.1s)
2025-11-15 17:26:07,417 - MultiModelScan - ERROR - 错误信息: 2025-11-15 17:26:03,499 - INFO - 输出目录: paper_package/multi_model_scan_real_data/unet_s456/AR-DR2D-unet-s456_20251115_172603
2025-11-15 17:26:03,505 - INFO - 📝 已保存配置快照: paper_package/multi_model_scan_real_data/unet_s456/AR-DR2D-unet-s456_20251115_172603/config_merged.yaml
2025-11-15 17:26:03,506 - INFO - 设备选择: raw='cuda', normalized='cuda', final='cuda'
2025-11-15 17:26:03,506 - INFO - CPU线程设置: torch=0, interop=0, MKL=0, OMP=0, numexpr=0, openblas=0
2025-11-15 17:26:03,506 - INFO - 使用单GPU训练: cuda
2025-11-15 17:26:03,507 - INFO - 内存管理配置: {'gradient_accumulation_steps': 1, 'memory_cleanup_frequency': 10, 'auto_batch_size_reduction': True, 'memory_threshold': 0.9}, AMP dtype: default
2025-11-15 17:26:03,507 - INFO - 设置数据模块...
2025-11-15 17:26:03,507 - INFO - 使用训练批次大小: 256
2025-11-15 17:26:03,507 - INFO - 使用验证批次大小: 256
2025-11-15 17:26:03,507 - INFO - 使用测试批次大小: 1
2025-11-15 17:26:03,633 - INFO - 使用传统AR模型架构
2025-11-15 17:26:03,633 - INFO - 🏗️ 设置模型...
2025-11-15 17:26:03,633 - INFO - 使用模型架构: unet
2025-11-15 17:26:03,633 - INFO - 扫描模型目录: /share/fandixiaLab/suguangsheng/PycharmProjects/Sparse2Full/models
2025-11-15 17:26:03,652 - INFO - 已加载外部模型工厂函数
2025-11-15 17:26:03,652 - INFO - 扫描完成，发现 44 个模型类
2025-11-15 17:26:03,652 - INFO -   - sparseattentionencoder: SparseAttentionEncoder
2025-11-15 17:26:03,652 - INFO -   - sparseswinunet: SparseSwinUNet
2025-11-15 17:26:03,652 - INFO -   - basemodel: BaseModel
2025-11-15 17:26:03,652 - INFO -   - decoderblock: DecoderBlock
2025-11-15 17:26:03,652 - INFO -   - swinunet: SwinUNet
2025-11-15 17:26:03,652 - INFO -   - swintemporalwrapper: SwinTemporalWrapper
2025-11-15 17:26:03,652 - INFO -   - patchembedding: PatchEmbedding
2025-11-15 17:26:03,652 - INFO -   - vit: VisionTransformer
2025-11-15 17:26:03,652 - INFO -   - visiontransformer: VisionTransformer
2025-11-15 17:26:03,652 - INFO -   - hybridmodel: HybridModel
2025-11-15 17:26:03,652 - INFO -   - segformer: SegFormerUNetFormer
2025-11-15 17:26:03,652 - INFO -   - convblock: ConvBlock
2025-11-15 17:26:03,652 - INFO -   - unetformer: SegFormerUNetFormer
2025-11-15 17:26:03,652 - INFO -   - doubleconv: DoubleConv
2025-11-15 17:26:03,652 - INFO -   - down: Down
2025-11-15 17:26:03,652 - INFO -   - outconv: OutConv
2025-11-15 17:26:03,652 - INFO -   - unet: UNet
2025-11-15 17:26:03,652 - INFO -   - unetmodel: UNet
2025-11-15 17:26:03,652 - INFO -   - up: Up
2025-11-15 17:26:03,652 - INFO -   - unetplusplus: UNetPlusPlus
2025-11-15 17:26:03,652 - INFO -   - liif: LIIFModel
2025-11-15 17:26:03,652 - INFO -   - liifmodel: LIIFModel
2025-11-15 17:26:03,652 - INFO -   - simpleencoder: SimpleEncoder
2025-11-15 17:26:03,652 - INFO -   - attentionbranch: AttentionBranch
2025-11-15 17:26:03,652 - INFO -   - fnobranch: FNOBranch
2025-11-15 17:26:03,652 - INFO -   - unetbranch: UNetBranch
2025-11-15 17:26:03,652 - INFO -   - spatialfeatureextractor: SpatialFeatureExtractor
2025-11-15 17:26:03,652 - INFO -   - transformer: Transformer
2025-11-15 17:26:03,652 - INFO -   - fno: FNO2d
2025-11-15 17:26:03,652 - INFO -   - fno2d: FNO2d
2025-11-15 17:26:03,652 - INFO -   - spectralconv2d: SpectralConv2d
2025-11-15 17:26:03,653 - INFO -   - ufnomodel: UFNOUNet
2025-11-15 17:26:03,653 - INFO -   - ufnounet: UFNOUNet
2025-11-15 17:26:03,653 - INFO -   - fnomodel: FNO2d
2025-11-15 17:26:03,653 - INFO -   - mlpmodel: MLPModel
2025-11-15 17:26:03,653 - INFO -   - mlpdecoder: MLPDecoder
2025-11-15 17:26:03,653 - INFO -   - segformerunetformer: SegFormerUNetFormer
2025-11-15 17:26:03,653 - INFO -   - causalconv1d: CausalConv1D
2025-11-15 17:26:03,653 - INFO -   - temporalconv1d: TemporalConv1D
2025-11-15 17:26:03,653 - INFO -   - mlpmixer: MLPMixer
2025-11-15 17:26:03,653 - INFO -   - mixermodel: MLPMixer
2025-11-15 17:26:03,653 - INFO -   - swint: SwinTransformerTiny
2025-11-15 17:26:03,653 - INFO -   - swintransformertiny: SwinTransformerTiny
2025-11-15 17:26:03,653 - INFO -   - simplecnnencoder: SimpleCNNEncoder
2025-11-15 17:26:03,653 - INFO - 可用模型: ['attentionbranch', 'basemodel', 'causalconv1d', 'convblock', 'decoderblock', 'doubleconv', 'down', 'fno', 'fno2d', 'fnobranch', 'fnomodel', 'hybrid', 'hybridmodel', 'liif', 'liifmodel', 'mixermodel', 'mlpdecoder', 'mlpmixer', 'mlpmodel', 'outconv', 'patchembedding', 'segformer', 'segformerunetformer', 'simplecnnencoder', 'simpleencoder', 'sparseattentionencoder', 'sparseswinunet', 'spatialfeatureextractor', 'spectralconv2d', 'swin_unet', 'swint', 'swintemporalwrapper', 'swintransformertiny', 'swinunet', 'temporalconv1d', 'transformer', 'ufnomodel', 'ufnounet', 'unet', 'unetbranch', 'unetformer', 'unetmodel', 'unetplusplus', 'up', 'visiontransformer', 'vit']
2025-11-15 17:26:03,786 - INFO - Successfully created model UNet with parameters: ['in_channels', 'out_channels', 'img_size', 'features', 'bilinear']
2025-11-15 17:26:03,786 - INFO - ✅ 成功使用增强加载器创建基础模型: UNet
2025-11-15 17:26:03,910 - INFO - Successfully created model UNet with parameters: ['in_channels', 'out_channels', 'img_size', 'features', 'bilinear']
2025-11-15 17:26:04,192 - INFO - Model UNet forward test successful: torch.Size([1, 4, 128, 128]) → torch.Size([1, 1, 128, 128])
2025-11-15 17:26:04,193 - INFO - ✅ 模型前向传播测试通过
2025-11-15 17:26:04,304 - INFO - 🧩 BaseModel=UNet, Wrapper=ARWrapper, Device=cuda
2025-11-15 17:26:04,304 - INFO - 🔧 注意力: use_sdpa/flash=False, sdpa_kernel=auto, TF32=False
2025-11-15 17:26:04,304 - INFO - 🧪 AMP autocast dtype: default
2025-11-15 17:26:04,305 - INFO - ✅ 模型参数量: 17,263,553 (可训练: 17,263,553)
2025-11-15 17:26:04,602 - INFO - 📊 资源: FLOPs=282.701G@128², 延迟=1.10±0.01ms
2025-11-15 17:26:04,604 - INFO - ✅ 已提取归一化统计用于损失：提供 'mean/std' 通道级统计
2025-11-15 17:26:04,604 - INFO - ⚙️ 设置优化器...
2025-11-15 17:26:04,604 - WARNING - ⚠️ 未找到 training.optimizer，使用默认AdamW配置回退
2025-11-15 17:26:04,606 - INFO - ✅ 优化器: AdamW (fused=False, foreach=False, eps=1e-08, amsgrad=False)
2025-11-15 17:26:04,606 - WARNING - ⚠️ 未找到 training.scheduler，使用默认CosineAnnealingLR回退
2025-11-15 17:26:04,606 - INFO - ✅ 调度器: CosineAnnealingLR (T_max=50, eta_min=1e-06)
2025-11-15 17:26:04,606 - INFO - ✅ AMP: dtype=bf16, GradScaler=off, device=cuda
2025-11-15 17:26:04,606 - INFO - ✅ 学习率: 0.001
2025-11-15 17:26:04,606 - INFO - 🚀 Starting training...
2025-11-15 17:26:04,607 - INFO - 🕒 当前训练模式：自回归（启用时间预测）

Epoch 1:   0%|          | 0/273 [00:00<?, ?it/s]
Epoch 1:   0%|          | 0/273 [00:00<?, ?it/s]
2025-11-15 17:26:04,764 - ERROR - ❌ 训练过程中出现错误: Given groups=1, weight of size [64, 4, 3, 3], expected input[256, 2, 128, 128] to have 4 channels, but got 2 channels instead
Traceback (most recent call last):
  File "/share/fandixiaLab/suguangsheng/PycharmProjects/Sparse2Full/tools/training/train_real_data_ar.py", line 3877, in train
    train_loss = self.train_epoch(epoch)
                 ^^^^^^^^^^^^^^^^^^^^^^^
  File "/share/fandixiaLab/suguangsheng/PycharmProjects/Sparse2Full/tools/training/train_real_data_ar.py", line 2740, in train_epoch
    raise e
  File "/share/fandixiaLab/suguangsheng/PycharmProjects/Sparse2Full/tools/training/train_real_data_ar.py", line 2650, in train_epoch
    pred_seq = self.model(input_seq, current_T_out, target_seq)
               ^^^^^^^^^^^^^^^^^^^^^^^^^^^^^^^^^^^^^^^^^^^^^^^^
  File "/share/fandixiaLab/suguangsheng/anaconda3/lib/python3.12/site-packages/torch/nn/modules/module.py", line 1751, in _wrapped_call_impl
    return self._call_impl(*args, **kwargs)
           ^^^^^^^^^^^^^^^^^^^^^^^^^^^^^^^^
  File "/share/fandixiaLab/suguangsheng/anaconda3/lib/python3.12/site-packages/torch/nn/modules/module.py", line 1762, in _call_impl
    return forward_call(*args, **kwargs)
           ^^^^^^^^^^^^^^^^^^^^^^^^^^^^^
  File "/share/fandixiaLab/suguangsheng/PycharmProjects/Sparse2Full/models/ar/wrapper.py", line 214, in forward
    return self.autoregressive_predict(
           ^^^^^^^^^^^^^^^^^^^^^^^^^^^^
  File "/share/fandixiaLab/suguangsheng/PycharmProjects/Sparse2Full/models/ar/wrapper.py", line 251, in autoregressive_predict
    return external_predict(
           ^^^^^^^^^^^^^^^^^
  File "/share/fandixiaLab/suguangsheng/PycharmProjects/Sparse2Full/models/ar/temporal_utils.py", line 68, in autoregressive_predict
    y_current = model(x_current)  # [B, C, H, W]
                ^^^^^^^^^^^^^^^^
  File "/share/fandixiaLab/suguangsheng/anaconda3/lib/python3.12/site-packages/torch/nn/modules/module.py", line 1751, in _wrapped_call_impl
    return self._call_impl(*args, **kwargs)
           ^^^^^^^^^^^^^^^^^^^^^^^^^^^^^^^^
  File "/share/fandixiaLab/suguangsheng/anaconda3/lib/python3.12/site-packages/torch/nn/modules/module.py", line 1762, in _call_impl
    return forward_call(*args, **kwargs)
           ^^^^^^^^^^^^^^^^^^^^^^^^^^^^^
  File "/share/fandixiaLab/suguangsheng/PycharmProjects/Sparse2Full/models/ar/wrapper.py", line 199, in forward
    return self.m(x_in)
           ^^^^^^^^^^^^
  File "/share/fandixiaLab/suguangsheng/anaconda3/lib/python3.12/site-packages/torch/nn/modules/module.py", line 1751, in _wrapped_call_impl
    return self._call_impl(*args, **kwargs)
           ^^^^^^^^^^^^^^^^^^^^^^^^^^^^^^^^
  File "/share/fandixiaLab/suguangsheng/anaconda3/lib/python3.12/site-packages/torch/nn/modules/module.py", line 1762, in _call_impl
    return forward_call(*args, **kwargs)
           ^^^^^^^^^^^^^^^^^^^^^^^^^^^^^
  File "/share/fandixiaLab/suguangsheng/PycharmProjects/Sparse2Full/models/unet.py", line 183, in forward
    x1 = self.inc(x)
         ^^^^^^^^^^^
  File "/share/fandixiaLab/suguangsheng/anaconda3/lib/python3.12/site-packages/torch/nn/modules/module.py", line 1751, in _wrapped_call_impl
    return self._call_impl(*args, **kwargs)
           ^^^^^^^^^^^^^^^^^^^^^^^^^^^^^^^^
  File "/share/fandixiaLab/suguangsheng/anaconda3/lib/python3.12/site-packages/torch/nn/modules/module.py", line 1762, in _call_impl
    return forward_call(*args, **kwargs)
           ^^^^^^^^^^^^^^^^^^^^^^^^^^^^^
  File "/share/fandixiaLab/suguangsheng/PycharmProjects/Sparse2Full/models/unet.py", line 32, in forward
    return self.double_conv(x)
           ^^^^^^^^^^^^^^^^^^^
  File "/share/fandixiaLab/suguangsheng/anaconda3/lib/python3.12/site-packages/torch/nn/modules/module.py", line 1751, in _wrapped_call_impl
    return self._call_impl(*args, **kwargs)
           ^^^^^^^^^^^^^^^^^^^^^^^^^^^^^^^^
  File "/share/fandixiaLab/suguangsheng/anaconda3/lib/python3.12/site-packages/torch/nn/modules/module.py", line 1762, in _call_impl
    return forward_call(*args, **kwargs)
           ^^^^^^^^^^^^^^^^^^^^^^^^^^^^^
  File "/share/fandixiaLab/suguangsheng/anaconda3/lib/python3.12/site-packages/torch/nn/modules/container.py", line 240, in forward
    input = module(input)
            ^^^^^^^^^^^^^
  File "/share/fandixiaLab/suguangsheng/anaconda3/lib/python3.12/site-packages/torch/nn/modules/module.py", line 1751, in _wrapped_call_impl
    return self._call_impl(*args, **kwargs)
           ^^^^^^^^^^^^^^^^^^^^^^^^^^^^^^^^
  File "/share/fandixiaLab/suguangsheng/anaconda3/lib/python3.12/site-packages/torch/nn/modules/module.py", line 1762, in _call_impl
    return forward_call(*args, **kwargs)
           ^^^^^^^^^^^^^^^^^^^^^^^^^^^^^
  File "/share/fandixiaLab/suguangsheng/anaconda3/lib/python3.12/site-packages/torch/nn/modules/conv.py", line 554, in forward
    return self._conv_forward(input, self.weight, self.bias)
           ^^^^^^^^^^^^^^^^^^^^^^^^^^^^^^^^^^^^^^^^^^^^^^^^^
  File "/share/fandixiaLab/suguangsheng/anaconda3/lib/python3.12/site-packages/torch/nn/modules/conv.py", line 549, in _conv_forward
    return F.conv2d(
           ^^^^^^^^^
RuntimeError: Given groups=1, weight of size [64, 4, 3, 3], expected input[256, 2, 128, 128] to have 4 channels, but got 2 channels instead
2025-11-15 17:26:04,767 - INFO - 🏁 Training finished, total time: 0.00 hours
2025-11-15 17:26:04,767 - INFO - ℹ️ Best checkpoint not found, using current model for final test evaluation
2025-11-15 17:26:04,767 - INFO - 🧪 开始测试集评估...

Testing:   0%|          | 0/15000 [00:00<?, ?it/s]
                                                  
2025-11-15 17:26:04,787 - INFO - 输出目录: paper_package/multi_model_scan_real_data/unet_s456/AR-DR2D-unet-s456_20251115_172604
2025-11-15 17:26:04,792 - INFO - 📝 已保存配置快照: paper_package/multi_model_scan_real_data/unet_s456/AR-DR2D-unet-s456_20251115_172604/config_merged.yaml
2025-11-15 17:26:04,792 - INFO - 设备选择: raw='cuda', normalized='cuda', final='cuda'
2025-11-15 17:26:04,792 - INFO - CPU线程设置: torch=0, interop=0, MKL=0, OMP=0, numexpr=0, openblas=0
2025-11-15 17:26:04,792 - INFO - 使用单GPU训练: cuda
2025-11-15 17:26:04,803 - INFO - 内存管理配置: {'gradient_accumulation_steps': 1, 'memory_cleanup_frequency': 10, 'auto_batch_size_reduction': True, 'memory_threshold': 0.9}, AMP dtype: default
2025-11-15 17:26:04,803 - INFO - 设置数据模块...
2025-11-15 17:26:04,803 - INFO - 使用训练批次大小: 256
2025-11-15 17:26:04,803 - INFO - 使用验证批次大小: 256
2025-11-15 17:26:04,803 - INFO - 使用测试批次大小: 1
2025-11-15 17:26:04,917 - INFO - 使用传统AR模型架构
2025-11-15 17:26:04,917 - INFO - 🏗️ 设置模型...
2025-11-15 17:26:04,917 - INFO - 使用模型架构: unet
2025-11-15 17:26:04,917 - INFO - 可用模型: ['attentionbranch', 'basemodel', 'causalconv1d', 'convblock', 'decoderblock', 'doubleconv', 'down', 'fno', 'fno2d', 'fnobranch', 'fnomodel', 'hybrid', 'hybridmodel', 'liif', 'liifmodel', 'mixermodel', 'mlpdecoder', 'mlpmixer', 'mlpmodel', 'outconv', 'patchembedding', 'segformer', 'segformerunetformer', 'simplecnnencoder', 'simpleencoder', 'sparseattentionencoder', 'sparseswinunet', 'spatialfeatureextractor', 'spectralconv2d', 'swin_unet', 'swint', 'swintemporalwrapper', 'swintransformertiny', 'swinunet', 'temporalconv1d', 'transformer', 'ufnomodel', 'ufnounet', 'unet', 'unetbranch', 'unetformer', 'unetmodel', 'unetplusplus', 'up', 'visiontransformer', 'vit']
2025-11-15 17:26:05,036 - INFO - Successfully created model UNet with parameters: ['in_channels', 'out_channels', 'img_size', 'features', 'bilinear']
2025-11-15 17:26:05,036 - INFO - ✅ 成功使用增强加载器创建基础模型: UNet
2025-11-15 17:26:05,159 - INFO - Successfully created model UNet with parameters: ['in_channels', 'out_channels', 'img_size', 'features', 'bilinear']
2025-11-15 17:26:05,193 - INFO - Model UNet forward test successful: torch.Size([1, 4, 128, 128]) → torch.Size([1, 1, 128, 128])
2025-11-15 17:26:05,194 - INFO - ✅ 模型前向传播测试通过
2025-11-15 17:26:05,206 - INFO - 🧩 BaseModel=UNet, Wrapper=ARWrapper, Device=cuda
2025-11-15 17:26:05,206 - INFO - 🔧 注意力: use_sdpa/flash=False, sdpa_kernel=auto, TF32=False
2025-11-15 17:26:05,206 - INFO - 🧪 AMP autocast dtype: default
2025-11-15 17:26:05,206 - INFO - ✅ 模型参数量: 17,263,553 (可训练: 17,263,553)
2025-11-15 17:26:05,237 - INFO - 📊 资源: FLOPs=282.701G@128², 延迟=1.11±0.01ms
2025-11-15 17:26:05,237 - INFO - ✅ 已提取归一化统计用于损失：提供 'mean/std' 通道级统计
2025-11-15 17:26:05,238 - INFO - ⚙️ 设置优化器...
2025-11-15 17:26:05,238 - WARNING - ⚠️ 未找到 training.optimizer，使用默认AdamW配置回退
2025-11-15 17:26:05,240 - INFO - ✅ 优化器: AdamW (fused=False, foreach=False, eps=1e-08, amsgrad=False)
2025-11-15 17:26:05,240 - WARNING - ⚠️ 未找到 training.scheduler，使用默认CosineAnnealingLR回退
2025-11-15 17:26:05,240 - INFO - ✅ 调度器: CosineAnnealingLR (T_max=50, eta_min=1e-06)
2025-11-15 17:26:05,241 - INFO - ✅ AMP: dtype=bf16, GradScaler=off, device=cuda
2025-11-15 17:26:05,241 - INFO - ✅ 学习率: 0.001
2025-11-15 17:26:05,247 - INFO - 输出目录: paper_package/multi_model_scan_real_data/unet_s456/AR-DR2D-unet-s456_20251115_172605
2025-11-15 17:26:05,251 - INFO - 📝 已保存配置快照: paper_package/multi_model_scan_real_data/unet_s456/AR-DR2D-unet-s456_20251115_172605/config_merged.yaml
2025-11-15 17:26:05,251 - INFO - 设备选择: raw='cuda', normalized='cuda', final='cuda'
2025-11-15 17:26:05,252 - INFO - CPU线程设置: torch=0, interop=0, MKL=0, OMP=0, numexpr=0, openblas=0
2025-11-15 17:26:05,252 - INFO - 使用单GPU训练: cuda
2025-11-15 17:26:05,254 - INFO - 内存管理配置: {'gradient_accumulation_steps': 1, 'memory_cleanup_frequency': 10, 'auto_batch_size_reduction': True, 'memory_threshold': 0.9}, AMP dtype: default
2025-11-15 17:26:05,254 - INFO - 设置数据模块...
2025-11-15 17:26:05,254 - INFO - 使用训练批次大小: 256
2025-11-15 17:26:05,254 - INFO - 使用验证批次大小: 256
2025-11-15 17:26:05,254 - INFO - 使用测试批次大小: 1
2025-11-15 17:26:05,367 - INFO - 使用传统AR模型架构
2025-11-15 17:26:05,367 - INFO - 🏗️ 设置模型...
2025-11-15 17:26:05,367 - INFO - 使用模型架构: unet
2025-11-15 17:26:05,367 - INFO - 可用模型: ['attentionbranch', 'basemodel', 'causalconv1d', 'convblock', 'decoderblock', 'doubleconv', 'down', 'fno', 'fno2d', 'fnobranch', 'fnomodel', 'hybrid', 'hybridmodel', 'liif', 'liifmodel', 'mixermodel', 'mlpdecoder', 'mlpmixer', 'mlpmodel', 'outconv', 'patchembedding', 'segformer', 'segformerunetformer', 'simplecnnencoder', 'simpleencoder', 'sparseattentionencoder', 'sparseswinunet', 'spatialfeatureextractor', 'spectralconv2d', 'swin_unet', 'swint', 'swintemporalwrapper', 'swintransformertiny', 'swinunet', 'temporalconv1d', 'transformer', 'ufnomodel', 'ufnounet', 'unet', 'unetbranch', 'unetformer', 'unetmodel', 'unetplusplus', 'up', 'visiontransformer', 'vit']
2025-11-15 17:26:05,486 - INFO - Successfully created model UNet with parameters: ['in_channels', 'out_channels', 'img_size', 'features', 'bilinear']
2025-11-15 17:26:05,486 - INFO - ✅ 成功使用增强加载器创建基础模型: UNet
2025-11-15 17:26:05,607 - INFO - Successfully created model UNet with parameters: ['in_channels', 'out_channels', 'img_size', 'features', 'bilinear']
2025-11-15 17:26:05,638 - INFO - Model UNet forward test successful: torch.Size([1, 4, 128, 128]) → torch.Size([1, 1, 128, 128])
2025-11-15 17:26:05,638 - INFO - ✅ 模型前向传播测试通过
2025-11-15 17:26:05,644 - INFO - 🧩 BaseModel=UNet, Wrapper=ARWrapper, Device=cuda
2025-11-15 17:26:05,644 - INFO - 🔧 注意力: use_sdpa/flash=False, sdpa_kernel=auto, TF32=False
2025-11-15 17:26:05,644 - INFO - 🧪 AMP autocast dtype: default
2025-11-15 17:26:05,645 - INFO - ✅ 模型参数量: 17,263,553 (可训练: 17,263,553)
2025-11-15 17:26:05,675 - INFO - 📊 资源: FLOPs=282.701G@128², 延迟=1.10±0.01ms
2025-11-15 17:26:05,676 - INFO - ✅ 已提取归一化统计用于损失：提供 'mean/std' 通道级统计
2025-11-15 17:26:05,676 - INFO - ⚙️ 设置优化器...
2025-11-15 17:26:05,676 - WARNING - ⚠️ 未找到 training.optimizer，使用默认AdamW配置回退
2025-11-15 17:26:05,677 - INFO - ✅ 优化器: AdamW (fused=False, foreach=False, eps=1e-08, amsgrad=False)
2025-11-15 17:26:05,677 - WARNING - ⚠️ 未找到 training.scheduler，使用默认CosineAnnealingLR回退
2025-11-15 17:26:05,677 - INFO - ✅ 调度器: CosineAnnealingLR (T_max=50, eta_min=1e-06)
2025-11-15 17:26:05,678 - INFO - ✅ AMP: dtype=bf16, GradScaler=off, device=cuda
2025-11-15 17:26:05,678 - INFO - ✅ 学习率: 0.001
Traceback (most recent call last):
  File "/share/fandixiaLab/suguangsheng/PycharmProjects/Sparse2Full/tools/training/train_real_data_ar.py", line 4341, in <module>
    main()
  File "/share/fandixiaLab/suguangsheng/PycharmProjects/Sparse2Full/tools/training/train_real_data_ar.py", line 4244, in main
    trainer.train()
  File "/share/fandixiaLab/suguangsheng/PycharmProjects/Sparse2Full/tools/training/train_real_data_ar.py", line 4078, in train
    final_test_metrics = self.test_epoch()
                         ^^^^^^^^^^^^^^^^^
  File "/share/fandixiaLab/suguangsheng/PycharmProjects/Sparse2Full/tools/training/train_real_data_ar.py", line 2936, in test_epoch
    pred_seq = self.model.autoregressive_predict(input_seq, test_T_out, teacher=None, train_mode=False)
               ^^^^^^^^^^^^^^^^^^^^^^^^^^^^^^^^^^^^^^^^^^^^^^^^^^^^^^^^^^^^^^^^^^^^^^^^^^^^^^^^^^^^^^^^
  File "/share/fandixiaLab/suguangsheng/PycharmProjects/Sparse2Full/models/ar/wrapper.py", line 251, in autoregressive_predict
    return external_predict(
           ^^^^^^^^^^^^^^^^^
  File "/share/fandixiaLab/suguangsheng/PycharmProjects/Sparse2Full/models/ar/temporal_utils.py", line 58, in autoregressive_predict
    y_current = model(x_current)  # [B, C, H, W]
                ^^^^^^^^^^^^^^^^
  File "/share/fandixiaLab/suguangsheng/anaconda3/lib/python3.12/site-packages/torch/nn/modules/module.py", line 1751, in _wrapped_call_impl
    return self._call_impl(*args, **kwargs)
           ^^^^^^^^^^^^^^^^^^^^^^^^^^^^^^^^
  File "/share/fandixiaLab/suguangsheng/anaconda3/lib/python3.12/site-packages/torch/nn/modules/module.py", line 1762, in _call_impl
    return forward_call(*args, **kwargs)
           ^^^^^^^^^^^^^^^^^^^^^^^^^^^^^
  File "/share/fandixiaLab/suguangsheng/PycharmProjects/Sparse2Full/models/ar/wrapper.py", line 199, in forward
    return self.m(x_in)
           ^^^^^^^^^^^^
  File "/share/fandixiaLab/suguangsheng/anaconda3/lib/python3.12/site-packages/torch/nn/modules/module.py", line 1751, in _wrapped_call_impl
    return self._call_impl(*args, **kwargs)
           ^^^^^^^^^^^^^^^^^^^^^^^^^^^^^^^^
  File "/share/fandixiaLab/suguangsheng/anaconda3/lib/python3.12/site-packages/torch/nn/modules/module.py", line 1762, in _call_impl
    return forward_call(*args, **kwargs)
           ^^^^^^^^^^^^^^^^^^^^^^^^^^^^^
  File "/share/fandixiaLab/suguangsheng/PycharmProjects/Sparse2Full/models/unet.py", line 183, in forward
    x1 = self.inc(x)
         ^^^^^^^^^^^
  File "/share/fandixiaLab/suguangsheng/anaconda3/lib/python3.12/site-packages/torch/nn/modules/module.py", line 1751, in _wrapped_call_impl
    return self._call_impl(*args, **kwargs)
           ^^^^^^^^^^^^^^^^^^^^^^^^^^^^^^^^
  File "/share/fandixiaLab/suguangsheng/anaconda3/lib/python3.12/site-packages/torch/nn/modules/module.py", line 1762, in _call_impl
    return forward_call(*args, **kwargs)
           ^^^^^^^^^^^^^^^^^^^^^^^^^^^^^
  File "/share/fandixiaLab/suguangsheng/PycharmProjects/Sparse2Full/models/unet.py", line 32, in forward
    return self.double_conv(x)
           ^^^^^^^^^^^^^^^^^^^
  File "/share/fandixiaLab/suguangsheng/anaconda3/lib/python3.12/site-packages/torch/nn/modules/module.py", line 1751, in _wrapped_call_impl
    return self._call_impl(*args, **kwargs)
           ^^^^^^^^^^^^^^^^^^^^^^^^^^^^^^^^
  File "/share/fandixiaLab/suguangsheng/anaconda3/lib/python3.12/site-packages/torch/nn/modules/module.py", line 1762, in _call_impl
    return forward_call(*args, **kwargs)
           ^^^^^^^^^^^^^^^^^^^^^^^^^^^^^
  File "/share/fandixiaLab/suguangsheng/anaconda3/lib/python3.12/site-packages/torch/nn/modules/container.py", line 240, in forward
    input = module(input)
            ^^^^^^^^^^^^^
  File "/share/fandixiaLab/suguangsheng/anaconda3/lib/python3.12/site-packages/torch/nn/modules/module.py", line 1751, in _wrapped_call_impl
    return self._call_impl(*args, **kwargs)
           ^^^^^^^^^^^^^^^^^^^^^^^^^^^^^^^^
  File "/share/fandixiaLab/suguangsheng/anaconda3/lib/python3.12/site-packages/torch/nn/modules/module.py", line 1762, in _call_impl
    return forward_call(*args, **kwargs)
           ^^^^^^^^^^^^^^^^^^^^^^^^^^^^^
  File "/share/fandixiaLab/suguangsheng/anaconda3/lib/python3.12/site-packages/torch/nn/modules/conv.py", line 554, in forward
    return self._conv_forward(input, self.weight, self.bias)
           ^^^^^^^^^^^^^^^^^^^^^^^^^^^^^^^^^^^^^^^^^^^^^^^^^
  File "/share/fandixiaLab/suguangsheng/anaconda3/lib/python3.12/site-packages/torch/nn/modules/conv.py", line 549, in _conv_forward
    return F.conv2d(
           ^^^^^^^^^
RuntimeError: Given groups=1, weight of size [64, 4, 3, 3], expected input[1, 2, 128, 128] to have 4 channels, but got 2 channels instead

2025-11-15 17:26:12,421 - MultiModelScan - INFO - 
实验进度: [7/21] 模型: fno2d, 种子: 42
2025-11-15 17:26:12,421 - MultiModelScan - INFO - 开始实验: fno2d_s42
2025-11-15 17:26:24,806 - MultiModelScan - ERROR - ❌ 实验 fno2d_s42 失败 (用时: 12.4s)
2025-11-15 17:26:24,806 - MultiModelScan - ERROR - 错误信息: 2025-11-15 17:26:20,061 - INFO - 输出目录: paper_package/multi_model_scan_real_data/fno2d_s42/AR-DR2D-fno2d-s42_20251115_172620
2025-11-15 17:26:20,066 - INFO - 📝 已保存配置快照: paper_package/multi_model_scan_real_data/fno2d_s42/AR-DR2D-fno2d-s42_20251115_172620/config_merged.yaml
2025-11-15 17:26:20,067 - INFO - 设备选择: raw='cuda', normalized='cuda', final='cuda'
2025-11-15 17:26:20,068 - INFO - CPU线程设置: torch=0, interop=0, MKL=0, OMP=0, numexpr=0, openblas=0
2025-11-15 17:26:20,068 - INFO - 使用单GPU训练: cuda
2025-11-15 17:26:20,068 - INFO - 内存管理配置: {'gradient_accumulation_steps': 1, 'memory_cleanup_frequency': 10, 'auto_batch_size_reduction': True, 'memory_threshold': 0.9}, AMP dtype: default
2025-11-15 17:26:20,068 - INFO - 设置数据模块...
2025-11-15 17:26:20,069 - INFO - 使用训练批次大小: 256
2025-11-15 17:26:20,069 - INFO - 使用验证批次大小: 256
2025-11-15 17:26:20,069 - INFO - 使用测试批次大小: 1
2025-11-15 17:26:20,192 - INFO - 使用传统AR模型架构
2025-11-15 17:26:20,192 - INFO - 🏗️ 设置模型...
2025-11-15 17:26:20,192 - INFO - 使用模型架构: fno2d
2025-11-15 17:26:20,192 - INFO - 扫描模型目录: /share/fandixiaLab/suguangsheng/PycharmProjects/Sparse2Full/models
2025-11-15 17:26:20,210 - INFO - 已加载外部模型工厂函数
2025-11-15 17:26:20,210 - INFO - 扫描完成，发现 44 个模型类
2025-11-15 17:26:20,210 - INFO -   - sparseattentionencoder: SparseAttentionEncoder
2025-11-15 17:26:20,210 - INFO -   - sparseswinunet: SparseSwinUNet
2025-11-15 17:26:20,210 - INFO -   - basemodel: BaseModel
2025-11-15 17:26:20,210 - INFO -   - decoderblock: DecoderBlock
2025-11-15 17:26:20,210 - INFO -   - swinunet: SwinUNet
2025-11-15 17:26:20,210 - INFO -   - swintemporalwrapper: SwinTemporalWrapper
2025-11-15 17:26:20,210 - INFO -   - patchembedding: PatchEmbedding
2025-11-15 17:26:20,210 - INFO -   - vit: VisionTransformer
2025-11-15 17:26:20,210 - INFO -   - visiontransformer: VisionTransformer
2025-11-15 17:26:20,210 - INFO -   - hybridmodel: HybridModel
2025-11-15 17:26:20,210 - INFO -   - segformer: SegFormerUNetFormer
2025-11-15 17:26:20,210 - INFO -   - convblock: ConvBlock
2025-11-15 17:26:20,210 - INFO -   - unetformer: SegFormerUNetFormer
2025-11-15 17:26:20,210 - INFO -   - doubleconv: DoubleConv
2025-11-15 17:26:20,210 - INFO -   - down: Down
2025-11-15 17:26:20,210 - INFO -   - outconv: OutConv
2025-11-15 17:26:20,210 - INFO -   - unet: UNet
2025-11-15 17:26:20,210 - INFO -   - unetmodel: UNet
2025-11-15 17:26:20,210 - INFO -   - up: Up
2025-11-15 17:26:20,210 - INFO -   - unetplusplus: UNetPlusPlus
2025-11-15 17:26:20,210 - INFO -   - liif: LIIFModel
2025-11-15 17:26:20,210 - INFO -   - liifmodel: LIIFModel
2025-11-15 17:26:20,210 - INFO -   - simpleencoder: SimpleEncoder
2025-11-15 17:26:20,210 - INFO -   - attentionbranch: AttentionBranch
2025-11-15 17:26:20,210 - INFO -   - fnobranch: FNOBranch
2025-11-15 17:26:20,210 - INFO -   - unetbranch: UNetBranch
2025-11-15 17:26:20,210 - INFO -   - spatialfeatureextractor: SpatialFeatureExtractor
2025-11-15 17:26:20,210 - INFO -   - transformer: Transformer
2025-11-15 17:26:20,210 - INFO -   - fno: FNO2d
2025-11-15 17:26:20,210 - INFO -   - fno2d: FNO2d
2025-11-15 17:26:20,210 - INFO -   - spectralconv2d: SpectralConv2d
2025-11-15 17:26:20,210 - INFO -   - ufnomodel: UFNOUNet
2025-11-15 17:26:20,210 - INFO -   - ufnounet: UFNOUNet
2025-11-15 17:26:20,210 - INFO -   - fnomodel: FNO2d
2025-11-15 17:26:20,210 - INFO -   - mlpmodel: MLPModel
2025-11-15 17:26:20,210 - INFO -   - mlpdecoder: MLPDecoder
2025-11-15 17:26:20,210 - INFO -   - segformerunetformer: SegFormerUNetFormer
2025-11-15 17:26:20,210 - INFO -   - causalconv1d: CausalConv1D
2025-11-15 17:26:20,210 - INFO -   - temporalconv1d: TemporalConv1D
2025-11-15 17:26:20,210 - INFO -   - mlpmixer: MLPMixer
2025-11-15 17:26:20,210 - INFO -   - mixermodel: MLPMixer
2025-11-15 17:26:20,210 - INFO -   - swint: SwinTransformerTiny
2025-11-15 17:26:20,210 - INFO -   - swintransformertiny: SwinTransformerTiny
2025-11-15 17:26:20,211 - INFO -   - simplecnnencoder: SimpleCNNEncoder
2025-11-15 17:26:20,211 - INFO - 可用模型: ['attentionbranch', 'basemodel', 'causalconv1d', 'convblock', 'decoderblock', 'doubleconv', 'down', 'fno', 'fno2d', 'fnobranch', 'fnomodel', 'hybrid', 'hybridmodel', 'liif', 'liifmodel', 'mixermodel', 'mlpdecoder', 'mlpmixer', 'mlpmodel', 'outconv', 'patchembedding', 'segformer', 'segformerunetformer', 'simplecnnencoder', 'simpleencoder', 'sparseattentionencoder', 'sparseswinunet', 'spatialfeatureextractor', 'spectralconv2d', 'swin_unet', 'swint', 'swintemporalwrapper', 'swintransformertiny', 'swinunet', 'temporalconv1d', 'transformer', 'ufnomodel', 'ufnounet', 'unet', 'unetbranch', 'unetformer', 'unetmodel', 'unetplusplus', 'up', 'visiontransformer', 'vit']
2025-11-15 17:26:20,351 - INFO - Successfully created model FNO2d with parameters: ['in_channels', 'out_channels', 'img_size', 'modes1', 'modes2', 'width', 'n_layers', 'activation']
2025-11-15 17:26:20,352 - INFO - ✅ 成功使用增强加载器创建基础模型: FNO2d
2025-11-15 17:26:20,455 - INFO - Successfully created model FNO2d with parameters: ['in_channels', 'out_channels', 'img_size', 'modes1', 'modes2', 'width', 'n_layers', 'activation']
2025-11-15 17:26:21,008 - INFO - Model FNO2d forward test successful: torch.Size([1, 4, 128, 128]) → torch.Size([1, 1, 128, 128])
2025-11-15 17:26:21,009 - INFO - ✅ 模型前向传播测试通过
2025-11-15 17:26:21,114 - INFO - 🧩 BaseModel=FNO2d, Wrapper=ARWrapper, Device=cuda
2025-11-15 17:26:21,115 - INFO - 🔧 注意力: use_sdpa/flash=False, sdpa_kernel=auto, TF32=False
2025-11-15 17:26:21,115 - INFO - 🧪 AMP autocast dtype: default
2025-11-15 17:26:21,115 - INFO - ✅ 模型参数量: 4,744,129 (可训练: 4,744,129)
2025-11-15 17:26:21,266 - INFO - 📊 资源: FLOPs=0.268G@128², 延迟=1.41±0.02ms
2025-11-15 17:26:21,268 - INFO - ✅ 已提取归一化统计用于损失：提供 'mean/std' 通道级统计
2025-11-15 17:26:21,268 - INFO - ⚙️ 设置优化器...
2025-11-15 17:26:21,268 - WARNING - ⚠️ 未找到 training.optimizer，使用默认AdamW配置回退
2025-11-15 17:26:21,269 - INFO - ✅ 优化器: AdamW (fused=False, foreach=False, eps=1e-08, amsgrad=False)
2025-11-15 17:26:21,270 - WARNING - ⚠️ 未找到 training.scheduler，使用默认CosineAnnealingLR回退
2025-11-15 17:26:21,270 - INFO - ✅ 调度器: CosineAnnealingLR (T_max=50, eta_min=1e-06)
2025-11-15 17:26:21,270 - INFO - ✅ AMP: dtype=bf16, GradScaler=off, device=cuda
2025-11-15 17:26:21,270 - INFO - ✅ 学习率: 0.001
2025-11-15 17:26:21,270 - INFO - 🚀 Starting training...
2025-11-15 17:26:21,271 - INFO - 🕒 当前训练模式：自回归（启用时间预测）

Epoch 1:   0%|          | 0/273 [00:00<?, ?it/s]
Epoch 1:   0%|          | 0/273 [00:00<?, ?it/s]
2025-11-15 17:26:21,463 - ERROR - ❌ 训练过程中出现错误: mat1 and mat2 shapes cannot be multiplied (4194304x4 and 6x64)
Traceback (most recent call last):
  File "/share/fandixiaLab/suguangsheng/PycharmProjects/Sparse2Full/tools/training/train_real_data_ar.py", line 3877, in train
    train_loss = self.train_epoch(epoch)
                 ^^^^^^^^^^^^^^^^^^^^^^^
  File "/share/fandixiaLab/suguangsheng/PycharmProjects/Sparse2Full/tools/training/train_real_data_ar.py", line 2740, in train_epoch
    raise e
  File "/share/fandixiaLab/suguangsheng/PycharmProjects/Sparse2Full/tools/training/train_real_data_ar.py", line 2650, in train_epoch
    pred_seq = self.model(input_seq, current_T_out, target_seq)
               ^^^^^^^^^^^^^^^^^^^^^^^^^^^^^^^^^^^^^^^^^^^^^^^^
  File "/share/fandixiaLab/suguangsheng/anaconda3/lib/python3.12/site-packages/torch/nn/modules/module.py", line 1751, in _wrapped_call_impl
    return self._call_impl(*args, **kwargs)
           ^^^^^^^^^^^^^^^^^^^^^^^^^^^^^^^^
  File "/share/fandixiaLab/suguangsheng/anaconda3/lib/python3.12/site-packages/torch/nn/modules/module.py", line 1762, in _call_impl
    return forward_call(*args, **kwargs)
           ^^^^^^^^^^^^^^^^^^^^^^^^^^^^^
  File "/share/fandixiaLab/suguangsheng/PycharmProjects/Sparse2Full/models/ar/wrapper.py", line 214, in forward
    return self.autoregressive_predict(
           ^^^^^^^^^^^^^^^^^^^^^^^^^^^^
  File "/share/fandixiaLab/suguangsheng/PycharmProjects/Sparse2Full/models/ar/wrapper.py", line 251, in autoregressive_predict
    return external_predict(
           ^^^^^^^^^^^^^^^^^
  File "/share/fandixiaLab/suguangsheng/PycharmProjects/Sparse2Full/models/ar/temporal_utils.py", line 68, in autoregressive_predict
    y_current = model(x_current)  # [B, C, H, W]
                ^^^^^^^^^^^^^^^^
  File "/share/fandixiaLab/suguangsheng/anaconda3/lib/python3.12/site-packages/torch/nn/modules/module.py", line 1751, in _wrapped_call_impl
    return self._call_impl(*args, **kwargs)
           ^^^^^^^^^^^^^^^^^^^^^^^^^^^^^^^^
  File "/share/fandixiaLab/suguangsheng/anaconda3/lib/python3.12/site-packages/torch/nn/modules/module.py", line 1762, in _call_impl
    return forward_call(*args, **kwargs)
           ^^^^^^^^^^^^^^^^^^^^^^^^^^^^^
  File "/share/fandixiaLab/suguangsheng/PycharmProjects/Sparse2Full/models/ar/wrapper.py", line 199, in forward
    return self.m(x_in)
           ^^^^^^^^^^^^
  File "/share/fandixiaLab/suguangsheng/anaconda3/lib/python3.12/site-packages/torch/nn/modules/module.py", line 1751, in _wrapped_call_impl
    return self._call_impl(*args, **kwargs)
           ^^^^^^^^^^^^^^^^^^^^^^^^^^^^^^^^
  File "/share/fandixiaLab/suguangsheng/anaconda3/lib/python3.12/site-packages/torch/nn/modules/module.py", line 1762, in _call_impl
    return forward_call(*args, **kwargs)
           ^^^^^^^^^^^^^^^^^^^^^^^^^^^^^
  File "/share/fandixiaLab/suguangsheng/PycharmProjects/Sparse2Full/models/fno2d.py", line 217, in forward
    x = self.fc0(x)
        ^^^^^^^^^^^
  File "/share/fandixiaLab/suguangsheng/anaconda3/lib/python3.12/site-packages/torch/nn/modules/module.py", line 1751, in _wrapped_call_impl
    return self._call_impl(*args, **kwargs)
           ^^^^^^^^^^^^^^^^^^^^^^^^^^^^^^^^
  File "/share/fandixiaLab/suguangsheng/anaconda3/lib/python3.12/site-packages/torch/nn/modules/module.py", line 1762, in _call_impl
    return forward_call(*args, **kwargs)
           ^^^^^^^^^^^^^^^^^^^^^^^^^^^^^
  File "/share/fandixiaLab/suguangsheng/anaconda3/lib/python3.12/site-packages/torch/nn/modules/linear.py", line 125, in forward
    return F.linear(input, self.weight, self.bias)
           ^^^^^^^^^^^^^^^^^^^^^^^^^^^^^^^^^^^^^^^
RuntimeError: mat1 and mat2 shapes cannot be multiplied (4194304x4 and 6x64)
2025-11-15 17:26:21,466 - INFO - 🏁 Training finished, total time: 0.00 hours
2025-11-15 17:26:21,466 - INFO - ℹ️ Best checkpoint not found, using current model for final test evaluation
2025-11-15 17:26:21,466 - INFO - 🧪 开始测试集评估...

Testing:   0%|          | 0/15000 [00:00<?, ?it/s]
                                                  
2025-11-15 17:26:21,482 - INFO - 输出目录: paper_package/multi_model_scan_real_data/fno2d_s42/AR-DR2D-fno2d-s42_20251115_172621
2025-11-15 17:26:21,485 - INFO - 📝 已保存配置快照: paper_package/multi_model_scan_real_data/fno2d_s42/AR-DR2D-fno2d-s42_20251115_172621/config_merged.yaml
2025-11-15 17:26:21,486 - INFO - 设备选择: raw='cuda', normalized='cuda', final='cuda'
2025-11-15 17:26:21,486 - INFO - CPU线程设置: torch=0, interop=0, MKL=0, OMP=0, numexpr=0, openblas=0
2025-11-15 17:26:21,486 - INFO - 使用单GPU训练: cuda
2025-11-15 17:26:21,492 - INFO - 内存管理配置: {'gradient_accumulation_steps': 1, 'memory_cleanup_frequency': 10, 'auto_batch_size_reduction': True, 'memory_threshold': 0.9}, AMP dtype: default
2025-11-15 17:26:21,492 - INFO - 设置数据模块...
2025-11-15 17:26:21,493 - INFO - 使用训练批次大小: 256
2025-11-15 17:26:21,493 - INFO - 使用验证批次大小: 256
2025-11-15 17:26:21,493 - INFO - 使用测试批次大小: 1
2025-11-15 17:26:21,609 - INFO - 使用传统AR模型架构
2025-11-15 17:26:21,609 - INFO - 🏗️ 设置模型...
2025-11-15 17:26:21,609 - INFO - 使用模型架构: fno2d
2025-11-15 17:26:21,609 - INFO - 可用模型: ['attentionbranch', 'basemodel', 'causalconv1d', 'convblock', 'decoderblock', 'doubleconv', 'down', 'fno', 'fno2d', 'fnobranch', 'fnomodel', 'hybrid', 'hybridmodel', 'liif', 'liifmodel', 'mixermodel', 'mlpdecoder', 'mlpmixer', 'mlpmodel', 'outconv', 'patchembedding', 'segformer', 'segformerunetformer', 'simplecnnencoder', 'simpleencoder', 'sparseattentionencoder', 'sparseswinunet', 'spatialfeatureextractor', 'spectralconv2d', 'swin_unet', 'swint', 'swintemporalwrapper', 'swintransformertiny', 'swinunet', 'temporalconv1d', 'transformer', 'ufnomodel', 'ufnounet', 'unet', 'unetbranch', 'unetformer', 'unetmodel', 'unetplusplus', 'up', 'visiontransformer', 'vit']
2025-11-15 17:26:21,654 - INFO - Successfully created model FNO2d with parameters: ['in_channels', 'out_channels', 'img_size', 'modes1', 'modes2', 'width', 'n_layers', 'activation']
2025-11-15 17:26:21,654 - INFO - ✅ 成功使用增强加载器创建基础模型: FNO2d
2025-11-15 17:26:21,696 - INFO - Successfully created model FNO2d with parameters: ['in_channels', 'out_channels', 'img_size', 'modes1', 'modes2', 'width', 'n_layers', 'activation']
2025-11-15 17:26:22,197 - INFO - Model FNO2d forward test successful: torch.Size([1, 4, 128, 128]) → torch.Size([1, 1, 128, 128])
2025-11-15 17:26:22,197 - INFO - ✅ 模型前向传播测试通过
2025-11-15 17:26:22,201 - INFO - 🧩 BaseModel=FNO2d, Wrapper=ARWrapper, Device=cuda
2025-11-15 17:26:22,202 - INFO - 🔧 注意力: use_sdpa/flash=False, sdpa_kernel=auto, TF32=False
2025-11-15 17:26:22,202 - INFO - 🧪 AMP autocast dtype: default
2025-11-15 17:26:22,202 - INFO - ✅ 模型参数量: 4,744,129 (可训练: 4,744,129)
2025-11-15 17:26:22,239 - INFO - 📊 资源: FLOPs=0.268G@128², 延迟=1.41±0.01ms
2025-11-15 17:26:22,240 - INFO - ✅ 已提取归一化统计用于损失：提供 'mean/std' 通道级统计
2025-11-15 17:26:22,241 - INFO - ⚙️ 设置优化器...
2025-11-15 17:26:22,241 - WARNING - ⚠️ 未找到 training.optimizer，使用默认AdamW配置回退
2025-11-15 17:26:22,242 - INFO - ✅ 优化器: AdamW (fused=False, foreach=False, eps=1e-08, amsgrad=False)
2025-11-15 17:26:22,242 - WARNING - ⚠️ 未找到 training.scheduler，使用默认CosineAnnealingLR回退
2025-11-15 17:26:22,242 - INFO - ✅ 调度器: CosineAnnealingLR (T_max=50, eta_min=1e-06)
2025-11-15 17:26:22,242 - INFO - ✅ AMP: dtype=bf16, GradScaler=off, device=cuda
2025-11-15 17:26:22,242 - INFO - ✅ 学习率: 0.001
2025-11-15 17:26:22,253 - INFO - 输出目录: paper_package/multi_model_scan_real_data/fno2d_s42/AR-DR2D-fno2d-s42_20251115_172622
2025-11-15 17:26:22,256 - INFO - 📝 已保存配置快照: paper_package/multi_model_scan_real_data/fno2d_s42/AR-DR2D-fno2d-s42_20251115_172622/config_merged.yaml
2025-11-15 17:26:22,257 - INFO - 设备选择: raw='cuda', normalized='cuda', final='cuda'
2025-11-15 17:26:22,257 - INFO - CPU线程设置: torch=0, interop=0, MKL=0, OMP=0, numexpr=0, openblas=0
2025-11-15 17:26:22,257 - INFO - 使用单GPU训练: cuda
2025-11-15 17:26:22,259 - INFO - 内存管理配置: {'gradient_accumulation_steps': 1, 'memory_cleanup_frequency': 10, 'auto_batch_size_reduction': True, 'memory_threshold': 0.9}, AMP dtype: default
2025-11-15 17:26:22,259 - INFO - 设置数据模块...
2025-11-15 17:26:22,259 - INFO - 使用训练批次大小: 256
2025-11-15 17:26:22,259 - INFO - 使用验证批次大小: 256
2025-11-15 17:26:22,259 - INFO - 使用测试批次大小: 1
2025-11-15 17:26:22,373 - INFO - 使用传统AR模型架构
2025-11-15 17:26:22,374 - INFO - 🏗️ 设置模型...
2025-11-15 17:26:22,374 - INFO - 使用模型架构: fno2d
2025-11-15 17:26:22,374 - INFO - 可用模型: ['attentionbranch', 'basemodel', 'causalconv1d', 'convblock', 'decoderblock', 'doubleconv', 'down', 'fno', 'fno2d', 'fnobranch', 'fnomodel', 'hybrid', 'hybridmodel', 'liif', 'liifmodel', 'mixermodel', 'mlpdecoder', 'mlpmixer', 'mlpmodel', 'outconv', 'patchembedding', 'segformer', 'segformerunetformer', 'simplecnnencoder', 'simpleencoder', 'sparseattentionencoder', 'sparseswinunet', 'spatialfeatureextractor', 'spectralconv2d', 'swin_unet', 'swint', 'swintemporalwrapper', 'swintransformertiny', 'swinunet', 'temporalconv1d', 'transformer', 'ufnomodel', 'ufnounet', 'unet', 'unetbranch', 'unetformer', 'unetmodel', 'unetplusplus', 'up', 'visiontransformer', 'vit']
2025-11-15 17:26:22,415 - INFO - Successfully created model FNO2d with parameters: ['in_channels', 'out_channels', 'img_size', 'modes1', 'modes2', 'width', 'n_layers', 'activation']
2025-11-15 17:26:22,415 - INFO - ✅ 成功使用增强加载器创建基础模型: FNO2d
2025-11-15 17:26:22,458 - INFO - Successfully created model FNO2d with parameters: ['in_channels', 'out_channels', 'img_size', 'modes1', 'modes2', 'width', 'n_layers', 'activation']
2025-11-15 17:26:22,977 - INFO - Model FNO2d forward test successful: torch.Size([1, 4, 128, 128]) → torch.Size([1, 1, 128, 128])
2025-11-15 17:26:22,978 - INFO - ✅ 模型前向传播测试通过
2025-11-15 17:26:22,981 - INFO - 🧩 BaseModel=FNO2d, Wrapper=ARWrapper, Device=cuda
2025-11-15 17:26:22,982 - INFO - 🔧 注意力: use_sdpa/flash=False, sdpa_kernel=auto, TF32=False
2025-11-15 17:26:22,982 - INFO - 🧪 AMP autocast dtype: default
2025-11-15 17:26:22,982 - INFO - ✅ 模型参数量: 4,744,129 (可训练: 4,744,129)
2025-11-15 17:26:23,019 - INFO - 📊 资源: FLOPs=0.268G@128², 延迟=1.40±0.01ms
2025-11-15 17:26:23,020 - INFO - ✅ 已提取归一化统计用于损失：提供 'mean/std' 通道级统计
2025-11-15 17:26:23,020 - INFO - ⚙️ 设置优化器...
2025-11-15 17:26:23,020 - WARNING - ⚠️ 未找到 training.optimizer，使用默认AdamW配置回退
2025-11-15 17:26:23,021 - INFO - ✅ 优化器: AdamW (fused=False, foreach=False, eps=1e-08, amsgrad=False)
2025-11-15 17:26:23,021 - WARNING - ⚠️ 未找到 training.scheduler，使用默认CosineAnnealingLR回退
2025-11-15 17:26:23,022 - INFO - ✅ 调度器: CosineAnnealingLR (T_max=50, eta_min=1e-06)
2025-11-15 17:26:23,022 - INFO - ✅ AMP: dtype=bf16, GradScaler=off, device=cuda
2025-11-15 17:26:23,022 - INFO - ✅ 学习率: 0.001
Traceback (most recent call last):
  File "/share/fandixiaLab/suguangsheng/PycharmProjects/Sparse2Full/tools/training/train_real_data_ar.py", line 4341, in <module>
    main()
  File "/share/fandixiaLab/suguangsheng/PycharmProjects/Sparse2Full/tools/training/train_real_data_ar.py", line 4244, in main
    trainer.train()
  File "/share/fandixiaLab/suguangsheng/PycharmProjects/Sparse2Full/tools/training/train_real_data_ar.py", line 4078, in train
    final_test_metrics = self.test_epoch()
                         ^^^^^^^^^^^^^^^^^
  File "/share/fandixiaLab/suguangsheng/PycharmProjects/Sparse2Full/tools/training/train_real_data_ar.py", line 2936, in test_epoch
    pred_seq = self.model.autoregressive_predict(input_seq, test_T_out, teacher=None, train_mode=False)
               ^^^^^^^^^^^^^^^^^^^^^^^^^^^^^^^^^^^^^^^^^^^^^^^^^^^^^^^^^^^^^^^^^^^^^^^^^^^^^^^^^^^^^^^^
  File "/share/fandixiaLab/suguangsheng/PycharmProjects/Sparse2Full/models/ar/wrapper.py", line 251, in autoregressive_predict
    return external_predict(
           ^^^^^^^^^^^^^^^^^
  File "/share/fandixiaLab/suguangsheng/PycharmProjects/Sparse2Full/models/ar/temporal_utils.py", line 58, in autoregressive_predict
    y_current = model(x_current)  # [B, C, H, W]
                ^^^^^^^^^^^^^^^^
  File "/share/fandixiaLab/suguangsheng/anaconda3/lib/python3.12/site-packages/torch/nn/modules/module.py", line 1751, in _wrapped_call_impl
    return self._call_impl(*args, **kwargs)
           ^^^^^^^^^^^^^^^^^^^^^^^^^^^^^^^^
  File "/share/fandixiaLab/suguangsheng/anaconda3/lib/python3.12/site-packages/torch/nn/modules/module.py", line 1762, in _call_impl
    return forward_call(*args, **kwargs)
           ^^^^^^^^^^^^^^^^^^^^^^^^^^^^^
  File "/share/fandixiaLab/suguangsheng/PycharmProjects/Sparse2Full/models/ar/wrapper.py", line 199, in forward
    return self.m(x_in)
           ^^^^^^^^^^^^
  File "/share/fandixiaLab/suguangsheng/anaconda3/lib/python3.12/site-packages/torch/nn/modules/module.py", line 1751, in _wrapped_call_impl
    return self._call_impl(*args, **kwargs)
           ^^^^^^^^^^^^^^^^^^^^^^^^^^^^^^^^
  File "/share/fandixiaLab/suguangsheng/anaconda3/lib/python3.12/site-packages/torch/nn/modules/module.py", line 1762, in _call_impl
    return forward_call(*args, **kwargs)
           ^^^^^^^^^^^^^^^^^^^^^^^^^^^^^
  File "/share/fandixiaLab/suguangsheng/PycharmProjects/Sparse2Full/models/fno2d.py", line 217, in forward
    x = self.fc0(x)
        ^^^^^^^^^^^
  File "/share/fandixiaLab/suguangsheng/anaconda3/lib/python3.12/site-packages/torch/nn/modules/module.py", line 1751, in _wrapped_call_impl
    return self._call_impl(*args, **kwargs)
           ^^^^^^^^^^^^^^^^^^^^^^^^^^^^^^^^
  File "/share/fandixiaLab/suguangsheng/anaconda3/lib/python3.12/site-packages/torch/nn/modules/module.py", line 1762, in _call_impl
    return forward_call(*args, **kwargs)
           ^^^^^^^^^^^^^^^^^^^^^^^^^^^^^
  File "/share/fandixiaLab/suguangsheng/anaconda3/lib/python3.12/site-packages/torch/nn/modules/linear.py", line 125, in forward
    return F.linear(input, self.weight, self.bias)
           ^^^^^^^^^^^^^^^^^^^^^^^^^^^^^^^^^^^^^^^
RuntimeError: mat1 and mat2 shapes cannot be multiplied (16384x4 and 6x64)

2025-11-15 17:26:29,810 - MultiModelScan - INFO - 
实验进度: [8/21] 模型: fno2d, 种子: 123
2025-11-15 17:26:29,810 - MultiModelScan - INFO - 开始实验: fno2d_s123
2025-11-15 17:26:40,471 - MultiModelScan - ERROR - ❌ 实验 fno2d_s123 失败 (用时: 10.7s)
2025-11-15 17:26:40,471 - MultiModelScan - ERROR - 错误信息: 2025-11-15 17:26:35,529 - INFO - 输出目录: paper_package/multi_model_scan_real_data/fno2d_s123/AR-DR2D-fno2d-s123_20251115_172635
2025-11-15 17:26:35,533 - INFO - 📝 已保存配置快照: paper_package/multi_model_scan_real_data/fno2d_s123/AR-DR2D-fno2d-s123_20251115_172635/config_merged.yaml
2025-11-15 17:26:35,535 - INFO - 设备选择: raw='cuda', normalized='cuda', final='cuda'
2025-11-15 17:26:35,535 - INFO - CPU线程设置: torch=0, interop=0, MKL=0, OMP=0, numexpr=0, openblas=0
2025-11-15 17:26:35,535 - INFO - 使用单GPU训练: cuda
2025-11-15 17:26:35,536 - INFO - 内存管理配置: {'gradient_accumulation_steps': 1, 'memory_cleanup_frequency': 10, 'auto_batch_size_reduction': True, 'memory_threshold': 0.9}, AMP dtype: default
2025-11-15 17:26:35,536 - INFO - 设置数据模块...
2025-11-15 17:26:35,536 - INFO - 使用训练批次大小: 256
2025-11-15 17:26:35,536 - INFO - 使用验证批次大小: 256
2025-11-15 17:26:35,536 - INFO - 使用测试批次大小: 1
2025-11-15 17:26:35,663 - INFO - 使用传统AR模型架构
2025-11-15 17:26:35,663 - INFO - 🏗️ 设置模型...
2025-11-15 17:26:35,664 - INFO - 使用模型架构: fno2d
2025-11-15 17:26:35,664 - INFO - 扫描模型目录: /share/fandixiaLab/suguangsheng/PycharmProjects/Sparse2Full/models
2025-11-15 17:26:35,682 - INFO - 已加载外部模型工厂函数
2025-11-15 17:26:35,682 - INFO - 扫描完成，发现 44 个模型类
2025-11-15 17:26:35,682 - INFO -   - sparseattentionencoder: SparseAttentionEncoder
2025-11-15 17:26:35,682 - INFO -   - sparseswinunet: SparseSwinUNet
2025-11-15 17:26:35,682 - INFO -   - basemodel: BaseModel
2025-11-15 17:26:35,682 - INFO -   - decoderblock: DecoderBlock
2025-11-15 17:26:35,682 - INFO -   - swinunet: SwinUNet
2025-11-15 17:26:35,682 - INFO -   - swintemporalwrapper: SwinTemporalWrapper
2025-11-15 17:26:35,682 - INFO -   - patchembedding: PatchEmbedding
2025-11-15 17:26:35,683 - INFO -   - vit: VisionTransformer
2025-11-15 17:26:35,683 - INFO -   - visiontransformer: VisionTransformer
2025-11-15 17:26:35,683 - INFO -   - hybridmodel: HybridModel
2025-11-15 17:26:35,683 - INFO -   - segformer: SegFormerUNetFormer
2025-11-15 17:26:35,683 - INFO -   - convblock: ConvBlock
2025-11-15 17:26:35,683 - INFO -   - unetformer: SegFormerUNetFormer
2025-11-15 17:26:35,683 - INFO -   - doubleconv: DoubleConv
2025-11-15 17:26:35,683 - INFO -   - down: Down
2025-11-15 17:26:35,683 - INFO -   - outconv: OutConv
2025-11-15 17:26:35,683 - INFO -   - unet: UNet
2025-11-15 17:26:35,683 - INFO -   - unetmodel: UNet
2025-11-15 17:26:35,683 - INFO -   - up: Up
2025-11-15 17:26:35,683 - INFO -   - unetplusplus: UNetPlusPlus
2025-11-15 17:26:35,683 - INFO -   - liif: LIIFModel
2025-11-15 17:26:35,683 - INFO -   - liifmodel: LIIFModel
2025-11-15 17:26:35,683 - INFO -   - simpleencoder: SimpleEncoder
2025-11-15 17:26:35,683 - INFO -   - attentionbranch: AttentionBranch
2025-11-15 17:26:35,683 - INFO -   - fnobranch: FNOBranch
2025-11-15 17:26:35,683 - INFO -   - unetbranch: UNetBranch
2025-11-15 17:26:35,683 - INFO -   - spatialfeatureextractor: SpatialFeatureExtractor
2025-11-15 17:26:35,683 - INFO -   - transformer: Transformer
2025-11-15 17:26:35,683 - INFO -   - fno: FNO2d
2025-11-15 17:26:35,683 - INFO -   - fno2d: FNO2d
2025-11-15 17:26:35,683 - INFO -   - spectralconv2d: SpectralConv2d
2025-11-15 17:26:35,683 - INFO -   - ufnomodel: UFNOUNet
2025-11-15 17:26:35,683 - INFO -   - ufnounet: UFNOUNet
2025-11-15 17:26:35,683 - INFO -   - fnomodel: FNO2d
2025-11-15 17:26:35,683 - INFO -   - mlpmodel: MLPModel
2025-11-15 17:26:35,683 - INFO -   - mlpdecoder: MLPDecoder
2025-11-15 17:26:35,683 - INFO -   - segformerunetformer: SegFormerUNetFormer
2025-11-15 17:26:35,683 - INFO -   - causalconv1d: CausalConv1D
2025-11-15 17:26:35,683 - INFO -   - temporalconv1d: TemporalConv1D
2025-11-15 17:26:35,683 - INFO -   - mlpmixer: MLPMixer
2025-11-15 17:26:35,683 - INFO -   - mixermodel: MLPMixer
2025-11-15 17:26:35,683 - INFO -   - swint: SwinTransformerTiny
2025-11-15 17:26:35,683 - INFO -   - swintransformertiny: SwinTransformerTiny
2025-11-15 17:26:35,683 - INFO -   - simplecnnencoder: SimpleCNNEncoder
2025-11-15 17:26:35,683 - INFO - 可用模型: ['attentionbranch', 'basemodel', 'causalconv1d', 'convblock', 'decoderblock', 'doubleconv', 'down', 'fno', 'fno2d', 'fnobranch', 'fnomodel', 'hybrid', 'hybridmodel', 'liif', 'liifmodel', 'mixermodel', 'mlpdecoder', 'mlpmixer', 'mlpmodel', 'outconv', 'patchembedding', 'segformer', 'segformerunetformer', 'simplecnnencoder', 'simpleencoder', 'sparseattentionencoder', 'sparseswinunet', 'spatialfeatureextractor', 'spectralconv2d', 'swin_unet', 'swint', 'swintemporalwrapper', 'swintransformertiny', 'swinunet', 'temporalconv1d', 'transformer', 'ufnomodel', 'ufnounet', 'unet', 'unetbranch', 'unetformer', 'unetmodel', 'unetplusplus', 'up', 'visiontransformer', 'vit']
2025-11-15 17:26:35,811 - INFO - Successfully created model FNO2d with parameters: ['in_channels', 'out_channels', 'img_size', 'modes1', 'modes2', 'width', 'n_layers', 'activation']
2025-11-15 17:26:35,811 - INFO - ✅ 成功使用增强加载器创建基础模型: FNO2d
2025-11-15 17:26:35,902 - INFO - Successfully created model FNO2d with parameters: ['in_channels', 'out_channels', 'img_size', 'modes1', 'modes2', 'width', 'n_layers', 'activation']
2025-11-15 17:26:36,496 - INFO - Model FNO2d forward test successful: torch.Size([1, 4, 128, 128]) → torch.Size([1, 1, 128, 128])
2025-11-15 17:26:36,496 - INFO - ✅ 模型前向传播测试通过
2025-11-15 17:26:36,607 - INFO - 🧩 BaseModel=FNO2d, Wrapper=ARWrapper, Device=cuda
2025-11-15 17:26:36,608 - INFO - 🔧 注意力: use_sdpa/flash=False, sdpa_kernel=auto, TF32=False
2025-11-15 17:26:36,608 - INFO - 🧪 AMP autocast dtype: default
2025-11-15 17:26:36,608 - INFO - ✅ 模型参数量: 4,744,129 (可训练: 4,744,129)
2025-11-15 17:26:36,759 - INFO - 📊 资源: FLOPs=0.268G@128², 延迟=1.42±0.02ms
2025-11-15 17:26:36,788 - INFO - ✅ 已提取归一化统计用于损失：提供 'mean/std' 通道级统计
2025-11-15 17:26:36,788 - INFO - ⚙️ 设置优化器...
2025-11-15 17:26:36,788 - WARNING - ⚠️ 未找到 training.optimizer，使用默认AdamW配置回退
2025-11-15 17:26:36,790 - INFO - ✅ 优化器: AdamW (fused=False, foreach=False, eps=1e-08, amsgrad=False)
2025-11-15 17:26:36,790 - WARNING - ⚠️ 未找到 training.scheduler，使用默认CosineAnnealingLR回退
2025-11-15 17:26:36,790 - INFO - ✅ 调度器: CosineAnnealingLR (T_max=50, eta_min=1e-06)
2025-11-15 17:26:36,791 - INFO - ✅ AMP: dtype=bf16, GradScaler=off, device=cuda
2025-11-15 17:26:36,791 - INFO - ✅ 学习率: 0.001
2025-11-15 17:26:36,791 - INFO - 🚀 Starting training...
2025-11-15 17:26:36,791 - INFO - 🕒 当前训练模式：自回归（启用时间预测）

Epoch 1:   0%|          | 0/273 [00:00<?, ?it/s]
Epoch 1:   0%|          | 0/273 [00:00<?, ?it/s]
2025-11-15 17:26:37,002 - ERROR - ❌ 训练过程中出现错误: mat1 and mat2 shapes cannot be multiplied (4194304x4 and 6x64)
Traceback (most recent call last):
  File "/share/fandixiaLab/suguangsheng/PycharmProjects/Sparse2Full/tools/training/train_real_data_ar.py", line 3877, in train
    train_loss = self.train_epoch(epoch)
                 ^^^^^^^^^^^^^^^^^^^^^^^
  File "/share/fandixiaLab/suguangsheng/PycharmProjects/Sparse2Full/tools/training/train_real_data_ar.py", line 2740, in train_epoch
    raise e
  File "/share/fandixiaLab/suguangsheng/PycharmProjects/Sparse2Full/tools/training/train_real_data_ar.py", line 2650, in train_epoch
    pred_seq = self.model(input_seq, current_T_out, target_seq)
               ^^^^^^^^^^^^^^^^^^^^^^^^^^^^^^^^^^^^^^^^^^^^^^^^
  File "/share/fandixiaLab/suguangsheng/anaconda3/lib/python3.12/site-packages/torch/nn/modules/module.py", line 1751, in _wrapped_call_impl
    return self._call_impl(*args, **kwargs)
           ^^^^^^^^^^^^^^^^^^^^^^^^^^^^^^^^
  File "/share/fandixiaLab/suguangsheng/anaconda3/lib/python3.12/site-packages/torch/nn/modules/module.py", line 1762, in _call_impl
    return forward_call(*args, **kwargs)
           ^^^^^^^^^^^^^^^^^^^^^^^^^^^^^
  File "/share/fandixiaLab/suguangsheng/PycharmProjects/Sparse2Full/models/ar/wrapper.py", line 214, in forward
    return self.autoregressive_predict(
           ^^^^^^^^^^^^^^^^^^^^^^^^^^^^
  File "/share/fandixiaLab/suguangsheng/PycharmProjects/Sparse2Full/models/ar/wrapper.py", line 251, in autoregressive_predict
    return external_predict(
           ^^^^^^^^^^^^^^^^^
  File "/share/fandixiaLab/suguangsheng/PycharmProjects/Sparse2Full/models/ar/temporal_utils.py", line 68, in autoregressive_predict
    y_current = model(x_current)  # [B, C, H, W]
                ^^^^^^^^^^^^^^^^
  File "/share/fandixiaLab/suguangsheng/anaconda3/lib/python3.12/site-packages/torch/nn/modules/module.py", line 1751, in _wrapped_call_impl
    return self._call_impl(*args, **kwargs)
           ^^^^^^^^^^^^^^^^^^^^^^^^^^^^^^^^
  File "/share/fandixiaLab/suguangsheng/anaconda3/lib/python3.12/site-packages/torch/nn/modules/module.py", line 1762, in _call_impl
    return forward_call(*args, **kwargs)
           ^^^^^^^^^^^^^^^^^^^^^^^^^^^^^
  File "/share/fandixiaLab/suguangsheng/PycharmProjects/Sparse2Full/models/ar/wrapper.py", line 199, in forward
    return self.m(x_in)
           ^^^^^^^^^^^^
  File "/share/fandixiaLab/suguangsheng/anaconda3/lib/python3.12/site-packages/torch/nn/modules/module.py", line 1751, in _wrapped_call_impl
    return self._call_impl(*args, **kwargs)
           ^^^^^^^^^^^^^^^^^^^^^^^^^^^^^^^^
  File "/share/fandixiaLab/suguangsheng/anaconda3/lib/python3.12/site-packages/torch/nn/modules/module.py", line 1762, in _call_impl
    return forward_call(*args, **kwargs)
           ^^^^^^^^^^^^^^^^^^^^^^^^^^^^^
  File "/share/fandixiaLab/suguangsheng/PycharmProjects/Sparse2Full/models/fno2d.py", line 217, in forward
    x = self.fc0(x)
        ^^^^^^^^^^^
  File "/share/fandixiaLab/suguangsheng/anaconda3/lib/python3.12/site-packages/torch/nn/modules/module.py", line 1751, in _wrapped_call_impl
    return self._call_impl(*args, **kwargs)
           ^^^^^^^^^^^^^^^^^^^^^^^^^^^^^^^^
  File "/share/fandixiaLab/suguangsheng/anaconda3/lib/python3.12/site-packages/torch/nn/modules/module.py", line 1762, in _call_impl
    return forward_call(*args, **kwargs)
           ^^^^^^^^^^^^^^^^^^^^^^^^^^^^^
  File "/share/fandixiaLab/suguangsheng/anaconda3/lib/python3.12/site-packages/torch/nn/modules/linear.py", line 125, in forward
    return F.linear(input, self.weight, self.bias)
           ^^^^^^^^^^^^^^^^^^^^^^^^^^^^^^^^^^^^^^^
RuntimeError: mat1 and mat2 shapes cannot be multiplied (4194304x4 and 6x64)
2025-11-15 17:26:37,004 - INFO - 🏁 Training finished, total time: 0.00 hours
2025-11-15 17:26:37,005 - INFO - ℹ️ Best checkpoint not found, using current model for final test evaluation
2025-11-15 17:26:37,005 - INFO - 🧪 开始测试集评估...

Testing:   0%|          | 0/15000 [00:00<?, ?it/s]
                                                  
2025-11-15 17:26:37,024 - INFO - 输出目录: paper_package/multi_model_scan_real_data/fno2d_s123/AR-DR2D-fno2d-s123_20251115_172637
2025-11-15 17:26:37,028 - INFO - 📝 已保存配置快照: paper_package/multi_model_scan_real_data/fno2d_s123/AR-DR2D-fno2d-s123_20251115_172637/config_merged.yaml
2025-11-15 17:26:37,028 - INFO - 设备选择: raw='cuda', normalized='cuda', final='cuda'
2025-11-15 17:26:37,028 - INFO - CPU线程设置: torch=0, interop=0, MKL=0, OMP=0, numexpr=0, openblas=0
2025-11-15 17:26:37,028 - INFO - 使用单GPU训练: cuda
2025-11-15 17:26:37,034 - INFO - 内存管理配置: {'gradient_accumulation_steps': 1, 'memory_cleanup_frequency': 10, 'auto_batch_size_reduction': True, 'memory_threshold': 0.9}, AMP dtype: default
2025-11-15 17:26:37,035 - INFO - 设置数据模块...
2025-11-15 17:26:37,035 - INFO - 使用训练批次大小: 256
2025-11-15 17:26:37,035 - INFO - 使用验证批次大小: 256
2025-11-15 17:26:37,035 - INFO - 使用测试批次大小: 1
2025-11-15 17:26:37,151 - INFO - 使用传统AR模型架构
2025-11-15 17:26:37,151 - INFO - 🏗️ 设置模型...
2025-11-15 17:26:37,151 - INFO - 使用模型架构: fno2d
2025-11-15 17:26:37,152 - INFO - 可用模型: ['attentionbranch', 'basemodel', 'causalconv1d', 'convblock', 'decoderblock', 'doubleconv', 'down', 'fno', 'fno2d', 'fnobranch', 'fnomodel', 'hybrid', 'hybridmodel', 'liif', 'liifmodel', 'mixermodel', 'mlpdecoder', 'mlpmixer', 'mlpmodel', 'outconv', 'patchembedding', 'segformer', 'segformerunetformer', 'simplecnnencoder', 'simpleencoder', 'sparseattentionencoder', 'sparseswinunet', 'spatialfeatureextractor', 'spectralconv2d', 'swin_unet', 'swint', 'swintemporalwrapper', 'swintransformertiny', 'swinunet', 'temporalconv1d', 'transformer', 'ufnomodel', 'ufnounet', 'unet', 'unetbranch', 'unetformer', 'unetmodel', 'unetplusplus', 'up', 'visiontransformer', 'vit']
2025-11-15 17:26:37,195 - INFO - Successfully created model FNO2d with parameters: ['in_channels', 'out_channels', 'img_size', 'modes1', 'modes2', 'width', 'n_layers', 'activation']
2025-11-15 17:26:37,195 - INFO - ✅ 成功使用增强加载器创建基础模型: FNO2d
2025-11-15 17:26:37,287 - INFO - Successfully created model FNO2d with parameters: ['in_channels', 'out_channels', 'img_size', 'modes1', 'modes2', 'width', 'n_layers', 'activation']
2025-11-15 17:26:37,744 - INFO - Model FNO2d forward test successful: torch.Size([1, 4, 128, 128]) → torch.Size([1, 1, 128, 128])
2025-11-15 17:26:37,745 - INFO - ✅ 模型前向传播测试通过
2025-11-15 17:26:37,752 - INFO - 🧩 BaseModel=FNO2d, Wrapper=ARWrapper, Device=cuda
2025-11-15 17:26:37,752 - INFO - 🔧 注意力: use_sdpa/flash=False, sdpa_kernel=auto, TF32=False
2025-11-15 17:26:37,752 - INFO - 🧪 AMP autocast dtype: default
2025-11-15 17:26:37,753 - INFO - ✅ 模型参数量: 4,744,129 (可训练: 4,744,129)
2025-11-15 17:26:37,792 - INFO - 📊 资源: FLOPs=0.268G@128², 延迟=1.43±0.01ms
2025-11-15 17:26:37,794 - INFO - ✅ 已提取归一化统计用于损失：提供 'mean/std' 通道级统计
2025-11-15 17:26:37,794 - INFO - ⚙️ 设置优化器...
2025-11-15 17:26:37,794 - WARNING - ⚠️ 未找到 training.optimizer，使用默认AdamW配置回退
2025-11-15 17:26:37,795 - INFO - ✅ 优化器: AdamW (fused=False, foreach=False, eps=1e-08, amsgrad=False)
2025-11-15 17:26:37,795 - WARNING - ⚠️ 未找到 training.scheduler，使用默认CosineAnnealingLR回退
2025-11-15 17:26:37,795 - INFO - ✅ 调度器: CosineAnnealingLR (T_max=50, eta_min=1e-06)
2025-11-15 17:26:37,796 - INFO - ✅ AMP: dtype=bf16, GradScaler=off, device=cuda
2025-11-15 17:26:37,796 - INFO - ✅ 学习率: 0.001
2025-11-15 17:26:37,802 - INFO - 输出目录: paper_package/multi_model_scan_real_data/fno2d_s123/AR-DR2D-fno2d-s123_20251115_172637
2025-11-15 17:26:37,807 - INFO - 📝 已保存配置快照: paper_package/multi_model_scan_real_data/fno2d_s123/AR-DR2D-fno2d-s123_20251115_172637/config_merged.yaml
2025-11-15 17:26:37,807 - INFO - 设备选择: raw='cuda', normalized='cuda', final='cuda'
2025-11-15 17:26:37,807 - INFO - CPU线程设置: torch=0, interop=0, MKL=0, OMP=0, numexpr=0, openblas=0
2025-11-15 17:26:37,808 - INFO - 使用单GPU训练: cuda
2025-11-15 17:26:37,809 - INFO - 内存管理配置: {'gradient_accumulation_steps': 1, 'memory_cleanup_frequency': 10, 'auto_batch_size_reduction': True, 'memory_threshold': 0.9}, AMP dtype: default
2025-11-15 17:26:37,809 - INFO - 设置数据模块...
2025-11-15 17:26:37,810 - INFO - 使用训练批次大小: 256
2025-11-15 17:26:37,810 - INFO - 使用验证批次大小: 256
2025-11-15 17:26:37,810 - INFO - 使用测试批次大小: 1
2025-11-15 17:26:37,925 - INFO - 使用传统AR模型架构
2025-11-15 17:26:37,925 - INFO - 🏗️ 设置模型...
2025-11-15 17:26:37,925 - INFO - 使用模型架构: fno2d
2025-11-15 17:26:37,926 - INFO - 可用模型: ['attentionbranch', 'basemodel', 'causalconv1d', 'convblock', 'decoderblock', 'doubleconv', 'down', 'fno', 'fno2d', 'fnobranch', 'fnomodel', 'hybrid', 'hybridmodel', 'liif', 'liifmodel', 'mixermodel', 'mlpdecoder', 'mlpmixer', 'mlpmodel', 'outconv', 'patchembedding', 'segformer', 'segformerunetformer', 'simplecnnencoder', 'simpleencoder', 'sparseattentionencoder', 'sparseswinunet', 'spatialfeatureextractor', 'spectralconv2d', 'swin_unet', 'swint', 'swintemporalwrapper', 'swintransformertiny', 'swinunet', 'temporalconv1d', 'transformer', 'ufnomodel', 'ufnounet', 'unet', 'unetbranch', 'unetformer', 'unetmodel', 'unetplusplus', 'up', 'visiontransformer', 'vit']
2025-11-15 17:26:38,012 - INFO - Successfully created model FNO2d with parameters: ['in_channels', 'out_channels', 'img_size', 'modes1', 'modes2', 'width', 'n_layers', 'activation']
2025-11-15 17:26:38,012 - INFO - ✅ 成功使用增强加载器创建基础模型: FNO2d
2025-11-15 17:26:38,076 - INFO - Successfully created model FNO2d with parameters: ['in_channels', 'out_channels', 'img_size', 'modes1', 'modes2', 'width', 'n_layers', 'activation']
2025-11-15 17:26:38,580 - INFO - Model FNO2d forward test successful: torch.Size([1, 4, 128, 128]) → torch.Size([1, 1, 128, 128])
2025-11-15 17:26:38,580 - INFO - ✅ 模型前向传播测试通过
2025-11-15 17:26:38,584 - INFO - 🧩 BaseModel=FNO2d, Wrapper=ARWrapper, Device=cuda
2025-11-15 17:26:38,584 - INFO - 🔧 注意力: use_sdpa/flash=False, sdpa_kernel=auto, TF32=False
2025-11-15 17:26:38,584 - INFO - 🧪 AMP autocast dtype: default
2025-11-15 17:26:38,584 - INFO - ✅ 模型参数量: 4,744,129 (可训练: 4,744,129)
2025-11-15 17:26:38,622 - INFO - 📊 资源: FLOPs=0.268G@128², 延迟=1.43±0.01ms
2025-11-15 17:26:38,623 - INFO - ✅ 已提取归一化统计用于损失：提供 'mean/std' 通道级统计
2025-11-15 17:26:38,623 - INFO - ⚙️ 设置优化器...
2025-11-15 17:26:38,623 - WARNING - ⚠️ 未找到 training.optimizer，使用默认AdamW配置回退
2025-11-15 17:26:38,624 - INFO - ✅ 优化器: AdamW (fused=False, foreach=False, eps=1e-08, amsgrad=False)
2025-11-15 17:26:38,624 - WARNING - ⚠️ 未找到 training.scheduler，使用默认CosineAnnealingLR回退
2025-11-15 17:26:38,625 - INFO - ✅ 调度器: CosineAnnealingLR (T_max=50, eta_min=1e-06)
2025-11-15 17:26:38,625 - INFO - ✅ AMP: dtype=bf16, GradScaler=off, device=cuda
2025-11-15 17:26:38,625 - INFO - ✅ 学习率: 0.001
Traceback (most recent call last):
  File "/share/fandixiaLab/suguangsheng/PycharmProjects/Sparse2Full/tools/training/train_real_data_ar.py", line 4341, in <module>
    main()
  File "/share/fandixiaLab/suguangsheng/PycharmProjects/Sparse2Full/tools/training/train_real_data_ar.py", line 4244, in main
    trainer.train()
  File "/share/fandixiaLab/suguangsheng/PycharmProjects/Sparse2Full/tools/training/train_real_data_ar.py", line 4078, in train
    final_test_metrics = self.test_epoch()
                         ^^^^^^^^^^^^^^^^^
  File "/share/fandixiaLab/suguangsheng/PycharmProjects/Sparse2Full/tools/training/train_real_data_ar.py", line 2936, in test_epoch
    pred_seq = self.model.autoregressive_predict(input_seq, test_T_out, teacher=None, train_mode=False)
               ^^^^^^^^^^^^^^^^^^^^^^^^^^^^^^^^^^^^^^^^^^^^^^^^^^^^^^^^^^^^^^^^^^^^^^^^^^^^^^^^^^^^^^^^
  File "/share/fandixiaLab/suguangsheng/PycharmProjects/Sparse2Full/models/ar/wrapper.py", line 251, in autoregressive_predict
    return external_predict(
           ^^^^^^^^^^^^^^^^^
  File "/share/fandixiaLab/suguangsheng/PycharmProjects/Sparse2Full/models/ar/temporal_utils.py", line 58, in autoregressive_predict
    y_current = model(x_current)  # [B, C, H, W]
                ^^^^^^^^^^^^^^^^
  File "/share/fandixiaLab/suguangsheng/anaconda3/lib/python3.12/site-packages/torch/nn/modules/module.py", line 1751, in _wrapped_call_impl
    return self._call_impl(*args, **kwargs)
           ^^^^^^^^^^^^^^^^^^^^^^^^^^^^^^^^
  File "/share/fandixiaLab/suguangsheng/anaconda3/lib/python3.12/site-packages/torch/nn/modules/module.py", line 1762, in _call_impl
    return forward_call(*args, **kwargs)
           ^^^^^^^^^^^^^^^^^^^^^^^^^^^^^
  File "/share/fandixiaLab/suguangsheng/PycharmProjects/Sparse2Full/models/ar/wrapper.py", line 199, in forward
    return self.m(x_in)
           ^^^^^^^^^^^^
  File "/share/fandixiaLab/suguangsheng/anaconda3/lib/python3.12/site-packages/torch/nn/modules/module.py", line 1751, in _wrapped_call_impl
    return self._call_impl(*args, **kwargs)
           ^^^^^^^^^^^^^^^^^^^^^^^^^^^^^^^^
  File "/share/fandixiaLab/suguangsheng/anaconda3/lib/python3.12/site-packages/torch/nn/modules/module.py", line 1762, in _call_impl
    return forward_call(*args, **kwargs)
           ^^^^^^^^^^^^^^^^^^^^^^^^^^^^^
  File "/share/fandixiaLab/suguangsheng/PycharmProjects/Sparse2Full/models/fno2d.py", line 217, in forward
    x = self.fc0(x)
        ^^^^^^^^^^^
  File "/share/fandixiaLab/suguangsheng/anaconda3/lib/python3.12/site-packages/torch/nn/modules/module.py", line 1751, in _wrapped_call_impl
    return self._call_impl(*args, **kwargs)
           ^^^^^^^^^^^^^^^^^^^^^^^^^^^^^^^^
  File "/share/fandixiaLab/suguangsheng/anaconda3/lib/python3.12/site-packages/torch/nn/modules/module.py", line 1762, in _call_impl
    return forward_call(*args, **kwargs)
           ^^^^^^^^^^^^^^^^^^^^^^^^^^^^^
  File "/share/fandixiaLab/suguangsheng/anaconda3/lib/python3.12/site-packages/torch/nn/modules/linear.py", line 125, in forward
    return F.linear(input, self.weight, self.bias)
           ^^^^^^^^^^^^^^^^^^^^^^^^^^^^^^^^^^^^^^^
RuntimeError: mat1 and mat2 shapes cannot be multiplied (16384x4 and 6x64)

2025-11-15 17:26:45,475 - MultiModelScan - INFO - 
实验进度: [9/21] 模型: fno2d, 种子: 456
2025-11-15 17:26:45,476 - MultiModelScan - INFO - 开始实验: fno2d_s456
2025-11-15 17:26:58,536 - MultiModelScan - ERROR - ❌ 实验 fno2d_s456 失败 (用时: 13.1s)
2025-11-15 17:26:58,536 - MultiModelScan - ERROR - 错误信息: 2025-11-15 17:26:53,487 - INFO - 输出目录: paper_package/multi_model_scan_real_data/fno2d_s456/AR-DR2D-fno2d-s456_20251115_172653
2025-11-15 17:26:53,492 - INFO - 📝 已保存配置快照: paper_package/multi_model_scan_real_data/fno2d_s456/AR-DR2D-fno2d-s456_20251115_172653/config_merged.yaml
2025-11-15 17:26:53,493 - INFO - 设备选择: raw='cuda', normalized='cuda', final='cuda'
2025-11-15 17:26:53,493 - INFO - CPU线程设置: torch=0, interop=0, MKL=0, OMP=0, numexpr=0, openblas=0
2025-11-15 17:26:53,493 - INFO - 使用单GPU训练: cuda
2025-11-15 17:26:53,494 - INFO - 内存管理配置: {'gradient_accumulation_steps': 1, 'memory_cleanup_frequency': 10, 'auto_batch_size_reduction': True, 'memory_threshold': 0.9}, AMP dtype: default
2025-11-15 17:26:53,494 - INFO - 设置数据模块...
2025-11-15 17:26:53,494 - INFO - 使用训练批次大小: 256
2025-11-15 17:26:53,494 - INFO - 使用验证批次大小: 256
2025-11-15 17:26:53,494 - INFO - 使用测试批次大小: 1
2025-11-15 17:26:53,618 - INFO - 使用传统AR模型架构
2025-11-15 17:26:53,618 - INFO - 🏗️ 设置模型...
2025-11-15 17:26:53,618 - INFO - 使用模型架构: fno2d
2025-11-15 17:26:53,618 - INFO - 扫描模型目录: /share/fandixiaLab/suguangsheng/PycharmProjects/Sparse2Full/models
2025-11-15 17:26:53,636 - INFO - 已加载外部模型工厂函数
2025-11-15 17:26:53,636 - INFO - 扫描完成，发现 44 个模型类
2025-11-15 17:26:53,636 - INFO -   - sparseattentionencoder: SparseAttentionEncoder
2025-11-15 17:26:53,636 - INFO -   - sparseswinunet: SparseSwinUNet
2025-11-15 17:26:53,636 - INFO -   - basemodel: BaseModel
2025-11-15 17:26:53,636 - INFO -   - decoderblock: DecoderBlock
2025-11-15 17:26:53,636 - INFO -   - swinunet: SwinUNet
2025-11-15 17:26:53,636 - INFO -   - swintemporalwrapper: SwinTemporalWrapper
2025-11-15 17:26:53,636 - INFO -   - patchembedding: PatchEmbedding
2025-11-15 17:26:53,636 - INFO -   - vit: VisionTransformer
2025-11-15 17:26:53,636 - INFO -   - visiontransformer: VisionTransformer
2025-11-15 17:26:53,636 - INFO -   - hybridmodel: HybridModel
2025-11-15 17:26:53,636 - INFO -   - segformer: SegFormerUNetFormer
2025-11-15 17:26:53,636 - INFO -   - convblock: ConvBlock
2025-11-15 17:26:53,636 - INFO -   - unetformer: SegFormerUNetFormer
2025-11-15 17:26:53,636 - INFO -   - doubleconv: DoubleConv
2025-11-15 17:26:53,636 - INFO -   - down: Down
2025-11-15 17:26:53,636 - INFO -   - outconv: OutConv
2025-11-15 17:26:53,636 - INFO -   - unet: UNet
2025-11-15 17:26:53,636 - INFO -   - unetmodel: UNet
2025-11-15 17:26:53,636 - INFO -   - up: Up
2025-11-15 17:26:53,636 - INFO -   - unetplusplus: UNetPlusPlus
2025-11-15 17:26:53,636 - INFO -   - liif: LIIFModel
2025-11-15 17:26:53,636 - INFO -   - liifmodel: LIIFModel
2025-11-15 17:26:53,636 - INFO -   - simpleencoder: SimpleEncoder
2025-11-15 17:26:53,636 - INFO -   - attentionbranch: AttentionBranch
2025-11-15 17:26:53,636 - INFO -   - fnobranch: FNOBranch
2025-11-15 17:26:53,636 - INFO -   - unetbranch: UNetBranch
2025-11-15 17:26:53,636 - INFO -   - spatialfeatureextractor: SpatialFeatureExtractor
2025-11-15 17:26:53,636 - INFO -   - transformer: Transformer
2025-11-15 17:26:53,636 - INFO -   - fno: FNO2d
2025-11-15 17:26:53,636 - INFO -   - fno2d: FNO2d
2025-11-15 17:26:53,636 - INFO -   - spectralconv2d: SpectralConv2d
2025-11-15 17:26:53,636 - INFO -   - ufnomodel: UFNOUNet
2025-11-15 17:26:53,636 - INFO -   - ufnounet: UFNOUNet
2025-11-15 17:26:53,636 - INFO -   - fnomodel: FNO2d
2025-11-15 17:26:53,636 - INFO -   - mlpmodel: MLPModel
2025-11-15 17:26:53,636 - INFO -   - mlpdecoder: MLPDecoder
2025-11-15 17:26:53,636 - INFO -   - segformerunetformer: SegFormerUNetFormer
2025-11-15 17:26:53,637 - INFO -   - causalconv1d: CausalConv1D
2025-11-15 17:26:53,637 - INFO -   - temporalconv1d: TemporalConv1D
2025-11-15 17:26:53,637 - INFO -   - mlpmixer: MLPMixer
2025-11-15 17:26:53,637 - INFO -   - mixermodel: MLPMixer
2025-11-15 17:26:53,637 - INFO -   - swint: SwinTransformerTiny
2025-11-15 17:26:53,637 - INFO -   - swintransformertiny: SwinTransformerTiny
2025-11-15 17:26:53,637 - INFO -   - simplecnnencoder: SimpleCNNEncoder
2025-11-15 17:26:53,637 - INFO - 可用模型: ['attentionbranch', 'basemodel', 'causalconv1d', 'convblock', 'decoderblock', 'doubleconv', 'down', 'fno', 'fno2d', 'fnobranch', 'fnomodel', 'hybrid', 'hybridmodel', 'liif', 'liifmodel', 'mixermodel', 'mlpdecoder', 'mlpmixer', 'mlpmodel', 'outconv', 'patchembedding', 'segformer', 'segformerunetformer', 'simplecnnencoder', 'simpleencoder', 'sparseattentionencoder', 'sparseswinunet', 'spatialfeatureextractor', 'spectralconv2d', 'swin_unet', 'swint', 'swintemporalwrapper', 'swintransformertiny', 'swinunet', 'temporalconv1d', 'transformer', 'ufnomodel', 'ufnounet', 'unet', 'unetbranch', 'unetformer', 'unetmodel', 'unetplusplus', 'up', 'visiontransformer', 'vit']
2025-11-15 17:26:53,821 - INFO - Successfully created model FNO2d with parameters: ['in_channels', 'out_channels', 'img_size', 'modes1', 'modes2', 'width', 'n_layers', 'activation']
2025-11-15 17:26:53,821 - INFO - ✅ 成功使用增强加载器创建基础模型: FNO2d
2025-11-15 17:26:53,998 - INFO - Successfully created model FNO2d with parameters: ['in_channels', 'out_channels', 'img_size', 'modes1', 'modes2', 'width', 'n_layers', 'activation']
2025-11-15 17:26:54,369 - INFO - Model FNO2d forward test successful: torch.Size([1, 4, 128, 128]) → torch.Size([1, 1, 128, 128])
2025-11-15 17:26:54,369 - INFO - ✅ 模型前向传播测试通过
2025-11-15 17:26:54,476 - INFO - 🧩 BaseModel=FNO2d, Wrapper=ARWrapper, Device=cuda
2025-11-15 17:26:54,477 - INFO - 🔧 注意力: use_sdpa/flash=False, sdpa_kernel=auto, TF32=False
2025-11-15 17:26:54,477 - INFO - 🧪 AMP autocast dtype: default
2025-11-15 17:26:54,478 - INFO - ✅ 模型参数量: 4,744,129 (可训练: 4,744,129)
2025-11-15 17:26:54,628 - INFO - 📊 资源: FLOPs=0.268G@128², 延迟=1.42±0.01ms
2025-11-15 17:26:54,630 - INFO - ✅ 已提取归一化统计用于损失：提供 'mean/std' 通道级统计
2025-11-15 17:26:54,630 - INFO - ⚙️ 设置优化器...
2025-11-15 17:26:54,630 - WARNING - ⚠️ 未找到 training.optimizer，使用默认AdamW配置回退
2025-11-15 17:26:54,631 - INFO - ✅ 优化器: AdamW (fused=False, foreach=False, eps=1e-08, amsgrad=False)
2025-11-15 17:26:54,632 - WARNING - ⚠️ 未找到 training.scheduler，使用默认CosineAnnealingLR回退
2025-11-15 17:26:54,632 - INFO - ✅ 调度器: CosineAnnealingLR (T_max=50, eta_min=1e-06)
2025-11-15 17:26:54,632 - INFO - ✅ AMP: dtype=bf16, GradScaler=off, device=cuda
2025-11-15 17:26:54,632 - INFO - ✅ 学习率: 0.001
2025-11-15 17:26:54,632 - INFO - 🚀 Starting training...
2025-11-15 17:26:54,633 - INFO - 🕒 当前训练模式：自回归（启用时间预测）

Epoch 1:   0%|          | 0/273 [00:00<?, ?it/s]
Epoch 1:   0%|          | 0/273 [00:00<?, ?it/s]
2025-11-15 17:26:54,821 - ERROR - ❌ 训练过程中出现错误: mat1 and mat2 shapes cannot be multiplied (4194304x4 and 6x64)
Traceback (most recent call last):
  File "/share/fandixiaLab/suguangsheng/PycharmProjects/Sparse2Full/tools/training/train_real_data_ar.py", line 3877, in train
    train_loss = self.train_epoch(epoch)
                 ^^^^^^^^^^^^^^^^^^^^^^^
  File "/share/fandixiaLab/suguangsheng/PycharmProjects/Sparse2Full/tools/training/train_real_data_ar.py", line 2740, in train_epoch
    raise e
  File "/share/fandixiaLab/suguangsheng/PycharmProjects/Sparse2Full/tools/training/train_real_data_ar.py", line 2650, in train_epoch
    pred_seq = self.model(input_seq, current_T_out, target_seq)
               ^^^^^^^^^^^^^^^^^^^^^^^^^^^^^^^^^^^^^^^^^^^^^^^^
  File "/share/fandixiaLab/suguangsheng/anaconda3/lib/python3.12/site-packages/torch/nn/modules/module.py", line 1751, in _wrapped_call_impl
    return self._call_impl(*args, **kwargs)
           ^^^^^^^^^^^^^^^^^^^^^^^^^^^^^^^^
  File "/share/fandixiaLab/suguangsheng/anaconda3/lib/python3.12/site-packages/torch/nn/modules/module.py", line 1762, in _call_impl
    return forward_call(*args, **kwargs)
           ^^^^^^^^^^^^^^^^^^^^^^^^^^^^^
  File "/share/fandixiaLab/suguangsheng/PycharmProjects/Sparse2Full/models/ar/wrapper.py", line 214, in forward
    return self.autoregressive_predict(
           ^^^^^^^^^^^^^^^^^^^^^^^^^^^^
  File "/share/fandixiaLab/suguangsheng/PycharmProjects/Sparse2Full/models/ar/wrapper.py", line 251, in autoregressive_predict
    return external_predict(
           ^^^^^^^^^^^^^^^^^
  File "/share/fandixiaLab/suguangsheng/PycharmProjects/Sparse2Full/models/ar/temporal_utils.py", line 68, in autoregressive_predict
    y_current = model(x_current)  # [B, C, H, W]
                ^^^^^^^^^^^^^^^^
  File "/share/fandixiaLab/suguangsheng/anaconda3/lib/python3.12/site-packages/torch/nn/modules/module.py", line 1751, in _wrapped_call_impl
    return self._call_impl(*args, **kwargs)
           ^^^^^^^^^^^^^^^^^^^^^^^^^^^^^^^^
  File "/share/fandixiaLab/suguangsheng/anaconda3/lib/python3.12/site-packages/torch/nn/modules/module.py", line 1762, in _call_impl
    return forward_call(*args, **kwargs)
           ^^^^^^^^^^^^^^^^^^^^^^^^^^^^^
  File "/share/fandixiaLab/suguangsheng/PycharmProjects/Sparse2Full/models/ar/wrapper.py", line 199, in forward
    return self.m(x_in)
           ^^^^^^^^^^^^
  File "/share/fandixiaLab/suguangsheng/anaconda3/lib/python3.12/site-packages/torch/nn/modules/module.py", line 1751, in _wrapped_call_impl
    return self._call_impl(*args, **kwargs)
           ^^^^^^^^^^^^^^^^^^^^^^^^^^^^^^^^
  File "/share/fandixiaLab/suguangsheng/anaconda3/lib/python3.12/site-packages/torch/nn/modules/module.py", line 1762, in _call_impl
    return forward_call(*args, **kwargs)
           ^^^^^^^^^^^^^^^^^^^^^^^^^^^^^
  File "/share/fandixiaLab/suguangsheng/PycharmProjects/Sparse2Full/models/fno2d.py", line 217, in forward
    x = self.fc0(x)
        ^^^^^^^^^^^
  File "/share/fandixiaLab/suguangsheng/anaconda3/lib/python3.12/site-packages/torch/nn/modules/module.py", line 1751, in _wrapped_call_impl
    return self._call_impl(*args, **kwargs)
           ^^^^^^^^^^^^^^^^^^^^^^^^^^^^^^^^
  File "/share/fandixiaLab/suguangsheng/anaconda3/lib/python3.12/site-packages/torch/nn/modules/module.py", line 1762, in _call_impl
    return forward_call(*args, **kwargs)
           ^^^^^^^^^^^^^^^^^^^^^^^^^^^^^
  File "/share/fandixiaLab/suguangsheng/anaconda3/lib/python3.12/site-packages/torch/nn/modules/linear.py", line 125, in forward
    return F.linear(input, self.weight, self.bias)
           ^^^^^^^^^^^^^^^^^^^^^^^^^^^^^^^^^^^^^^^
RuntimeError: mat1 and mat2 shapes cannot be multiplied (4194304x4 and 6x64)
2025-11-15 17:26:54,824 - INFO - 🏁 Training finished, total time: 0.00 hours
2025-11-15 17:26:54,824 - INFO - ℹ️ Best checkpoint not found, using current model for final test evaluation
2025-11-15 17:26:54,824 - INFO - 🧪 开始测试集评估...

Testing:   0%|          | 0/15000 [00:00<?, ?it/s]
                                                  
2025-11-15 17:26:54,839 - INFO - 输出目录: paper_package/multi_model_scan_real_data/fno2d_s456/AR-DR2D-fno2d-s456_20251115_172654
2025-11-15 17:26:54,843 - INFO - 📝 已保存配置快照: paper_package/multi_model_scan_real_data/fno2d_s456/AR-DR2D-fno2d-s456_20251115_172654/config_merged.yaml
2025-11-15 17:26:54,843 - INFO - 设备选择: raw='cuda', normalized='cuda', final='cuda'
2025-11-15 17:26:54,843 - INFO - CPU线程设置: torch=0, interop=0, MKL=0, OMP=0, numexpr=0, openblas=0
2025-11-15 17:26:54,844 - INFO - 使用单GPU训练: cuda
2025-11-15 17:26:54,850 - INFO - 内存管理配置: {'gradient_accumulation_steps': 1, 'memory_cleanup_frequency': 10, 'auto_batch_size_reduction': True, 'memory_threshold': 0.9}, AMP dtype: default
2025-11-15 17:26:54,850 - INFO - 设置数据模块...
2025-11-15 17:26:54,850 - INFO - 使用训练批次大小: 256
2025-11-15 17:26:54,850 - INFO - 使用验证批次大小: 256
2025-11-15 17:26:54,850 - INFO - 使用测试批次大小: 1
2025-11-15 17:26:54,966 - INFO - 使用传统AR模型架构
2025-11-15 17:26:54,967 - INFO - 🏗️ 设置模型...
2025-11-15 17:26:54,967 - INFO - 使用模型架构: fno2d
2025-11-15 17:26:54,967 - INFO - 可用模型: ['attentionbranch', 'basemodel', 'causalconv1d', 'convblock', 'decoderblock', 'doubleconv', 'down', 'fno', 'fno2d', 'fnobranch', 'fnomodel', 'hybrid', 'hybridmodel', 'liif', 'liifmodel', 'mixermodel', 'mlpdecoder', 'mlpmixer', 'mlpmodel', 'outconv', 'patchembedding', 'segformer', 'segformerunetformer', 'simplecnnencoder', 'simpleencoder', 'sparseattentionencoder', 'sparseswinunet', 'spatialfeatureextractor', 'spectralconv2d', 'swin_unet', 'swint', 'swintemporalwrapper', 'swintransformertiny', 'swinunet', 'temporalconv1d', 'transformer', 'ufnomodel', 'ufnounet', 'unet', 'unetbranch', 'unetformer', 'unetmodel', 'unetplusplus', 'up', 'visiontransformer', 'vit']
2025-11-15 17:26:55,010 - INFO - Successfully created model FNO2d with parameters: ['in_channels', 'out_channels', 'img_size', 'modes1', 'modes2', 'width', 'n_layers', 'activation']
2025-11-15 17:26:55,011 - INFO - ✅ 成功使用增强加载器创建基础模型: FNO2d
2025-11-15 17:26:55,060 - INFO - Successfully created model FNO2d with parameters: ['in_channels', 'out_channels', 'img_size', 'modes1', 'modes2', 'width', 'n_layers', 'activation']
2025-11-15 17:26:55,618 - INFO - Model FNO2d forward test successful: torch.Size([1, 4, 128, 128]) → torch.Size([1, 1, 128, 128])
2025-11-15 17:26:55,618 - INFO - ✅ 模型前向传播测试通过
2025-11-15 17:26:55,622 - INFO - 🧩 BaseModel=FNO2d, Wrapper=ARWrapper, Device=cuda
2025-11-15 17:26:55,622 - INFO - 🔧 注意力: use_sdpa/flash=False, sdpa_kernel=auto, TF32=False
2025-11-15 17:26:55,622 - INFO - 🧪 AMP autocast dtype: default
2025-11-15 17:26:55,622 - INFO - ✅ 模型参数量: 4,744,129 (可训练: 4,744,129)
2025-11-15 17:26:55,660 - INFO - 📊 资源: FLOPs=0.268G@128², 延迟=1.42±0.01ms
2025-11-15 17:26:55,661 - INFO - ✅ 已提取归一化统计用于损失：提供 'mean/std' 通道级统计
2025-11-15 17:26:55,661 - INFO - ⚙️ 设置优化器...
2025-11-15 17:26:55,661 - WARNING - ⚠️ 未找到 training.optimizer，使用默认AdamW配置回退
2025-11-15 17:26:55,662 - INFO - ✅ 优化器: AdamW (fused=False, foreach=False, eps=1e-08, amsgrad=False)
2025-11-15 17:26:55,662 - WARNING - ⚠️ 未找到 training.scheduler，使用默认CosineAnnealingLR回退
2025-11-15 17:26:55,663 - INFO - ✅ 调度器: CosineAnnealingLR (T_max=50, eta_min=1e-06)
2025-11-15 17:26:55,663 - INFO - ✅ AMP: dtype=bf16, GradScaler=off, device=cuda
2025-11-15 17:26:55,663 - INFO - ✅ 学习率: 0.001
2025-11-15 17:26:55,671 - INFO - 输出目录: paper_package/multi_model_scan_real_data/fno2d_s456/AR-DR2D-fno2d-s456_20251115_172655
2025-11-15 17:26:55,675 - INFO - 📝 已保存配置快照: paper_package/multi_model_scan_real_data/fno2d_s456/AR-DR2D-fno2d-s456_20251115_172655/config_merged.yaml
2025-11-15 17:26:55,675 - INFO - 设备选择: raw='cuda', normalized='cuda', final='cuda'
2025-11-15 17:26:55,675 - INFO - CPU线程设置: torch=0, interop=0, MKL=0, OMP=0, numexpr=0, openblas=0
2025-11-15 17:26:55,676 - INFO - 使用单GPU训练: cuda
2025-11-15 17:26:55,677 - INFO - 内存管理配置: {'gradient_accumulation_steps': 1, 'memory_cleanup_frequency': 10, 'auto_batch_size_reduction': True, 'memory_threshold': 0.9}, AMP dtype: default
2025-11-15 17:26:55,677 - INFO - 设置数据模块...
2025-11-15 17:26:55,677 - INFO - 使用训练批次大小: 256
2025-11-15 17:26:55,677 - INFO - 使用验证批次大小: 256
2025-11-15 17:26:55,678 - INFO - 使用测试批次大小: 1
2025-11-15 17:26:55,791 - INFO - 使用传统AR模型架构
2025-11-15 17:26:55,791 - INFO - 🏗️ 设置模型...
2025-11-15 17:26:55,791 - INFO - 使用模型架构: fno2d
2025-11-15 17:26:55,792 - INFO - 可用模型: ['attentionbranch', 'basemodel', 'causalconv1d', 'convblock', 'decoderblock', 'doubleconv', 'down', 'fno', 'fno2d', 'fnobranch', 'fnomodel', 'hybrid', 'hybridmodel', 'liif', 'liifmodel', 'mixermodel', 'mlpdecoder', 'mlpmixer', 'mlpmodel', 'outconv', 'patchembedding', 'segformer', 'segformerunetformer', 'simplecnnencoder', 'simpleencoder', 'sparseattentionencoder', 'sparseswinunet', 'spatialfeatureextractor', 'spectralconv2d', 'swin_unet', 'swint', 'swintemporalwrapper', 'swintransformertiny', 'swinunet', 'temporalconv1d', 'transformer', 'ufnomodel', 'ufnounet', 'unet', 'unetbranch', 'unetformer', 'unetmodel', 'unetplusplus', 'up', 'visiontransformer', 'vit']
2025-11-15 17:26:55,895 - INFO - Successfully created model FNO2d with parameters: ['in_channels', 'out_channels', 'img_size', 'modes1', 'modes2', 'width', 'n_layers', 'activation']
2025-11-15 17:26:55,895 - INFO - ✅ 成功使用增强加载器创建基础模型: FNO2d
2025-11-15 17:26:56,010 - INFO - Successfully created model FNO2d with parameters: ['in_channels', 'out_channels', 'img_size', 'modes1', 'modes2', 'width', 'n_layers', 'activation']
2025-11-15 17:26:56,579 - INFO - Model FNO2d forward test successful: torch.Size([1, 4, 128, 128]) → torch.Size([1, 1, 128, 128])
2025-11-15 17:26:56,579 - INFO - ✅ 模型前向传播测试通过
2025-11-15 17:26:56,583 - INFO - 🧩 BaseModel=FNO2d, Wrapper=ARWrapper, Device=cuda
2025-11-15 17:26:56,584 - INFO - 🔧 注意力: use_sdpa/flash=False, sdpa_kernel=auto, TF32=False
2025-11-15 17:26:56,584 - INFO - 🧪 AMP autocast dtype: default
2025-11-15 17:26:56,584 - INFO - ✅ 模型参数量: 4,744,129 (可训练: 4,744,129)
2025-11-15 17:26:56,623 - INFO - 📊 资源: FLOPs=0.268G@128², 延迟=1.41±0.01ms
2025-11-15 17:26:56,624 - INFO - ✅ 已提取归一化统计用于损失：提供 'mean/std' 通道级统计
2025-11-15 17:26:56,624 - INFO - ⚙️ 设置优化器...
2025-11-15 17:26:56,624 - WARNING - ⚠️ 未找到 training.optimizer，使用默认AdamW配置回退
2025-11-15 17:26:56,625 - INFO - ✅ 优化器: AdamW (fused=False, foreach=False, eps=1e-08, amsgrad=False)
2025-11-15 17:26:56,625 - WARNING - ⚠️ 未找到 training.scheduler，使用默认CosineAnnealingLR回退
2025-11-15 17:26:56,626 - INFO - ✅ 调度器: CosineAnnealingLR (T_max=50, eta_min=1e-06)
2025-11-15 17:26:56,626 - INFO - ✅ AMP: dtype=bf16, GradScaler=off, device=cuda
2025-11-15 17:26:56,626 - INFO - ✅ 学习率: 0.001
Traceback (most recent call last):
  File "/share/fandixiaLab/suguangsheng/PycharmProjects/Sparse2Full/tools/training/train_real_data_ar.py", line 4341, in <module>
    main()
  File "/share/fandixiaLab/suguangsheng/PycharmProjects/Sparse2Full/tools/training/train_real_data_ar.py", line 4244, in main
    trainer.train()
  File "/share/fandixiaLab/suguangsheng/PycharmProjects/Sparse2Full/tools/training/train_real_data_ar.py", line 4078, in train
    final_test_metrics = self.test_epoch()
                         ^^^^^^^^^^^^^^^^^
  File "/share/fandixiaLab/suguangsheng/PycharmProjects/Sparse2Full/tools/training/train_real_data_ar.py", line 2936, in test_epoch
    pred_seq = self.model.autoregressive_predict(input_seq, test_T_out, teacher=None, train_mode=False)
               ^^^^^^^^^^^^^^^^^^^^^^^^^^^^^^^^^^^^^^^^^^^^^^^^^^^^^^^^^^^^^^^^^^^^^^^^^^^^^^^^^^^^^^^^
  File "/share/fandixiaLab/suguangsheng/PycharmProjects/Sparse2Full/models/ar/wrapper.py", line 251, in autoregressive_predict
    return external_predict(
           ^^^^^^^^^^^^^^^^^
  File "/share/fandixiaLab/suguangsheng/PycharmProjects/Sparse2Full/models/ar/temporal_utils.py", line 58, in autoregressive_predict
    y_current = model(x_current)  # [B, C, H, W]
                ^^^^^^^^^^^^^^^^
  File "/share/fandixiaLab/suguangsheng/anaconda3/lib/python3.12/site-packages/torch/nn/modules/module.py", line 1751, in _wrapped_call_impl
    return self._call_impl(*args, **kwargs)
           ^^^^^^^^^^^^^^^^^^^^^^^^^^^^^^^^
  File "/share/fandixiaLab/suguangsheng/anaconda3/lib/python3.12/site-packages/torch/nn/modules/module.py", line 1762, in _call_impl
    return forward_call(*args, **kwargs)
           ^^^^^^^^^^^^^^^^^^^^^^^^^^^^^
  File "/share/fandixiaLab/suguangsheng/PycharmProjects/Sparse2Full/models/ar/wrapper.py", line 199, in forward
    return self.m(x_in)
           ^^^^^^^^^^^^
  File "/share/fandixiaLab/suguangsheng/anaconda3/lib/python3.12/site-packages/torch/nn/modules/module.py", line 1751, in _wrapped_call_impl
    return self._call_impl(*args, **kwargs)
           ^^^^^^^^^^^^^^^^^^^^^^^^^^^^^^^^
  File "/share/fandixiaLab/suguangsheng/anaconda3/lib/python3.12/site-packages/torch/nn/modules/module.py", line 1762, in _call_impl
    return forward_call(*args, **kwargs)
           ^^^^^^^^^^^^^^^^^^^^^^^^^^^^^
  File "/share/fandixiaLab/suguangsheng/PycharmProjects/Sparse2Full/models/fno2d.py", line 217, in forward
    x = self.fc0(x)
        ^^^^^^^^^^^
  File "/share/fandixiaLab/suguangsheng/anaconda3/lib/python3.12/site-packages/torch/nn/modules/module.py", line 1751, in _wrapped_call_impl
    return self._call_impl(*args, **kwargs)
           ^^^^^^^^^^^^^^^^^^^^^^^^^^^^^^^^
  File "/share/fandixiaLab/suguangsheng/anaconda3/lib/python3.12/site-packages/torch/nn/modules/module.py", line 1762, in _call_impl
    return forward_call(*args, **kwargs)
           ^^^^^^^^^^^^^^^^^^^^^^^^^^^^^
  File "/share/fandixiaLab/suguangsheng/anaconda3/lib/python3.12/site-packages/torch/nn/modules/linear.py", line 125, in forward
    return F.linear(input, self.weight, self.bias)
           ^^^^^^^^^^^^^^^^^^^^^^^^^^^^^^^^^^^^^^^
RuntimeError: mat1 and mat2 shapes cannot be multiplied (16384x4 and 6x64)

2025-11-15 17:27:03,541 - MultiModelScan - INFO - 
实验进度: [10/21] 模型: segformer, 种子: 42
2025-11-15 17:27:03,541 - MultiModelScan - INFO - 开始实验: segformer_s42
2025-11-15 17:27:18,930 - MultiModelScan - INFO - ============================================================
2025-11-15 17:27:18,930 - MultiModelScan - INFO - 开始多模型完整扫描实验
2025-11-15 17:27:18,930 - MultiModelScan - INFO - 总计: 7 个模型 × 3 个种子 = 21 个实验
2025-11-15 17:27:18,930 - MultiModelScan - INFO - ============================================================
2025-11-15 17:27:18,930 - MultiModelScan - INFO - 
🔍 开始baseline组实验 (4 个模型)
2025-11-15 17:27:18,930 - MultiModelScan - INFO - --------------------------------------------------
2025-11-15 17:27:18,930 - MultiModelScan - INFO - 
实验进度: [1/21] 模型: swin_unet, 种子: 42
2025-11-15 17:27:18,930 - MultiModelScan - INFO - 开始实验: swin_unet_s42
2025-11-15 17:57:03,813 - MultiModelScan - ERROR - ⏰ 实验 segformer_s42 超时 (30分钟)
2025-11-15 17:57:08,838 - MultiModelScan - INFO - 
实验进度: [11/21] 模型: segformer, 种子: 123
2025-11-15 17:57:08,838 - MultiModelScan - INFO - 开始实验: segformer_s123
2025-11-15 17:57:19,168 - MultiModelScan - ERROR - ⏰ 实验 swin_unet_s42 超时 (30分钟)
2025-11-15 17:57:24,223 - MultiModelScan - INFO - 
实验进度: [2/21] 模型: swin_unet, 种子: 123
2025-11-15 17:57:24,223 - MultiModelScan - INFO - 开始实验: swin_unet_s123
2025-11-15 18:27:09,035 - MultiModelScan - ERROR - ⏰ 实验 segformer_s123 超时 (30分钟)
2025-11-15 18:27:14,049 - MultiModelScan - INFO - 
实验进度: [12/21] 模型: segformer, 种子: 456
2025-11-15 18:27:14,049 - MultiModelScan - INFO - 开始实验: segformer_s456
2025-11-15 18:27:25,440 - MultiModelScan - ERROR - ⏰ 实验 swin_unet_s123 超时 (30分钟)
2025-11-15 18:27:30,443 - MultiModelScan - INFO - 
实验进度: [3/21] 模型: swin_unet, 种子: 456
2025-11-15 18:27:30,443 - MultiModelScan - INFO - 开始实验: swin_unet_s456
