2025-11-12 04:19:43,580 - spatiotemporal_trainer - INFO - 配置快照已保存到: /tmp/tmpzjisgxui/spatiotemporal_decomposition/config_merged.yaml
2025-11-12 04:19:44,101 - spatiotemporal_trainer - INFO - 配置快照已保存到: /tmp/tmpb77v9lmf/spatiotemporal_decomposition/config_merged.yaml
2025-11-12 04:19:44,101 - spatiotemporal_trainer - INFO - 配置快照已保存到: /tmp/tmpb77v9lmf/spatiotemporal_decomposition/config_merged.yaml
2025-11-12 04:19:44,427 - spatiotemporal_trainer - INFO - 数据管理器设置完成
2025-11-12 04:19:44,427 - spatiotemporal_trainer - INFO - 数据管理器设置完成
2025-11-12 04:19:44,428 - spatiotemporal_trainer - INFO - 模型设置完成
2025-11-12 04:19:44,428 - spatiotemporal_trainer - INFO - 模型设置完成
2025-11-12 04:19:44,428 - spatiotemporal_trainer - INFO - 训练器设置完成
2025-11-12 04:19:44,428 - spatiotemporal_trainer - INFO - 训练器设置完成
2025-11-12 04:19:44,920 - spatiotemporal_trainer - INFO - 配置快照已保存到: /tmp/tmpuiy7e01y/spatiotemporal_decomposition/config_merged.yaml
2025-11-12 04:19:44,920 - spatiotemporal_trainer - INFO - 配置快照已保存到: /tmp/tmpuiy7e01y/spatiotemporal_decomposition/config_merged.yaml
2025-11-12 04:19:44,920 - spatiotemporal_trainer - INFO - 配置快照已保存到: /tmp/tmpuiy7e01y/spatiotemporal_decomposition/config_merged.yaml
2025-11-12 04:19:44,973 - spatiotemporal_trainer - INFO - 数据管理器设置完成
2025-11-12 04:19:44,973 - spatiotemporal_trainer - INFO - 数据管理器设置完成
2025-11-12 04:19:44,973 - spatiotemporal_trainer - INFO - 数据管理器设置完成
2025-11-12 04:19:44,974 - spatiotemporal_trainer - INFO - 模型设置完成
2025-11-12 04:19:44,974 - spatiotemporal_trainer - INFO - 模型设置完成
2025-11-12 04:19:44,974 - spatiotemporal_trainer - INFO - 模型设置完成
2025-11-12 04:19:44,974 - spatiotemporal_trainer - INFO - 训练器设置完成
2025-11-12 04:19:44,974 - spatiotemporal_trainer - INFO - 训练器设置完成
2025-11-12 04:19:44,974 - spatiotemporal_trainer - INFO - 训练器设置完成
2025-11-12 04:19:45,869 - spatiotemporal_trainer - INFO - 配置快照已保存到: /tmp/tmpsg4dhgv3/spatiotemporal_decomposition/config_merged.yaml
2025-11-12 04:19:45,869 - spatiotemporal_trainer - INFO - 配置快照已保存到: /tmp/tmpsg4dhgv3/spatiotemporal_decomposition/config_merged.yaml
2025-11-12 04:19:45,869 - spatiotemporal_trainer - INFO - 配置快照已保存到: /tmp/tmpsg4dhgv3/spatiotemporal_decomposition/config_merged.yaml
2025-11-12 04:19:45,869 - spatiotemporal_trainer - INFO - 配置快照已保存到: /tmp/tmpsg4dhgv3/spatiotemporal_decomposition/config_merged.yaml
2025-11-12 04:19:45,923 - spatiotemporal_trainer - INFO - 数据管理器设置完成
2025-11-12 04:19:45,923 - spatiotemporal_trainer - INFO - 数据管理器设置完成
2025-11-12 04:19:45,923 - spatiotemporal_trainer - INFO - 数据管理器设置完成
2025-11-12 04:19:45,923 - spatiotemporal_trainer - INFO - 数据管理器设置完成
2025-11-12 04:19:45,923 - spatiotemporal_trainer - INFO - 模型设置完成
2025-11-12 04:19:45,923 - spatiotemporal_trainer - INFO - 模型设置完成
2025-11-12 04:19:45,923 - spatiotemporal_trainer - INFO - 模型设置完成
2025-11-12 04:19:45,923 - spatiotemporal_trainer - INFO - 模型设置完成
2025-11-12 04:19:45,923 - spatiotemporal_trainer - INFO - 训练器设置完成
2025-11-12 04:19:45,923 - spatiotemporal_trainer - INFO - 训练器设置完成
2025-11-12 04:19:45,923 - spatiotemporal_trainer - INFO - 训练器设置完成
2025-11-12 04:19:45,923 - spatiotemporal_trainer - INFO - 训练器设置完成
2025-11-12 04:19:46,667 - spatiotemporal_trainer - INFO - 配置快照已保存到: /tmp/tmpac1sars7/spatiotemporal_decomposition/config_merged.yaml
2025-11-12 04:19:46,667 - spatiotemporal_trainer - INFO - 配置快照已保存到: /tmp/tmpac1sars7/spatiotemporal_decomposition/config_merged.yaml
2025-11-12 04:19:46,667 - spatiotemporal_trainer - INFO - 配置快照已保存到: /tmp/tmpac1sars7/spatiotemporal_decomposition/config_merged.yaml
2025-11-12 04:19:46,667 - spatiotemporal_trainer - INFO - 配置快照已保存到: /tmp/tmpac1sars7/spatiotemporal_decomposition/config_merged.yaml
2025-11-12 04:19:46,667 - spatiotemporal_trainer - INFO - 配置快照已保存到: /tmp/tmpac1sars7/spatiotemporal_decomposition/config_merged.yaml
2025-11-12 04:19:46,726 - spatiotemporal_trainer - INFO - 数据管理器设置完成
2025-11-12 04:19:46,726 - spatiotemporal_trainer - INFO - 数据管理器设置完成
2025-11-12 04:19:46,726 - spatiotemporal_trainer - INFO - 数据管理器设置完成
2025-11-12 04:19:46,726 - spatiotemporal_trainer - INFO - 数据管理器设置完成
2025-11-12 04:19:46,726 - spatiotemporal_trainer - INFO - 数据管理器设置完成
2025-11-12 04:19:46,726 - spatiotemporal_trainer - INFO - 模型设置完成
2025-11-12 04:19:46,726 - spatiotemporal_trainer - INFO - 模型设置完成
2025-11-12 04:19:46,726 - spatiotemporal_trainer - INFO - 模型设置完成
2025-11-12 04:19:46,726 - spatiotemporal_trainer - INFO - 模型设置完成
2025-11-12 04:19:46,726 - spatiotemporal_trainer - INFO - 模型设置完成
2025-11-12 04:19:46,727 - spatiotemporal_trainer - INFO - 训练器设置完成
2025-11-12 04:19:46,727 - spatiotemporal_trainer - INFO - 训练器设置完成
2025-11-12 04:19:46,727 - spatiotemporal_trainer - INFO - 训练器设置完成
2025-11-12 04:19:46,727 - spatiotemporal_trainer - INFO - 训练器设置完成
2025-11-12 04:19:46,727 - spatiotemporal_trainer - INFO - 训练器设置完成
2025-11-12 04:19:47,341 - spatiotemporal_trainer - INFO - 配置快照已保存到: /tmp/tmpnddl93ww/spatiotemporal_decomposition/config_merged.yaml
2025-11-12 04:19:47,341 - spatiotemporal_trainer - INFO - 配置快照已保存到: /tmp/tmpnddl93ww/spatiotemporal_decomposition/config_merged.yaml
2025-11-12 04:19:47,341 - spatiotemporal_trainer - INFO - 配置快照已保存到: /tmp/tmpnddl93ww/spatiotemporal_decomposition/config_merged.yaml
2025-11-12 04:19:47,341 - spatiotemporal_trainer - INFO - 配置快照已保存到: /tmp/tmpnddl93ww/spatiotemporal_decomposition/config_merged.yaml
2025-11-12 04:19:47,341 - spatiotemporal_trainer - INFO - 配置快照已保存到: /tmp/tmpnddl93ww/spatiotemporal_decomposition/config_merged.yaml
2025-11-12 04:19:47,341 - spatiotemporal_trainer - INFO - 配置快照已保存到: /tmp/tmpnddl93ww/spatiotemporal_decomposition/config_merged.yaml
2025-11-12 04:19:47,391 - spatiotemporal_trainer - INFO - 数据管理器设置完成
2025-11-12 04:19:47,391 - spatiotemporal_trainer - INFO - 数据管理器设置完成
2025-11-12 04:19:47,391 - spatiotemporal_trainer - INFO - 数据管理器设置完成
2025-11-12 04:19:47,391 - spatiotemporal_trainer - INFO - 数据管理器设置完成
2025-11-12 04:19:47,391 - spatiotemporal_trainer - INFO - 数据管理器设置完成
2025-11-12 04:19:47,391 - spatiotemporal_trainer - INFO - 数据管理器设置完成
2025-11-12 04:19:47,392 - spatiotemporal_trainer - INFO - 模型设置完成
2025-11-12 04:19:47,392 - spatiotemporal_trainer - INFO - 模型设置完成
2025-11-12 04:19:47,392 - spatiotemporal_trainer - INFO - 模型设置完成
2025-11-12 04:19:47,392 - spatiotemporal_trainer - INFO - 模型设置完成
2025-11-12 04:19:47,392 - spatiotemporal_trainer - INFO - 模型设置完成
2025-11-12 04:19:47,392 - spatiotemporal_trainer - INFO - 模型设置完成
2025-11-12 04:19:47,392 - spatiotemporal_trainer - INFO - 训练器设置完成
2025-11-12 04:19:47,392 - spatiotemporal_trainer - INFO - 训练器设置完成
2025-11-12 04:19:47,392 - spatiotemporal_trainer - INFO - 训练器设置完成
2025-11-12 04:19:47,392 - spatiotemporal_trainer - INFO - 训练器设置完成
2025-11-12 04:19:47,392 - spatiotemporal_trainer - INFO - 训练器设置完成
2025-11-12 04:19:47,392 - spatiotemporal_trainer - INFO - 训练器设置完成
2025-11-12 04:19:47,392 - spatiotemporal_trainer - INFO - 开始时空分解训练
2025-11-12 04:19:47,392 - spatiotemporal_trainer - INFO - 开始时空分解训练
2025-11-12 04:19:47,392 - spatiotemporal_trainer - INFO - 开始时空分解训练
2025-11-12 04:19:47,392 - spatiotemporal_trainer - INFO - 开始时空分解训练
2025-11-12 04:19:47,392 - spatiotemporal_trainer - INFO - 开始时空分解训练
2025-11-12 04:19:47,392 - spatiotemporal_trainer - INFO - 开始时空分解训练
2025-11-12 04:19:47,392 - spatiotemporal_trainer - ERROR - 训练过程出错: Missing key spatial_pretrain
    full_key: training.spatial_pretrain
    object_type=dict
2025-11-12 04:19:47,392 - spatiotemporal_trainer - ERROR - 训练过程出错: Missing key spatial_pretrain
    full_key: training.spatial_pretrain
    object_type=dict
2025-11-12 04:19:47,392 - spatiotemporal_trainer - ERROR - 训练过程出错: Missing key spatial_pretrain
    full_key: training.spatial_pretrain
    object_type=dict
2025-11-12 04:19:47,392 - spatiotemporal_trainer - ERROR - 训练过程出错: Missing key spatial_pretrain
    full_key: training.spatial_pretrain
    object_type=dict
2025-11-12 04:19:47,392 - spatiotemporal_trainer - ERROR - 训练过程出错: Missing key spatial_pretrain
    full_key: training.spatial_pretrain
    object_type=dict
2025-11-12 04:19:47,392 - spatiotemporal_trainer - ERROR - 训练过程出错: Missing key spatial_pretrain
    full_key: training.spatial_pretrain
    object_type=dict
2025-11-12 04:19:47,954 - spatiotemporal_trainer - INFO - 配置快照已保存到: /tmp/tmpxe2yp4t4/spatiotemporal_decomposition/config_merged.yaml
2025-11-12 04:19:47,954 - spatiotemporal_trainer - INFO - 配置快照已保存到: /tmp/tmpxe2yp4t4/spatiotemporal_decomposition/config_merged.yaml
2025-11-12 04:19:47,954 - spatiotemporal_trainer - INFO - 配置快照已保存到: /tmp/tmpxe2yp4t4/spatiotemporal_decomposition/config_merged.yaml
2025-11-12 04:19:47,954 - spatiotemporal_trainer - INFO - 配置快照已保存到: /tmp/tmpxe2yp4t4/spatiotemporal_decomposition/config_merged.yaml
2025-11-12 04:19:47,954 - spatiotemporal_trainer - INFO - 配置快照已保存到: /tmp/tmpxe2yp4t4/spatiotemporal_decomposition/config_merged.yaml
2025-11-12 04:19:47,954 - spatiotemporal_trainer - INFO - 配置快照已保存到: /tmp/tmpxe2yp4t4/spatiotemporal_decomposition/config_merged.yaml
2025-11-12 04:19:47,954 - spatiotemporal_trainer - INFO - 配置快照已保存到: /tmp/tmpxe2yp4t4/spatiotemporal_decomposition/config_merged.yaml
2025-11-12 04:19:47,976 - spatiotemporal_trainer - INFO - 检查点已保存到: /tmp/tmp9uh8t87c.pt
2025-11-12 04:19:47,976 - spatiotemporal_trainer - INFO - 检查点已保存到: /tmp/tmp9uh8t87c.pt
2025-11-12 04:19:47,976 - spatiotemporal_trainer - INFO - 检查点已保存到: /tmp/tmp9uh8t87c.pt
2025-11-12 04:19:47,976 - spatiotemporal_trainer - INFO - 检查点已保存到: /tmp/tmp9uh8t87c.pt
2025-11-12 04:19:47,976 - spatiotemporal_trainer - INFO - 检查点已保存到: /tmp/tmp9uh8t87c.pt
2025-11-12 04:19:47,976 - spatiotemporal_trainer - INFO - 检查点已保存到: /tmp/tmp9uh8t87c.pt
2025-11-12 04:19:47,976 - spatiotemporal_trainer - INFO - 检查点已保存到: /tmp/tmp9uh8t87c.pt
2025-11-12 04:19:48,507 - spatiotemporal_trainer - INFO - 配置快照已保存到: /tmp/tmpn4ttmdmv/spatiotemporal_decomposition/config_merged.yaml
2025-11-12 04:19:48,507 - spatiotemporal_trainer - INFO - 配置快照已保存到: /tmp/tmpn4ttmdmv/spatiotemporal_decomposition/config_merged.yaml
2025-11-12 04:19:48,507 - spatiotemporal_trainer - INFO - 配置快照已保存到: /tmp/tmpn4ttmdmv/spatiotemporal_decomposition/config_merged.yaml
2025-11-12 04:19:48,507 - spatiotemporal_trainer - INFO - 配置快照已保存到: /tmp/tmpn4ttmdmv/spatiotemporal_decomposition/config_merged.yaml
2025-11-12 04:19:48,507 - spatiotemporal_trainer - INFO - 配置快照已保存到: /tmp/tmpn4ttmdmv/spatiotemporal_decomposition/config_merged.yaml
2025-11-12 04:19:48,507 - spatiotemporal_trainer - INFO - 配置快照已保存到: /tmp/tmpn4ttmdmv/spatiotemporal_decomposition/config_merged.yaml
2025-11-12 04:19:48,507 - spatiotemporal_trainer - INFO - 配置快照已保存到: /tmp/tmpn4ttmdmv/spatiotemporal_decomposition/config_merged.yaml
2025-11-12 04:19:48,507 - spatiotemporal_trainer - INFO - 配置快照已保存到: /tmp/tmpn4ttmdmv/spatiotemporal_decomposition/config_merged.yaml
2025-11-12 04:19:48,557 - spatiotemporal_trainer - INFO - 数据管理器设置完成
2025-11-12 04:19:48,557 - spatiotemporal_trainer - INFO - 数据管理器设置完成
2025-11-12 04:19:48,557 - spatiotemporal_trainer - INFO - 数据管理器设置完成
2025-11-12 04:19:48,557 - spatiotemporal_trainer - INFO - 数据管理器设置完成
2025-11-12 04:19:48,557 - spatiotemporal_trainer - INFO - 数据管理器设置完成
2025-11-12 04:19:48,557 - spatiotemporal_trainer - INFO - 数据管理器设置完成
2025-11-12 04:19:48,557 - spatiotemporal_trainer - INFO - 数据管理器设置完成
2025-11-12 04:19:48,557 - spatiotemporal_trainer - INFO - 数据管理器设置完成
2025-11-12 04:19:48,558 - spatiotemporal_trainer - INFO - 模型设置完成
2025-11-12 04:19:48,558 - spatiotemporal_trainer - INFO - 模型设置完成
2025-11-12 04:19:48,558 - spatiotemporal_trainer - INFO - 模型设置完成
2025-11-12 04:19:48,558 - spatiotemporal_trainer - INFO - 模型设置完成
2025-11-12 04:19:48,558 - spatiotemporal_trainer - INFO - 模型设置完成
2025-11-12 04:19:48,558 - spatiotemporal_trainer - INFO - 模型设置完成
2025-11-12 04:19:48,558 - spatiotemporal_trainer - INFO - 模型设置完成
2025-11-12 04:19:48,558 - spatiotemporal_trainer - INFO - 模型设置完成
2025-11-12 04:19:48,558 - spatiotemporal_trainer - INFO - 训练器设置完成
2025-11-12 04:19:48,558 - spatiotemporal_trainer - INFO - 训练器设置完成
2025-11-12 04:19:48,558 - spatiotemporal_trainer - INFO - 训练器设置完成
2025-11-12 04:19:48,558 - spatiotemporal_trainer - INFO - 训练器设置完成
2025-11-12 04:19:48,558 - spatiotemporal_trainer - INFO - 训练器设置完成
2025-11-12 04:19:48,558 - spatiotemporal_trainer - INFO - 训练器设置完成
2025-11-12 04:19:48,558 - spatiotemporal_trainer - INFO - 训练器设置完成
2025-11-12 04:19:48,558 - spatiotemporal_trainer - INFO - 训练器设置完成
2025-11-12 04:19:48,558 - spatiotemporal_trainer - INFO - 开始模型测试
2025-11-12 04:19:48,558 - spatiotemporal_trainer - INFO - 开始模型测试
2025-11-12 04:19:48,558 - spatiotemporal_trainer - INFO - 开始模型测试
2025-11-12 04:19:48,558 - spatiotemporal_trainer - INFO - 开始模型测试
2025-11-12 04:19:48,558 - spatiotemporal_trainer - INFO - 开始模型测试
2025-11-12 04:19:48,558 - spatiotemporal_trainer - INFO - 开始模型测试
2025-11-12 04:19:48,558 - spatiotemporal_trainer - INFO - 开始模型测试
2025-11-12 04:19:48,558 - spatiotemporal_trainer - INFO - 开始模型测试
2025-11-12 04:22:56,013 - spatiotemporal_trainer - INFO - 配置快照已保存到: /tmp/tmpin5gou8p/spatiotemporal_decomposition/config_merged.yaml
2025-11-12 04:22:56,729 - spatiotemporal_trainer - INFO - 配置快照已保存到: /tmp/tmpobdpyxmd/spatiotemporal_decomposition/config_merged.yaml
2025-11-12 04:22:56,729 - spatiotemporal_trainer - INFO - 配置快照已保存到: /tmp/tmpobdpyxmd/spatiotemporal_decomposition/config_merged.yaml
2025-11-12 04:22:57,198 - spatiotemporal_trainer - INFO - 数据管理器设置完成
2025-11-12 04:22:57,198 - spatiotemporal_trainer - INFO - 数据管理器设置完成
2025-11-12 04:22:57,199 - spatiotemporal_trainer - INFO - 模型设置完成
2025-11-12 04:22:57,199 - spatiotemporal_trainer - INFO - 模型设置完成
2025-11-12 04:22:57,199 - spatiotemporal_trainer - INFO - 训练器设置完成
2025-11-12 04:22:57,199 - spatiotemporal_trainer - INFO - 训练器设置完成
2025-11-12 04:22:58,338 - spatiotemporal_trainer - INFO - 配置快照已保存到: /tmp/tmpu8smhuc2/spatiotemporal_decomposition/config_merged.yaml
2025-11-12 04:22:58,338 - spatiotemporal_trainer - INFO - 配置快照已保存到: /tmp/tmpu8smhuc2/spatiotemporal_decomposition/config_merged.yaml
2025-11-12 04:22:58,338 - spatiotemporal_trainer - INFO - 配置快照已保存到: /tmp/tmpu8smhuc2/spatiotemporal_decomposition/config_merged.yaml
2025-11-12 04:22:58,388 - spatiotemporal_trainer - INFO - 数据管理器设置完成
2025-11-12 04:22:58,388 - spatiotemporal_trainer - INFO - 数据管理器设置完成
2025-11-12 04:22:58,388 - spatiotemporal_trainer - INFO - 数据管理器设置完成
2025-11-12 04:22:58,389 - spatiotemporal_trainer - INFO - 模型设置完成
2025-11-12 04:22:58,389 - spatiotemporal_trainer - INFO - 模型设置完成
2025-11-12 04:22:58,389 - spatiotemporal_trainer - INFO - 模型设置完成
2025-11-12 04:22:58,389 - spatiotemporal_trainer - INFO - 训练器设置完成
2025-11-12 04:22:58,389 - spatiotemporal_trainer - INFO - 训练器设置完成
2025-11-12 04:22:58,389 - spatiotemporal_trainer - INFO - 训练器设置完成
2025-11-12 04:22:58,895 - spatiotemporal_trainer - INFO - 配置快照已保存到: /tmp/tmpfk98u5ld/spatiotemporal_decomposition/config_merged.yaml
2025-11-12 04:22:58,895 - spatiotemporal_trainer - INFO - 配置快照已保存到: /tmp/tmpfk98u5ld/spatiotemporal_decomposition/config_merged.yaml
2025-11-12 04:22:58,895 - spatiotemporal_trainer - INFO - 配置快照已保存到: /tmp/tmpfk98u5ld/spatiotemporal_decomposition/config_merged.yaml
2025-11-12 04:22:58,895 - spatiotemporal_trainer - INFO - 配置快照已保存到: /tmp/tmpfk98u5ld/spatiotemporal_decomposition/config_merged.yaml
2025-11-12 04:22:58,945 - spatiotemporal_trainer - INFO - 数据管理器设置完成
2025-11-12 04:22:58,945 - spatiotemporal_trainer - INFO - 数据管理器设置完成
2025-11-12 04:22:58,945 - spatiotemporal_trainer - INFO - 数据管理器设置完成
2025-11-12 04:22:58,945 - spatiotemporal_trainer - INFO - 数据管理器设置完成
2025-11-12 04:22:58,945 - spatiotemporal_trainer - INFO - 模型设置完成
2025-11-12 04:22:58,945 - spatiotemporal_trainer - INFO - 模型设置完成
2025-11-12 04:22:58,945 - spatiotemporal_trainer - INFO - 模型设置完成
2025-11-12 04:22:58,945 - spatiotemporal_trainer - INFO - 模型设置完成
2025-11-12 04:22:58,945 - spatiotemporal_trainer - INFO - 训练器设置完成
2025-11-12 04:22:58,945 - spatiotemporal_trainer - INFO - 训练器设置完成
2025-11-12 04:22:58,945 - spatiotemporal_trainer - INFO - 训练器设置完成
2025-11-12 04:22:58,945 - spatiotemporal_trainer - INFO - 训练器设置完成
2025-11-12 04:22:59,750 - spatiotemporal_trainer - INFO - 配置快照已保存到: /tmp/tmpw1tgyha6/spatiotemporal_decomposition/config_merged.yaml
2025-11-12 04:22:59,750 - spatiotemporal_trainer - INFO - 配置快照已保存到: /tmp/tmpw1tgyha6/spatiotemporal_decomposition/config_merged.yaml
2025-11-12 04:22:59,750 - spatiotemporal_trainer - INFO - 配置快照已保存到: /tmp/tmpw1tgyha6/spatiotemporal_decomposition/config_merged.yaml
2025-11-12 04:22:59,750 - spatiotemporal_trainer - INFO - 配置快照已保存到: /tmp/tmpw1tgyha6/spatiotemporal_decomposition/config_merged.yaml
2025-11-12 04:22:59,750 - spatiotemporal_trainer - INFO - 配置快照已保存到: /tmp/tmpw1tgyha6/spatiotemporal_decomposition/config_merged.yaml
2025-11-12 04:22:59,802 - spatiotemporal_trainer - INFO - 数据管理器设置完成
2025-11-12 04:22:59,802 - spatiotemporal_trainer - INFO - 数据管理器设置完成
2025-11-12 04:22:59,802 - spatiotemporal_trainer - INFO - 数据管理器设置完成
2025-11-12 04:22:59,802 - spatiotemporal_trainer - INFO - 数据管理器设置完成
2025-11-12 04:22:59,802 - spatiotemporal_trainer - INFO - 数据管理器设置完成
2025-11-12 04:22:59,803 - spatiotemporal_trainer - INFO - 模型设置完成
2025-11-12 04:22:59,803 - spatiotemporal_trainer - INFO - 模型设置完成
2025-11-12 04:22:59,803 - spatiotemporal_trainer - INFO - 模型设置完成
2025-11-12 04:22:59,803 - spatiotemporal_trainer - INFO - 模型设置完成
2025-11-12 04:22:59,803 - spatiotemporal_trainer - INFO - 模型设置完成
2025-11-12 04:22:59,803 - spatiotemporal_trainer - INFO - 训练器设置完成
2025-11-12 04:22:59,803 - spatiotemporal_trainer - INFO - 训练器设置完成
2025-11-12 04:22:59,803 - spatiotemporal_trainer - INFO - 训练器设置完成
2025-11-12 04:22:59,803 - spatiotemporal_trainer - INFO - 训练器设置完成
2025-11-12 04:22:59,803 - spatiotemporal_trainer - INFO - 训练器设置完成
2025-11-12 04:25:35,760 - spatiotemporal_trainer - INFO - 配置快照已保存到: /tmp/tmpa6jm_e5a/spatiotemporal_decomposition/config_merged.yaml
2025-11-12 04:25:36,288 - spatiotemporal_trainer - INFO - 配置快照已保存到: /tmp/tmpeyqx92_4/spatiotemporal_decomposition/config_merged.yaml
2025-11-12 04:25:36,288 - spatiotemporal_trainer - INFO - 配置快照已保存到: /tmp/tmpeyqx92_4/spatiotemporal_decomposition/config_merged.yaml
2025-11-12 04:25:36,749 - spatiotemporal_trainer - INFO - 数据管理器设置完成
2025-11-12 04:25:36,749 - spatiotemporal_trainer - INFO - 数据管理器设置完成
2025-11-12 04:25:36,750 - spatiotemporal_trainer - INFO - 模型设置完成
2025-11-12 04:25:36,750 - spatiotemporal_trainer - INFO - 模型设置完成
2025-11-12 04:25:36,750 - spatiotemporal_trainer - INFO - 训练器设置完成
2025-11-12 04:25:36,750 - spatiotemporal_trainer - INFO - 训练器设置完成
2025-11-12 04:25:37,422 - spatiotemporal_trainer - INFO - 配置快照已保存到: /tmp/tmpw4b6u7je/spatiotemporal_decomposition/config_merged.yaml
2025-11-12 04:25:37,422 - spatiotemporal_trainer - INFO - 配置快照已保存到: /tmp/tmpw4b6u7je/spatiotemporal_decomposition/config_merged.yaml
2025-11-12 04:25:37,422 - spatiotemporal_trainer - INFO - 配置快照已保存到: /tmp/tmpw4b6u7je/spatiotemporal_decomposition/config_merged.yaml
2025-11-12 04:25:37,473 - spatiotemporal_trainer - INFO - 数据管理器设置完成
2025-11-12 04:25:37,473 - spatiotemporal_trainer - INFO - 数据管理器设置完成
2025-11-12 04:25:37,473 - spatiotemporal_trainer - INFO - 数据管理器设置完成
2025-11-12 04:25:37,473 - spatiotemporal_trainer - INFO - 模型设置完成
2025-11-12 04:25:37,473 - spatiotemporal_trainer - INFO - 模型设置完成
2025-11-12 04:25:37,473 - spatiotemporal_trainer - INFO - 模型设置完成
2025-11-12 04:25:37,473 - spatiotemporal_trainer - INFO - 训练器设置完成
2025-11-12 04:25:37,473 - spatiotemporal_trainer - INFO - 训练器设置完成
2025-11-12 04:25:37,473 - spatiotemporal_trainer - INFO - 训练器设置完成
2025-11-12 04:25:38,039 - spatiotemporal_trainer - INFO - 配置快照已保存到: /tmp/tmpjjj21ekn/spatiotemporal_decomposition/config_merged.yaml
2025-11-12 04:25:38,039 - spatiotemporal_trainer - INFO - 配置快照已保存到: /tmp/tmpjjj21ekn/spatiotemporal_decomposition/config_merged.yaml
2025-11-12 04:25:38,039 - spatiotemporal_trainer - INFO - 配置快照已保存到: /tmp/tmpjjj21ekn/spatiotemporal_decomposition/config_merged.yaml
2025-11-12 04:25:38,039 - spatiotemporal_trainer - INFO - 配置快照已保存到: /tmp/tmpjjj21ekn/spatiotemporal_decomposition/config_merged.yaml
2025-11-12 04:25:38,090 - spatiotemporal_trainer - INFO - 数据管理器设置完成
2025-11-12 04:25:38,090 - spatiotemporal_trainer - INFO - 数据管理器设置完成
2025-11-12 04:25:38,090 - spatiotemporal_trainer - INFO - 数据管理器设置完成
2025-11-12 04:25:38,090 - spatiotemporal_trainer - INFO - 数据管理器设置完成
2025-11-12 04:25:38,090 - spatiotemporal_trainer - INFO - 模型设置完成
2025-11-12 04:25:38,090 - spatiotemporal_trainer - INFO - 模型设置完成
2025-11-12 04:25:38,090 - spatiotemporal_trainer - INFO - 模型设置完成
2025-11-12 04:25:38,090 - spatiotemporal_trainer - INFO - 模型设置完成
2025-11-12 04:25:38,090 - spatiotemporal_trainer - INFO - 训练器设置完成
2025-11-12 04:25:38,090 - spatiotemporal_trainer - INFO - 训练器设置完成
2025-11-12 04:25:38,090 - spatiotemporal_trainer - INFO - 训练器设置完成
2025-11-12 04:25:38,090 - spatiotemporal_trainer - INFO - 训练器设置完成
2025-11-12 04:25:38,967 - spatiotemporal_trainer - INFO - 配置快照已保存到: /tmp/tmp0tisksuu/spatiotemporal_decomposition/config_merged.yaml
2025-11-12 04:25:38,967 - spatiotemporal_trainer - INFO - 配置快照已保存到: /tmp/tmp0tisksuu/spatiotemporal_decomposition/config_merged.yaml
2025-11-12 04:25:38,967 - spatiotemporal_trainer - INFO - 配置快照已保存到: /tmp/tmp0tisksuu/spatiotemporal_decomposition/config_merged.yaml
2025-11-12 04:25:38,967 - spatiotemporal_trainer - INFO - 配置快照已保存到: /tmp/tmp0tisksuu/spatiotemporal_decomposition/config_merged.yaml
2025-11-12 04:25:38,967 - spatiotemporal_trainer - INFO - 配置快照已保存到: /tmp/tmp0tisksuu/spatiotemporal_decomposition/config_merged.yaml
2025-11-12 04:25:39,017 - spatiotemporal_trainer - INFO - 数据管理器设置完成
2025-11-12 04:25:39,017 - spatiotemporal_trainer - INFO - 数据管理器设置完成
2025-11-12 04:25:39,017 - spatiotemporal_trainer - INFO - 数据管理器设置完成
2025-11-12 04:25:39,017 - spatiotemporal_trainer - INFO - 数据管理器设置完成
2025-11-12 04:25:39,017 - spatiotemporal_trainer - INFO - 数据管理器设置完成
2025-11-12 04:25:39,018 - spatiotemporal_trainer - INFO - 模型设置完成
2025-11-12 04:25:39,018 - spatiotemporal_trainer - INFO - 模型设置完成
2025-11-12 04:25:39,018 - spatiotemporal_trainer - INFO - 模型设置完成
2025-11-12 04:25:39,018 - spatiotemporal_trainer - INFO - 模型设置完成
2025-11-12 04:25:39,018 - spatiotemporal_trainer - INFO - 模型设置完成
2025-11-12 04:25:39,018 - spatiotemporal_trainer - INFO - 训练器设置完成
2025-11-12 04:25:39,018 - spatiotemporal_trainer - INFO - 训练器设置完成
2025-11-12 04:25:39,018 - spatiotemporal_trainer - INFO - 训练器设置完成
2025-11-12 04:25:39,018 - spatiotemporal_trainer - INFO - 训练器设置完成
2025-11-12 04:25:39,018 - spatiotemporal_trainer - INFO - 训练器设置完成
2025-11-12 04:25:39,718 - spatiotemporal_trainer - INFO - 配置快照已保存到: runs/spatiotemporal/spatiotemporal_decomposition/config_merged.yaml
2025-11-12 04:25:39,718 - spatiotemporal_trainer - INFO - 配置快照已保存到: runs/spatiotemporal/spatiotemporal_decomposition/config_merged.yaml
2025-11-12 04:25:39,718 - spatiotemporal_trainer - INFO - 配置快照已保存到: runs/spatiotemporal/spatiotemporal_decomposition/config_merged.yaml
2025-11-12 04:25:39,718 - spatiotemporal_trainer - INFO - 配置快照已保存到: runs/spatiotemporal/spatiotemporal_decomposition/config_merged.yaml
2025-11-12 04:25:39,718 - spatiotemporal_trainer - INFO - 配置快照已保存到: runs/spatiotemporal/spatiotemporal_decomposition/config_merged.yaml
2025-11-12 04:25:39,718 - spatiotemporal_trainer - INFO - 配置快照已保存到: runs/spatiotemporal/spatiotemporal_decomposition/config_merged.yaml
2025-11-12 04:25:39,718 - spatiotemporal_trainer - INFO - 开始时空分解训练
2025-11-12 04:25:39,718 - spatiotemporal_trainer - INFO - 开始时空分解训练
2025-11-12 04:25:39,718 - spatiotemporal_trainer - INFO - 开始时空分解训练
2025-11-12 04:25:39,718 - spatiotemporal_trainer - INFO - 开始时空分解训练
2025-11-12 04:25:39,718 - spatiotemporal_trainer - INFO - 开始时空分解训练
2025-11-12 04:25:39,718 - spatiotemporal_trainer - INFO - 开始时空分解训练
2025-11-12 04:25:39,719 - spatiotemporal_trainer - ERROR - 训练过程出错: Missing key spatial_pretrain
    full_key: training.spatial_pretrain
    object_type=dict
2025-11-12 04:25:39,719 - spatiotemporal_trainer - ERROR - 训练过程出错: Missing key spatial_pretrain
    full_key: training.spatial_pretrain
    object_type=dict
2025-11-12 04:25:39,719 - spatiotemporal_trainer - ERROR - 训练过程出错: Missing key spatial_pretrain
    full_key: training.spatial_pretrain
    object_type=dict
2025-11-12 04:25:39,719 - spatiotemporal_trainer - ERROR - 训练过程出错: Missing key spatial_pretrain
    full_key: training.spatial_pretrain
    object_type=dict
2025-11-12 04:25:39,719 - spatiotemporal_trainer - ERROR - 训练过程出错: Missing key spatial_pretrain
    full_key: training.spatial_pretrain
    object_type=dict
2025-11-12 04:25:39,719 - spatiotemporal_trainer - ERROR - 训练过程出错: Missing key spatial_pretrain
    full_key: training.spatial_pretrain
    object_type=dict
2025-11-12 04:25:40,396 - spatiotemporal_trainer - INFO - 配置快照已保存到: runs/spatiotemporal/spatiotemporal_decomposition/config_merged.yaml
2025-11-12 04:25:40,396 - spatiotemporal_trainer - INFO - 配置快照已保存到: runs/spatiotemporal/spatiotemporal_decomposition/config_merged.yaml
2025-11-12 04:25:40,396 - spatiotemporal_trainer - INFO - 配置快照已保存到: runs/spatiotemporal/spatiotemporal_decomposition/config_merged.yaml
2025-11-12 04:25:40,396 - spatiotemporal_trainer - INFO - 配置快照已保存到: runs/spatiotemporal/spatiotemporal_decomposition/config_merged.yaml
2025-11-12 04:25:40,396 - spatiotemporal_trainer - INFO - 配置快照已保存到: runs/spatiotemporal/spatiotemporal_decomposition/config_merged.yaml
2025-11-12 04:25:40,396 - spatiotemporal_trainer - INFO - 配置快照已保存到: runs/spatiotemporal/spatiotemporal_decomposition/config_merged.yaml
2025-11-12 04:25:40,396 - spatiotemporal_trainer - INFO - 配置快照已保存到: runs/spatiotemporal/spatiotemporal_decomposition/config_merged.yaml
2025-11-12 04:25:41,233 - spatiotemporal_trainer - INFO - 配置快照已保存到: runs/spatiotemporal/spatiotemporal_decomposition/config_merged.yaml
2025-11-12 04:25:41,233 - spatiotemporal_trainer - INFO - 配置快照已保存到: runs/spatiotemporal/spatiotemporal_decomposition/config_merged.yaml
2025-11-12 04:25:41,233 - spatiotemporal_trainer - INFO - 配置快照已保存到: runs/spatiotemporal/spatiotemporal_decomposition/config_merged.yaml
2025-11-12 04:25:41,233 - spatiotemporal_trainer - INFO - 配置快照已保存到: runs/spatiotemporal/spatiotemporal_decomposition/config_merged.yaml
2025-11-12 04:25:41,233 - spatiotemporal_trainer - INFO - 配置快照已保存到: runs/spatiotemporal/spatiotemporal_decomposition/config_merged.yaml
2025-11-12 04:25:41,233 - spatiotemporal_trainer - INFO - 配置快照已保存到: runs/spatiotemporal/spatiotemporal_decomposition/config_merged.yaml
2025-11-12 04:25:41,233 - spatiotemporal_trainer - INFO - 配置快照已保存到: runs/spatiotemporal/spatiotemporal_decomposition/config_merged.yaml
2025-11-12 04:25:41,233 - spatiotemporal_trainer - INFO - 配置快照已保存到: runs/spatiotemporal/spatiotemporal_decomposition/config_merged.yaml
2025-11-12 04:25:41,234 - spatiotemporal_trainer - INFO - 开始模型测试
2025-11-12 04:25:41,234 - spatiotemporal_trainer - INFO - 开始模型测试
2025-11-12 04:25:41,234 - spatiotemporal_trainer - INFO - 开始模型测试
2025-11-12 04:25:41,234 - spatiotemporal_trainer - INFO - 开始模型测试
2025-11-12 04:25:41,234 - spatiotemporal_trainer - INFO - 开始模型测试
2025-11-12 04:25:41,234 - spatiotemporal_trainer - INFO - 开始模型测试
2025-11-12 04:25:41,234 - spatiotemporal_trainer - INFO - 开始模型测试
2025-11-12 04:25:41,234 - spatiotemporal_trainer - INFO - 开始模型测试
2025-11-12 04:27:41,337 - spatiotemporal_trainer - INFO - 配置快照已保存到: /tmp/tmpo6pb33jz/spatiotemporal_decomposition/config_merged.yaml
2025-11-12 04:27:42,020 - spatiotemporal_trainer - INFO - 配置快照已保存到: /tmp/tmprlgzharh/spatiotemporal_decomposition/config_merged.yaml
2025-11-12 04:27:42,020 - spatiotemporal_trainer - INFO - 配置快照已保存到: /tmp/tmprlgzharh/spatiotemporal_decomposition/config_merged.yaml
2025-11-12 04:27:42,021 - spatiotemporal_trainer - INFO - 数据管理器设置完成
2025-11-12 04:27:42,021 - spatiotemporal_trainer - INFO - 数据管理器设置完成
2025-11-12 04:27:42,021 - spatiotemporal_trainer - INFO - 模型设置完成
2025-11-12 04:27:42,021 - spatiotemporal_trainer - INFO - 模型设置完成
2025-11-12 04:27:42,022 - spatiotemporal_trainer - INFO - 训练器设置完成
2025-11-12 04:27:42,022 - spatiotemporal_trainer - INFO - 训练器设置完成
2025-11-12 04:27:42,562 - spatiotemporal_trainer - INFO - 配置快照已保存到: /tmp/tmpxyqfdjbr/spatiotemporal_decomposition/config_merged.yaml
2025-11-12 04:27:42,562 - spatiotemporal_trainer - INFO - 配置快照已保存到: /tmp/tmpxyqfdjbr/spatiotemporal_decomposition/config_merged.yaml
2025-11-12 04:27:42,562 - spatiotemporal_trainer - INFO - 配置快照已保存到: /tmp/tmpxyqfdjbr/spatiotemporal_decomposition/config_merged.yaml
2025-11-12 04:27:43,175 - spatiotemporal_trainer - INFO - 配置快照已保存到: /tmp/tmpi9jv9arh/spatiotemporal_decomposition/config_merged.yaml
2025-11-12 04:27:43,175 - spatiotemporal_trainer - INFO - 配置快照已保存到: /tmp/tmpi9jv9arh/spatiotemporal_decomposition/config_merged.yaml
2025-11-12 04:27:43,175 - spatiotemporal_trainer - INFO - 配置快照已保存到: /tmp/tmpi9jv9arh/spatiotemporal_decomposition/config_merged.yaml
2025-11-12 04:27:43,175 - spatiotemporal_trainer - INFO - 配置快照已保存到: /tmp/tmpi9jv9arh/spatiotemporal_decomposition/config_merged.yaml
2025-11-12 04:27:43,710 - spatiotemporal_trainer - INFO - 配置快照已保存到: /tmp/tmpic93b22b/spatiotemporal_decomposition/config_merged.yaml
2025-11-12 04:27:43,710 - spatiotemporal_trainer - INFO - 配置快照已保存到: /tmp/tmpic93b22b/spatiotemporal_decomposition/config_merged.yaml
2025-11-12 04:27:43,710 - spatiotemporal_trainer - INFO - 配置快照已保存到: /tmp/tmpic93b22b/spatiotemporal_decomposition/config_merged.yaml
2025-11-12 04:27:43,710 - spatiotemporal_trainer - INFO - 配置快照已保存到: /tmp/tmpic93b22b/spatiotemporal_decomposition/config_merged.yaml
2025-11-12 04:27:43,710 - spatiotemporal_trainer - INFO - 配置快照已保存到: /tmp/tmpic93b22b/spatiotemporal_decomposition/config_merged.yaml
2025-11-12 04:27:44,290 - spatiotemporal_trainer - INFO - 配置快照已保存到: runs/spatiotemporal/spatiotemporal_decomposition/config_merged.yaml
2025-11-12 04:27:44,290 - spatiotemporal_trainer - INFO - 配置快照已保存到: runs/spatiotemporal/spatiotemporal_decomposition/config_merged.yaml
2025-11-12 04:27:44,290 - spatiotemporal_trainer - INFO - 配置快照已保存到: runs/spatiotemporal/spatiotemporal_decomposition/config_merged.yaml
2025-11-12 04:27:44,290 - spatiotemporal_trainer - INFO - 配置快照已保存到: runs/spatiotemporal/spatiotemporal_decomposition/config_merged.yaml
2025-11-12 04:27:44,290 - spatiotemporal_trainer - INFO - 配置快照已保存到: runs/spatiotemporal/spatiotemporal_decomposition/config_merged.yaml
2025-11-12 04:27:44,290 - spatiotemporal_trainer - INFO - 配置快照已保存到: runs/spatiotemporal/spatiotemporal_decomposition/config_merged.yaml
2025-11-12 04:27:44,290 - spatiotemporal_trainer - INFO - 开始时空分解训练
2025-11-12 04:27:44,290 - spatiotemporal_trainer - INFO - 开始时空分解训练
2025-11-12 04:27:44,290 - spatiotemporal_trainer - INFO - 开始时空分解训练
2025-11-12 04:27:44,290 - spatiotemporal_trainer - INFO - 开始时空分解训练
2025-11-12 04:27:44,290 - spatiotemporal_trainer - INFO - 开始时空分解训练
2025-11-12 04:27:44,290 - spatiotemporal_trainer - INFO - 开始时空分解训练
2025-11-12 04:27:44,290 - spatiotemporal_trainer - ERROR - 训练过程出错: Missing key spatial_pretrain
    full_key: training.spatial_pretrain
    object_type=dict
2025-11-12 04:27:44,290 - spatiotemporal_trainer - ERROR - 训练过程出错: Missing key spatial_pretrain
    full_key: training.spatial_pretrain
    object_type=dict
2025-11-12 04:27:44,290 - spatiotemporal_trainer - ERROR - 训练过程出错: Missing key spatial_pretrain
    full_key: training.spatial_pretrain
    object_type=dict
2025-11-12 04:27:44,290 - spatiotemporal_trainer - ERROR - 训练过程出错: Missing key spatial_pretrain
    full_key: training.spatial_pretrain
    object_type=dict
2025-11-12 04:27:44,290 - spatiotemporal_trainer - ERROR - 训练过程出错: Missing key spatial_pretrain
    full_key: training.spatial_pretrain
    object_type=dict
2025-11-12 04:27:44,290 - spatiotemporal_trainer - ERROR - 训练过程出错: Missing key spatial_pretrain
    full_key: training.spatial_pretrain
    object_type=dict
2025-11-12 04:27:44,826 - spatiotemporal_trainer - INFO - 配置快照已保存到: runs/spatiotemporal/spatiotemporal_decomposition/config_merged.yaml
2025-11-12 04:27:44,826 - spatiotemporal_trainer - INFO - 配置快照已保存到: runs/spatiotemporal/spatiotemporal_decomposition/config_merged.yaml
2025-11-12 04:27:44,826 - spatiotemporal_trainer - INFO - 配置快照已保存到: runs/spatiotemporal/spatiotemporal_decomposition/config_merged.yaml
2025-11-12 04:27:44,826 - spatiotemporal_trainer - INFO - 配置快照已保存到: runs/spatiotemporal/spatiotemporal_decomposition/config_merged.yaml
2025-11-12 04:27:44,826 - spatiotemporal_trainer - INFO - 配置快照已保存到: runs/spatiotemporal/spatiotemporal_decomposition/config_merged.yaml
2025-11-12 04:27:44,826 - spatiotemporal_trainer - INFO - 配置快照已保存到: runs/spatiotemporal/spatiotemporal_decomposition/config_merged.yaml
2025-11-12 04:27:44,826 - spatiotemporal_trainer - INFO - 配置快照已保存到: runs/spatiotemporal/spatiotemporal_decomposition/config_merged.yaml
2025-11-12 04:27:44,827 - spatiotemporal_trainer - ERROR - 保存检查点失败: expected 'f' to be string, path, or a file-like object with a 'write' attribute
2025-11-12 04:27:44,827 - spatiotemporal_trainer - ERROR - 保存检查点失败: expected 'f' to be string, path, or a file-like object with a 'write' attribute
2025-11-12 04:27:44,827 - spatiotemporal_trainer - ERROR - 保存检查点失败: expected 'f' to be string, path, or a file-like object with a 'write' attribute
2025-11-12 04:27:44,827 - spatiotemporal_trainer - ERROR - 保存检查点失败: expected 'f' to be string, path, or a file-like object with a 'write' attribute
2025-11-12 04:27:44,827 - spatiotemporal_trainer - ERROR - 保存检查点失败: expected 'f' to be string, path, or a file-like object with a 'write' attribute
2025-11-12 04:27:44,827 - spatiotemporal_trainer - ERROR - 保存检查点失败: expected 'f' to be string, path, or a file-like object with a 'write' attribute
2025-11-12 04:27:44,827 - spatiotemporal_trainer - ERROR - 保存检查点失败: expected 'f' to be string, path, or a file-like object with a 'write' attribute
2025-11-12 04:27:45,393 - spatiotemporal_trainer - INFO - 配置快照已保存到: runs/spatiotemporal/spatiotemporal_decomposition/config_merged.yaml
2025-11-12 04:27:45,393 - spatiotemporal_trainer - INFO - 配置快照已保存到: runs/spatiotemporal/spatiotemporal_decomposition/config_merged.yaml
2025-11-12 04:27:45,393 - spatiotemporal_trainer - INFO - 配置快照已保存到: runs/spatiotemporal/spatiotemporal_decomposition/config_merged.yaml
2025-11-12 04:27:45,393 - spatiotemporal_trainer - INFO - 配置快照已保存到: runs/spatiotemporal/spatiotemporal_decomposition/config_merged.yaml
2025-11-12 04:27:45,393 - spatiotemporal_trainer - INFO - 配置快照已保存到: runs/spatiotemporal/spatiotemporal_decomposition/config_merged.yaml
2025-11-12 04:27:45,393 - spatiotemporal_trainer - INFO - 配置快照已保存到: runs/spatiotemporal/spatiotemporal_decomposition/config_merged.yaml
2025-11-12 04:27:45,393 - spatiotemporal_trainer - INFO - 配置快照已保存到: runs/spatiotemporal/spatiotemporal_decomposition/config_merged.yaml
2025-11-12 04:27:45,393 - spatiotemporal_trainer - INFO - 配置快照已保存到: runs/spatiotemporal/spatiotemporal_decomposition/config_merged.yaml
2025-11-12 04:27:45,394 - spatiotemporal_trainer - INFO - 开始模型测试
2025-11-12 04:27:45,394 - spatiotemporal_trainer - INFO - 开始模型测试
2025-11-12 04:27:45,394 - spatiotemporal_trainer - INFO - 开始模型测试
2025-11-12 04:27:45,394 - spatiotemporal_trainer - INFO - 开始模型测试
2025-11-12 04:27:45,394 - spatiotemporal_trainer - INFO - 开始模型测试
2025-11-12 04:27:45,394 - spatiotemporal_trainer - INFO - 开始模型测试
2025-11-12 04:27:45,394 - spatiotemporal_trainer - INFO - 开始模型测试
2025-11-12 04:27:45,394 - spatiotemporal_trainer - INFO - 开始模型测试
2025-11-12 04:28:55,861 - spatiotemporal_trainer - INFO - 配置快照已保存到: /tmp/tmpd5n028ce/spatiotemporal_decomposition/config_merged.yaml
2025-11-12 04:28:56,516 - spatiotemporal_trainer - INFO - 配置快照已保存到: /tmp/tmps7dg3jvl/spatiotemporal_decomposition/config_merged.yaml
2025-11-12 04:28:56,516 - spatiotemporal_trainer - INFO - 配置快照已保存到: /tmp/tmps7dg3jvl/spatiotemporal_decomposition/config_merged.yaml
2025-11-12 04:28:56,516 - spatiotemporal_trainer - INFO - 数据管理器设置完成
2025-11-12 04:28:56,516 - spatiotemporal_trainer - INFO - 数据管理器设置完成
2025-11-12 04:28:56,516 - spatiotemporal_trainer - INFO - 模型设置完成
2025-11-12 04:28:56,516 - spatiotemporal_trainer - INFO - 模型设置完成
2025-11-12 04:28:56,516 - spatiotemporal_trainer - INFO - 训练器设置完成
2025-11-12 04:28:56,516 - spatiotemporal_trainer - INFO - 训练器设置完成
2025-11-12 04:28:57,069 - spatiotemporal_trainer - INFO - 配置快照已保存到: /tmp/tmpri5903sx/spatiotemporal_decomposition/config_merged.yaml
2025-11-12 04:28:57,069 - spatiotemporal_trainer - INFO - 配置快照已保存到: /tmp/tmpri5903sx/spatiotemporal_decomposition/config_merged.yaml
2025-11-12 04:28:57,069 - spatiotemporal_trainer - INFO - 配置快照已保存到: /tmp/tmpri5903sx/spatiotemporal_decomposition/config_merged.yaml
2025-11-12 04:28:57,588 - spatiotemporal_trainer - INFO - 配置快照已保存到: /tmp/tmp0kckgqwa/spatiotemporal_decomposition/config_merged.yaml
2025-11-12 04:28:57,588 - spatiotemporal_trainer - INFO - 配置快照已保存到: /tmp/tmp0kckgqwa/spatiotemporal_decomposition/config_merged.yaml
2025-11-12 04:28:57,588 - spatiotemporal_trainer - INFO - 配置快照已保存到: /tmp/tmp0kckgqwa/spatiotemporal_decomposition/config_merged.yaml
2025-11-12 04:28:57,588 - spatiotemporal_trainer - INFO - 配置快照已保存到: /tmp/tmp0kckgqwa/spatiotemporal_decomposition/config_merged.yaml
2025-11-12 04:28:58,526 - spatiotemporal_trainer - INFO - 配置快照已保存到: /tmp/tmpkc6hyssg/spatiotemporal_decomposition/config_merged.yaml
2025-11-12 04:28:58,526 - spatiotemporal_trainer - INFO - 配置快照已保存到: /tmp/tmpkc6hyssg/spatiotemporal_decomposition/config_merged.yaml
2025-11-12 04:28:58,526 - spatiotemporal_trainer - INFO - 配置快照已保存到: /tmp/tmpkc6hyssg/spatiotemporal_decomposition/config_merged.yaml
2025-11-12 04:28:58,526 - spatiotemporal_trainer - INFO - 配置快照已保存到: /tmp/tmpkc6hyssg/spatiotemporal_decomposition/config_merged.yaml
2025-11-12 04:28:58,526 - spatiotemporal_trainer - INFO - 配置快照已保存到: /tmp/tmpkc6hyssg/spatiotemporal_decomposition/config_merged.yaml
2025-11-12 04:28:59,299 - spatiotemporal_trainer - INFO - 配置快照已保存到: runs/spatiotemporal/spatiotemporal_decomposition/config_merged.yaml
2025-11-12 04:28:59,299 - spatiotemporal_trainer - INFO - 配置快照已保存到: runs/spatiotemporal/spatiotemporal_decomposition/config_merged.yaml
2025-11-12 04:28:59,299 - spatiotemporal_trainer - INFO - 配置快照已保存到: runs/spatiotemporal/spatiotemporal_decomposition/config_merged.yaml
2025-11-12 04:28:59,299 - spatiotemporal_trainer - INFO - 配置快照已保存到: runs/spatiotemporal/spatiotemporal_decomposition/config_merged.yaml
2025-11-12 04:28:59,299 - spatiotemporal_trainer - INFO - 配置快照已保存到: runs/spatiotemporal/spatiotemporal_decomposition/config_merged.yaml
2025-11-12 04:28:59,299 - spatiotemporal_trainer - INFO - 配置快照已保存到: runs/spatiotemporal/spatiotemporal_decomposition/config_merged.yaml
2025-11-12 04:28:59,863 - spatiotemporal_trainer - INFO - 配置快照已保存到: runs/spatiotemporal/spatiotemporal_decomposition/config_merged.yaml
2025-11-12 04:28:59,863 - spatiotemporal_trainer - INFO - 配置快照已保存到: runs/spatiotemporal/spatiotemporal_decomposition/config_merged.yaml
2025-11-12 04:28:59,863 - spatiotemporal_trainer - INFO - 配置快照已保存到: runs/spatiotemporal/spatiotemporal_decomposition/config_merged.yaml
2025-11-12 04:28:59,863 - spatiotemporal_trainer - INFO - 配置快照已保存到: runs/spatiotemporal/spatiotemporal_decomposition/config_merged.yaml
2025-11-12 04:28:59,863 - spatiotemporal_trainer - INFO - 配置快照已保存到: runs/spatiotemporal/spatiotemporal_decomposition/config_merged.yaml
2025-11-12 04:28:59,863 - spatiotemporal_trainer - INFO - 配置快照已保存到: runs/spatiotemporal/spatiotemporal_decomposition/config_merged.yaml
2025-11-12 04:28:59,863 - spatiotemporal_trainer - INFO - 配置快照已保存到: runs/spatiotemporal/spatiotemporal_decomposition/config_merged.yaml
2025-11-12 04:28:59,864 - spatiotemporal_trainer - ERROR - 保存检查点失败: expected 'f' to be string, path, or a file-like object with a 'write' attribute
2025-11-12 04:28:59,864 - spatiotemporal_trainer - ERROR - 保存检查点失败: expected 'f' to be string, path, or a file-like object with a 'write' attribute
2025-11-12 04:28:59,864 - spatiotemporal_trainer - ERROR - 保存检查点失败: expected 'f' to be string, path, or a file-like object with a 'write' attribute
2025-11-12 04:28:59,864 - spatiotemporal_trainer - ERROR - 保存检查点失败: expected 'f' to be string, path, or a file-like object with a 'write' attribute
2025-11-12 04:28:59,864 - spatiotemporal_trainer - ERROR - 保存检查点失败: expected 'f' to be string, path, or a file-like object with a 'write' attribute
2025-11-12 04:28:59,864 - spatiotemporal_trainer - ERROR - 保存检查点失败: expected 'f' to be string, path, or a file-like object with a 'write' attribute
2025-11-12 04:28:59,864 - spatiotemporal_trainer - ERROR - 保存检查点失败: expected 'f' to be string, path, or a file-like object with a 'write' attribute
2025-11-12 04:29:00,631 - spatiotemporal_trainer - INFO - 配置快照已保存到: runs/spatiotemporal/spatiotemporal_decomposition/config_merged.yaml
2025-11-12 04:29:00,631 - spatiotemporal_trainer - INFO - 配置快照已保存到: runs/spatiotemporal/spatiotemporal_decomposition/config_merged.yaml
2025-11-12 04:29:00,631 - spatiotemporal_trainer - INFO - 配置快照已保存到: runs/spatiotemporal/spatiotemporal_decomposition/config_merged.yaml
2025-11-12 04:29:00,631 - spatiotemporal_trainer - INFO - 配置快照已保存到: runs/spatiotemporal/spatiotemporal_decomposition/config_merged.yaml
2025-11-12 04:29:00,631 - spatiotemporal_trainer - INFO - 配置快照已保存到: runs/spatiotemporal/spatiotemporal_decomposition/config_merged.yaml
2025-11-12 04:29:00,631 - spatiotemporal_trainer - INFO - 配置快照已保存到: runs/spatiotemporal/spatiotemporal_decomposition/config_merged.yaml
2025-11-12 04:29:00,631 - spatiotemporal_trainer - INFO - 配置快照已保存到: runs/spatiotemporal/spatiotemporal_decomposition/config_merged.yaml
2025-11-12 04:29:00,631 - spatiotemporal_trainer - INFO - 配置快照已保存到: runs/spatiotemporal/spatiotemporal_decomposition/config_merged.yaml
2025-11-12 04:29:00,634 - spatiotemporal_trainer - INFO - 开始模型测试
2025-11-12 04:29:00,634 - spatiotemporal_trainer - INFO - 开始模型测试
2025-11-12 04:29:00,634 - spatiotemporal_trainer - INFO - 开始模型测试
2025-11-12 04:29:00,634 - spatiotemporal_trainer - INFO - 开始模型测试
2025-11-12 04:29:00,634 - spatiotemporal_trainer - INFO - 开始模型测试
2025-11-12 04:29:00,634 - spatiotemporal_trainer - INFO - 开始模型测试
2025-11-12 04:29:00,634 - spatiotemporal_trainer - INFO - 开始模型测试
2025-11-12 04:29:00,634 - spatiotemporal_trainer - INFO - 开始模型测试
2025-11-12 04:30:13,983 - spatiotemporal_trainer - INFO - 配置快照已保存到: runs/spatiotemporal/spatiotemporal_decomposition/config_merged.yaml
2025-11-12 04:30:13,984 - spatiotemporal_trainer - ERROR - 保存检查点失败: expected 'f' to be string, path, or a file-like object with a 'write' attribute
2025-11-12 04:31:01,328 - spatiotemporal_trainer - INFO - 配置快照已保存到: runs/spatiotemporal/spatiotemporal_decomposition/config_merged.yaml
2025-11-12 04:31:01,333 - spatiotemporal_trainer - INFO - 检查点已保存到: /tmp/test_output/checkpoint_epoch_10.pt
2025-11-12 04:31:21,984 - spatiotemporal_trainer - INFO - 配置快照已保存到: /tmp/tmpbiuo2cgu/spatiotemporal_decomposition/config_merged.yaml
2025-11-12 04:31:22,534 - spatiotemporal_trainer - INFO - 配置快照已保存到: /tmp/tmppy363txg/spatiotemporal_decomposition/config_merged.yaml
2025-11-12 04:31:22,534 - spatiotemporal_trainer - INFO - 配置快照已保存到: /tmp/tmppy363txg/spatiotemporal_decomposition/config_merged.yaml
2025-11-12 04:31:22,534 - spatiotemporal_trainer - INFO - 数据管理器设置完成
2025-11-12 04:31:22,534 - spatiotemporal_trainer - INFO - 数据管理器设置完成
2025-11-12 04:31:22,535 - spatiotemporal_trainer - INFO - 模型设置完成
2025-11-12 04:31:22,535 - spatiotemporal_trainer - INFO - 模型设置完成
2025-11-12 04:31:22,535 - spatiotemporal_trainer - INFO - 训练器设置完成
2025-11-12 04:31:22,535 - spatiotemporal_trainer - INFO - 训练器设置完成
2025-11-12 04:31:23,229 - spatiotemporal_trainer - INFO - 配置快照已保存到: /tmp/tmplr6byg78/spatiotemporal_decomposition/config_merged.yaml
2025-11-12 04:31:23,229 - spatiotemporal_trainer - INFO - 配置快照已保存到: /tmp/tmplr6byg78/spatiotemporal_decomposition/config_merged.yaml
2025-11-12 04:31:23,229 - spatiotemporal_trainer - INFO - 配置快照已保存到: /tmp/tmplr6byg78/spatiotemporal_decomposition/config_merged.yaml
2025-11-12 04:31:23,761 - spatiotemporal_trainer - INFO - 配置快照已保存到: /tmp/tmpq9ob9t6g/spatiotemporal_decomposition/config_merged.yaml
2025-11-12 04:31:23,761 - spatiotemporal_trainer - INFO - 配置快照已保存到: /tmp/tmpq9ob9t6g/spatiotemporal_decomposition/config_merged.yaml
2025-11-12 04:31:23,761 - spatiotemporal_trainer - INFO - 配置快照已保存到: /tmp/tmpq9ob9t6g/spatiotemporal_decomposition/config_merged.yaml
2025-11-12 04:31:23,761 - spatiotemporal_trainer - INFO - 配置快照已保存到: /tmp/tmpq9ob9t6g/spatiotemporal_decomposition/config_merged.yaml
2025-11-12 04:31:24,233 - spatiotemporal_trainer - INFO - 配置快照已保存到: /tmp/tmpa3syzoom/spatiotemporal_decomposition/config_merged.yaml
2025-11-12 04:31:24,233 - spatiotemporal_trainer - INFO - 配置快照已保存到: /tmp/tmpa3syzoom/spatiotemporal_decomposition/config_merged.yaml
2025-11-12 04:31:24,233 - spatiotemporal_trainer - INFO - 配置快照已保存到: /tmp/tmpa3syzoom/spatiotemporal_decomposition/config_merged.yaml
2025-11-12 04:31:24,233 - spatiotemporal_trainer - INFO - 配置快照已保存到: /tmp/tmpa3syzoom/spatiotemporal_decomposition/config_merged.yaml
2025-11-12 04:31:24,233 - spatiotemporal_trainer - INFO - 配置快照已保存到: /tmp/tmpa3syzoom/spatiotemporal_decomposition/config_merged.yaml
2025-11-12 04:31:24,984 - spatiotemporal_trainer - INFO - 配置快照已保存到: runs/spatiotemporal/spatiotemporal_decomposition/config_merged.yaml
2025-11-12 04:31:24,984 - spatiotemporal_trainer - INFO - 配置快照已保存到: runs/spatiotemporal/spatiotemporal_decomposition/config_merged.yaml
2025-11-12 04:31:24,984 - spatiotemporal_trainer - INFO - 配置快照已保存到: runs/spatiotemporal/spatiotemporal_decomposition/config_merged.yaml
2025-11-12 04:31:24,984 - spatiotemporal_trainer - INFO - 配置快照已保存到: runs/spatiotemporal/spatiotemporal_decomposition/config_merged.yaml
2025-11-12 04:31:24,984 - spatiotemporal_trainer - INFO - 配置快照已保存到: runs/spatiotemporal/spatiotemporal_decomposition/config_merged.yaml
2025-11-12 04:31:24,984 - spatiotemporal_trainer - INFO - 配置快照已保存到: runs/spatiotemporal/spatiotemporal_decomposition/config_merged.yaml
2025-11-12 04:31:25,458 - spatiotemporal_trainer - INFO - 配置快照已保存到: runs/spatiotemporal/spatiotemporal_decomposition/config_merged.yaml
2025-11-12 04:31:25,458 - spatiotemporal_trainer - INFO - 配置快照已保存到: runs/spatiotemporal/spatiotemporal_decomposition/config_merged.yaml
2025-11-12 04:31:25,458 - spatiotemporal_trainer - INFO - 配置快照已保存到: runs/spatiotemporal/spatiotemporal_decomposition/config_merged.yaml
2025-11-12 04:31:25,458 - spatiotemporal_trainer - INFO - 配置快照已保存到: runs/spatiotemporal/spatiotemporal_decomposition/config_merged.yaml
2025-11-12 04:31:25,458 - spatiotemporal_trainer - INFO - 配置快照已保存到: runs/spatiotemporal/spatiotemporal_decomposition/config_merged.yaml
2025-11-12 04:31:25,458 - spatiotemporal_trainer - INFO - 配置快照已保存到: runs/spatiotemporal/spatiotemporal_decomposition/config_merged.yaml
2025-11-12 04:31:25,458 - spatiotemporal_trainer - INFO - 配置快照已保存到: runs/spatiotemporal/spatiotemporal_decomposition/config_merged.yaml
2025-11-12 04:31:25,462 - spatiotemporal_trainer - INFO - 检查点已保存到: /tmp/test_output/checkpoint_epoch_10.pt
2025-11-12 04:31:25,462 - spatiotemporal_trainer - INFO - 检查点已保存到: /tmp/test_output/checkpoint_epoch_10.pt
2025-11-12 04:31:25,462 - spatiotemporal_trainer - INFO - 检查点已保存到: /tmp/test_output/checkpoint_epoch_10.pt
2025-11-12 04:31:25,462 - spatiotemporal_trainer - INFO - 检查点已保存到: /tmp/test_output/checkpoint_epoch_10.pt
2025-11-12 04:31:25,462 - spatiotemporal_trainer - INFO - 检查点已保存到: /tmp/test_output/checkpoint_epoch_10.pt
2025-11-12 04:31:25,462 - spatiotemporal_trainer - INFO - 检查点已保存到: /tmp/test_output/checkpoint_epoch_10.pt
2025-11-12 04:31:25,462 - spatiotemporal_trainer - INFO - 检查点已保存到: /tmp/test_output/checkpoint_epoch_10.pt
2025-11-12 04:31:26,362 - spatiotemporal_trainer - INFO - 配置快照已保存到: runs/spatiotemporal/spatiotemporal_decomposition/config_merged.yaml
2025-11-12 04:31:26,362 - spatiotemporal_trainer - INFO - 配置快照已保存到: runs/spatiotemporal/spatiotemporal_decomposition/config_merged.yaml
2025-11-12 04:31:26,362 - spatiotemporal_trainer - INFO - 配置快照已保存到: runs/spatiotemporal/spatiotemporal_decomposition/config_merged.yaml
2025-11-12 04:31:26,362 - spatiotemporal_trainer - INFO - 配置快照已保存到: runs/spatiotemporal/spatiotemporal_decomposition/config_merged.yaml
2025-11-12 04:31:26,362 - spatiotemporal_trainer - INFO - 配置快照已保存到: runs/spatiotemporal/spatiotemporal_decomposition/config_merged.yaml
2025-11-12 04:31:26,362 - spatiotemporal_trainer - INFO - 配置快照已保存到: runs/spatiotemporal/spatiotemporal_decomposition/config_merged.yaml
2025-11-12 04:31:26,362 - spatiotemporal_trainer - INFO - 配置快照已保存到: runs/spatiotemporal/spatiotemporal_decomposition/config_merged.yaml
2025-11-12 04:31:26,362 - spatiotemporal_trainer - INFO - 配置快照已保存到: runs/spatiotemporal/spatiotemporal_decomposition/config_merged.yaml
2025-11-12 04:31:26,363 - spatiotemporal_trainer - INFO - 开始模型测试
2025-11-12 04:31:26,363 - spatiotemporal_trainer - INFO - 开始模型测试
2025-11-12 04:31:26,363 - spatiotemporal_trainer - INFO - 开始模型测试
2025-11-12 04:31:26,363 - spatiotemporal_trainer - INFO - 开始模型测试
2025-11-12 04:31:26,363 - spatiotemporal_trainer - INFO - 开始模型测试
2025-11-12 04:31:26,363 - spatiotemporal_trainer - INFO - 开始模型测试
2025-11-12 04:31:26,363 - spatiotemporal_trainer - INFO - 开始模型测试
2025-11-12 04:31:26,363 - spatiotemporal_trainer - INFO - 开始模型测试
2025-11-12 04:31:53,096 - spatiotemporal_trainer - INFO - 配置快照已保存到: /tmp/tmpf3shxudv/spatiotemporal_decomposition/config_merged.yaml
2025-11-12 04:31:53,675 - spatiotemporal_trainer - INFO - 配置快照已保存到: /tmp/tmp2ff6qp7h/spatiotemporal_decomposition/config_merged.yaml
2025-11-12 04:31:53,675 - spatiotemporal_trainer - INFO - 配置快照已保存到: /tmp/tmp2ff6qp7h/spatiotemporal_decomposition/config_merged.yaml
2025-11-12 04:31:53,675 - spatiotemporal_trainer - INFO - 数据管理器设置完成
2025-11-12 04:31:53,675 - spatiotemporal_trainer - INFO - 数据管理器设置完成
2025-11-12 04:31:53,675 - spatiotemporal_trainer - INFO - 模型设置完成
2025-11-12 04:31:53,675 - spatiotemporal_trainer - INFO - 模型设置完成
2025-11-12 04:31:53,676 - spatiotemporal_trainer - INFO - 训练器设置完成
2025-11-12 04:31:53,676 - spatiotemporal_trainer - INFO - 训练器设置完成
2025-11-12 04:31:54,237 - spatiotemporal_trainer - INFO - 配置快照已保存到: /tmp/tmpufonb1vu/spatiotemporal_decomposition/config_merged.yaml
2025-11-12 04:31:54,237 - spatiotemporal_trainer - INFO - 配置快照已保存到: /tmp/tmpufonb1vu/spatiotemporal_decomposition/config_merged.yaml
2025-11-12 04:31:54,237 - spatiotemporal_trainer - INFO - 配置快照已保存到: /tmp/tmpufonb1vu/spatiotemporal_decomposition/config_merged.yaml
2025-11-12 04:31:54,907 - spatiotemporal_trainer - INFO - 配置快照已保存到: /tmp/tmpk0acylgw/spatiotemporal_decomposition/config_merged.yaml
2025-11-12 04:31:54,907 - spatiotemporal_trainer - INFO - 配置快照已保存到: /tmp/tmpk0acylgw/spatiotemporal_decomposition/config_merged.yaml
2025-11-12 04:31:54,907 - spatiotemporal_trainer - INFO - 配置快照已保存到: /tmp/tmpk0acylgw/spatiotemporal_decomposition/config_merged.yaml
2025-11-12 04:31:54,907 - spatiotemporal_trainer - INFO - 配置快照已保存到: /tmp/tmpk0acylgw/spatiotemporal_decomposition/config_merged.yaml
2025-11-12 04:31:55,594 - spatiotemporal_trainer - INFO - 配置快照已保存到: /tmp/tmpju76tg4d/spatiotemporal_decomposition/config_merged.yaml
2025-11-12 04:31:55,594 - spatiotemporal_trainer - INFO - 配置快照已保存到: /tmp/tmpju76tg4d/spatiotemporal_decomposition/config_merged.yaml
2025-11-12 04:31:55,594 - spatiotemporal_trainer - INFO - 配置快照已保存到: /tmp/tmpju76tg4d/spatiotemporal_decomposition/config_merged.yaml
2025-11-12 04:31:55,594 - spatiotemporal_trainer - INFO - 配置快照已保存到: /tmp/tmpju76tg4d/spatiotemporal_decomposition/config_merged.yaml
2025-11-12 04:31:55,594 - spatiotemporal_trainer - INFO - 配置快照已保存到: /tmp/tmpju76tg4d/spatiotemporal_decomposition/config_merged.yaml
2025-11-12 04:31:56,430 - spatiotemporal_trainer - INFO - 配置快照已保存到: /tmp/pytest-of-suguangsheng/pytest-2/test_end_to_end_training0/spatiotemporal_decomposition/config_merged.yaml
2025-11-12 04:31:56,430 - spatiotemporal_trainer - INFO - 配置快照已保存到: /tmp/pytest-of-suguangsheng/pytest-2/test_end_to_end_training0/spatiotemporal_decomposition/config_merged.yaml
2025-11-12 04:31:56,430 - spatiotemporal_trainer - INFO - 配置快照已保存到: /tmp/pytest-of-suguangsheng/pytest-2/test_end_to_end_training0/spatiotemporal_decomposition/config_merged.yaml
2025-11-12 04:31:56,430 - spatiotemporal_trainer - INFO - 配置快照已保存到: /tmp/pytest-of-suguangsheng/pytest-2/test_end_to_end_training0/spatiotemporal_decomposition/config_merged.yaml
2025-11-12 04:31:56,430 - spatiotemporal_trainer - INFO - 配置快照已保存到: /tmp/pytest-of-suguangsheng/pytest-2/test_end_to_end_training0/spatiotemporal_decomposition/config_merged.yaml
2025-11-12 04:31:56,430 - spatiotemporal_trainer - INFO - 配置快照已保存到: /tmp/pytest-of-suguangsheng/pytest-2/test_end_to_end_training0/spatiotemporal_decomposition/config_merged.yaml
2025-11-12 04:31:56,959 - spatiotemporal_trainer - INFO - 配置快照已保存到: runs/spatiotemporal/spatiotemporal_decomposition/config_merged.yaml
2025-11-12 04:31:56,959 - spatiotemporal_trainer - INFO - 配置快照已保存到: runs/spatiotemporal/spatiotemporal_decomposition/config_merged.yaml
2025-11-12 04:31:56,959 - spatiotemporal_trainer - INFO - 配置快照已保存到: runs/spatiotemporal/spatiotemporal_decomposition/config_merged.yaml
2025-11-12 04:31:56,959 - spatiotemporal_trainer - INFO - 配置快照已保存到: runs/spatiotemporal/spatiotemporal_decomposition/config_merged.yaml
2025-11-12 04:31:56,959 - spatiotemporal_trainer - INFO - 配置快照已保存到: runs/spatiotemporal/spatiotemporal_decomposition/config_merged.yaml
2025-11-12 04:31:56,959 - spatiotemporal_trainer - INFO - 配置快照已保存到: runs/spatiotemporal/spatiotemporal_decomposition/config_merged.yaml
2025-11-12 04:31:56,959 - spatiotemporal_trainer - INFO - 配置快照已保存到: runs/spatiotemporal/spatiotemporal_decomposition/config_merged.yaml
2025-11-12 04:31:56,963 - spatiotemporal_trainer - INFO - 检查点已保存到: /tmp/test_output/checkpoint_epoch_10.pt
2025-11-12 04:31:56,963 - spatiotemporal_trainer - INFO - 检查点已保存到: /tmp/test_output/checkpoint_epoch_10.pt
2025-11-12 04:31:56,963 - spatiotemporal_trainer - INFO - 检查点已保存到: /tmp/test_output/checkpoint_epoch_10.pt
2025-11-12 04:31:56,963 - spatiotemporal_trainer - INFO - 检查点已保存到: /tmp/test_output/checkpoint_epoch_10.pt
2025-11-12 04:31:56,963 - spatiotemporal_trainer - INFO - 检查点已保存到: /tmp/test_output/checkpoint_epoch_10.pt
2025-11-12 04:31:56,963 - spatiotemporal_trainer - INFO - 检查点已保存到: /tmp/test_output/checkpoint_epoch_10.pt
2025-11-12 04:31:56,963 - spatiotemporal_trainer - INFO - 检查点已保存到: /tmp/test_output/checkpoint_epoch_10.pt
2025-11-12 04:31:57,521 - spatiotemporal_trainer - INFO - 配置快照已保存到: runs/spatiotemporal/spatiotemporal_decomposition/config_merged.yaml
2025-11-12 04:31:57,521 - spatiotemporal_trainer - INFO - 配置快照已保存到: runs/spatiotemporal/spatiotemporal_decomposition/config_merged.yaml
2025-11-12 04:31:57,521 - spatiotemporal_trainer - INFO - 配置快照已保存到: runs/spatiotemporal/spatiotemporal_decomposition/config_merged.yaml
2025-11-12 04:31:57,521 - spatiotemporal_trainer - INFO - 配置快照已保存到: runs/spatiotemporal/spatiotemporal_decomposition/config_merged.yaml
2025-11-12 04:31:57,521 - spatiotemporal_trainer - INFO - 配置快照已保存到: runs/spatiotemporal/spatiotemporal_decomposition/config_merged.yaml
2025-11-12 04:31:57,521 - spatiotemporal_trainer - INFO - 配置快照已保存到: runs/spatiotemporal/spatiotemporal_decomposition/config_merged.yaml
2025-11-12 04:31:57,521 - spatiotemporal_trainer - INFO - 配置快照已保存到: runs/spatiotemporal/spatiotemporal_decomposition/config_merged.yaml
2025-11-12 04:31:57,521 - spatiotemporal_trainer - INFO - 配置快照已保存到: runs/spatiotemporal/spatiotemporal_decomposition/config_merged.yaml
2025-11-12 04:31:57,523 - spatiotemporal_trainer - INFO - 开始模型测试
2025-11-12 04:31:57,523 - spatiotemporal_trainer - INFO - 开始模型测试
2025-11-12 04:31:57,523 - spatiotemporal_trainer - INFO - 开始模型测试
2025-11-12 04:31:57,523 - spatiotemporal_trainer - INFO - 开始模型测试
2025-11-12 04:31:57,523 - spatiotemporal_trainer - INFO - 开始模型测试
2025-11-12 04:31:57,523 - spatiotemporal_trainer - INFO - 开始模型测试
2025-11-12 04:31:57,523 - spatiotemporal_trainer - INFO - 开始模型测试
2025-11-12 04:31:57,523 - spatiotemporal_trainer - INFO - 开始模型测试
2025-11-12 04:33:00,780 - spatiotemporal_trainer - INFO - 配置快照已保存到: /tmp/tmp3o60dy59/spatiotemporal_decomposition/config_merged.yaml
2025-11-12 04:33:01,335 - spatiotemporal_trainer - INFO - 配置快照已保存到: /tmp/tmp1_gzbu0n/spatiotemporal_decomposition/config_merged.yaml
2025-11-12 04:33:01,335 - spatiotemporal_trainer - INFO - 配置快照已保存到: /tmp/tmp1_gzbu0n/spatiotemporal_decomposition/config_merged.yaml
2025-11-12 04:33:01,335 - spatiotemporal_trainer - INFO - 数据管理器设置完成
2025-11-12 04:33:01,335 - spatiotemporal_trainer - INFO - 数据管理器设置完成
2025-11-12 04:33:01,336 - spatiotemporal_trainer - INFO - 模型设置完成
2025-11-12 04:33:01,336 - spatiotemporal_trainer - INFO - 模型设置完成
2025-11-12 04:33:01,336 - spatiotemporal_trainer - INFO - 训练器设置完成
2025-11-12 04:33:01,336 - spatiotemporal_trainer - INFO - 训练器设置完成
2025-11-12 04:33:01,995 - spatiotemporal_trainer - INFO - 配置快照已保存到: /tmp/tmpaaja9oex/spatiotemporal_decomposition/config_merged.yaml
2025-11-12 04:33:01,995 - spatiotemporal_trainer - INFO - 配置快照已保存到: /tmp/tmpaaja9oex/spatiotemporal_decomposition/config_merged.yaml
2025-11-12 04:33:01,995 - spatiotemporal_trainer - INFO - 配置快照已保存到: /tmp/tmpaaja9oex/spatiotemporal_decomposition/config_merged.yaml
2025-11-12 04:33:02,532 - spatiotemporal_trainer - INFO - 配置快照已保存到: /tmp/tmpisiz9egt/spatiotemporal_decomposition/config_merged.yaml
2025-11-12 04:33:02,532 - spatiotemporal_trainer - INFO - 配置快照已保存到: /tmp/tmpisiz9egt/spatiotemporal_decomposition/config_merged.yaml
2025-11-12 04:33:02,532 - spatiotemporal_trainer - INFO - 配置快照已保存到: /tmp/tmpisiz9egt/spatiotemporal_decomposition/config_merged.yaml
2025-11-12 04:33:02,532 - spatiotemporal_trainer - INFO - 配置快照已保存到: /tmp/tmpisiz9egt/spatiotemporal_decomposition/config_merged.yaml
2025-11-12 04:33:03,176 - spatiotemporal_trainer - INFO - 配置快照已保存到: /tmp/tmp3l863tv1/spatiotemporal_decomposition/config_merged.yaml
2025-11-12 04:33:03,176 - spatiotemporal_trainer - INFO - 配置快照已保存到: /tmp/tmp3l863tv1/spatiotemporal_decomposition/config_merged.yaml
2025-11-12 04:33:03,176 - spatiotemporal_trainer - INFO - 配置快照已保存到: /tmp/tmp3l863tv1/spatiotemporal_decomposition/config_merged.yaml
2025-11-12 04:33:03,176 - spatiotemporal_trainer - INFO - 配置快照已保存到: /tmp/tmp3l863tv1/spatiotemporal_decomposition/config_merged.yaml
2025-11-12 04:33:03,176 - spatiotemporal_trainer - INFO - 配置快照已保存到: /tmp/tmp3l863tv1/spatiotemporal_decomposition/config_merged.yaml
2025-11-12 04:33:04,026 - spatiotemporal_trainer - INFO - 配置快照已保存到: /tmp/pytest-of-suguangsheng/pytest-3/test_end_to_end_training0/spatiotemporal_decomposition/config_merged.yaml
2025-11-12 04:33:04,026 - spatiotemporal_trainer - INFO - 配置快照已保存到: /tmp/pytest-of-suguangsheng/pytest-3/test_end_to_end_training0/spatiotemporal_decomposition/config_merged.yaml
2025-11-12 04:33:04,026 - spatiotemporal_trainer - INFO - 配置快照已保存到: /tmp/pytest-of-suguangsheng/pytest-3/test_end_to_end_training0/spatiotemporal_decomposition/config_merged.yaml
2025-11-12 04:33:04,026 - spatiotemporal_trainer - INFO - 配置快照已保存到: /tmp/pytest-of-suguangsheng/pytest-3/test_end_to_end_training0/spatiotemporal_decomposition/config_merged.yaml
2025-11-12 04:33:04,026 - spatiotemporal_trainer - INFO - 配置快照已保存到: /tmp/pytest-of-suguangsheng/pytest-3/test_end_to_end_training0/spatiotemporal_decomposition/config_merged.yaml
2025-11-12 04:33:04,026 - spatiotemporal_trainer - INFO - 配置快照已保存到: /tmp/pytest-of-suguangsheng/pytest-3/test_end_to_end_training0/spatiotemporal_decomposition/config_merged.yaml
2025-11-12 04:33:04,652 - spatiotemporal_trainer - INFO - 配置快照已保存到: runs/spatiotemporal/spatiotemporal_decomposition/config_merged.yaml
2025-11-12 04:33:04,652 - spatiotemporal_trainer - INFO - 配置快照已保存到: runs/spatiotemporal/spatiotemporal_decomposition/config_merged.yaml
2025-11-12 04:33:04,652 - spatiotemporal_trainer - INFO - 配置快照已保存到: runs/spatiotemporal/spatiotemporal_decomposition/config_merged.yaml
2025-11-12 04:33:04,652 - spatiotemporal_trainer - INFO - 配置快照已保存到: runs/spatiotemporal/spatiotemporal_decomposition/config_merged.yaml
2025-11-12 04:33:04,652 - spatiotemporal_trainer - INFO - 配置快照已保存到: runs/spatiotemporal/spatiotemporal_decomposition/config_merged.yaml
2025-11-12 04:33:04,652 - spatiotemporal_trainer - INFO - 配置快照已保存到: runs/spatiotemporal/spatiotemporal_decomposition/config_merged.yaml
2025-11-12 04:33:04,652 - spatiotemporal_trainer - INFO - 配置快照已保存到: runs/spatiotemporal/spatiotemporal_decomposition/config_merged.yaml
2025-11-12 04:33:04,656 - spatiotemporal_trainer - INFO - 检查点已保存到: /tmp/test_output/checkpoint_epoch_10.pt
2025-11-12 04:33:04,656 - spatiotemporal_trainer - INFO - 检查点已保存到: /tmp/test_output/checkpoint_epoch_10.pt
2025-11-12 04:33:04,656 - spatiotemporal_trainer - INFO - 检查点已保存到: /tmp/test_output/checkpoint_epoch_10.pt
2025-11-12 04:33:04,656 - spatiotemporal_trainer - INFO - 检查点已保存到: /tmp/test_output/checkpoint_epoch_10.pt
2025-11-12 04:33:04,656 - spatiotemporal_trainer - INFO - 检查点已保存到: /tmp/test_output/checkpoint_epoch_10.pt
2025-11-12 04:33:04,656 - spatiotemporal_trainer - INFO - 检查点已保存到: /tmp/test_output/checkpoint_epoch_10.pt
2025-11-12 04:33:04,656 - spatiotemporal_trainer - INFO - 检查点已保存到: /tmp/test_output/checkpoint_epoch_10.pt
2025-11-12 04:33:05,177 - spatiotemporal_trainer - INFO - 配置快照已保存到: runs/spatiotemporal/spatiotemporal_decomposition/config_merged.yaml
2025-11-12 04:33:05,177 - spatiotemporal_trainer - INFO - 配置快照已保存到: runs/spatiotemporal/spatiotemporal_decomposition/config_merged.yaml
2025-11-12 04:33:05,177 - spatiotemporal_trainer - INFO - 配置快照已保存到: runs/spatiotemporal/spatiotemporal_decomposition/config_merged.yaml
2025-11-12 04:33:05,177 - spatiotemporal_trainer - INFO - 配置快照已保存到: runs/spatiotemporal/spatiotemporal_decomposition/config_merged.yaml
2025-11-12 04:33:05,177 - spatiotemporal_trainer - INFO - 配置快照已保存到: runs/spatiotemporal/spatiotemporal_decomposition/config_merged.yaml
2025-11-12 04:33:05,177 - spatiotemporal_trainer - INFO - 配置快照已保存到: runs/spatiotemporal/spatiotemporal_decomposition/config_merged.yaml
2025-11-12 04:33:05,177 - spatiotemporal_trainer - INFO - 配置快照已保存到: runs/spatiotemporal/spatiotemporal_decomposition/config_merged.yaml
2025-11-12 04:33:05,177 - spatiotemporal_trainer - INFO - 配置快照已保存到: runs/spatiotemporal/spatiotemporal_decomposition/config_merged.yaml
2025-11-12 04:33:05,178 - spatiotemporal_trainer - INFO - 开始模型测试
2025-11-12 04:33:05,178 - spatiotemporal_trainer - INFO - 开始模型测试
2025-11-12 04:33:05,178 - spatiotemporal_trainer - INFO - 开始模型测试
2025-11-12 04:33:05,178 - spatiotemporal_trainer - INFO - 开始模型测试
2025-11-12 04:33:05,178 - spatiotemporal_trainer - INFO - 开始模型测试
2025-11-12 04:33:05,178 - spatiotemporal_trainer - INFO - 开始模型测试
2025-11-12 04:33:05,178 - spatiotemporal_trainer - INFO - 开始模型测试
2025-11-12 04:33:05,178 - spatiotemporal_trainer - INFO - 开始模型测试
2025-11-12 04:33:38,514 - spatiotemporal_trainer - INFO - 配置快照已保存到: /tmp/tmpbq2u6acm/spatiotemporal_decomposition/config_merged.yaml
2025-11-12 04:33:39,226 - spatiotemporal_trainer - INFO - 配置快照已保存到: /tmp/tmpf_cuyh0q/spatiotemporal_decomposition/config_merged.yaml
2025-11-12 04:33:39,226 - spatiotemporal_trainer - INFO - 配置快照已保存到: /tmp/tmpf_cuyh0q/spatiotemporal_decomposition/config_merged.yaml
2025-11-12 04:33:39,226 - spatiotemporal_trainer - INFO - 数据管理器设置完成
2025-11-12 04:33:39,226 - spatiotemporal_trainer - INFO - 数据管理器设置完成
2025-11-12 04:33:39,227 - spatiotemporal_trainer - INFO - 模型设置完成
2025-11-12 04:33:39,227 - spatiotemporal_trainer - INFO - 模型设置完成
2025-11-12 04:33:39,227 - spatiotemporal_trainer - INFO - 训练器设置完成
2025-11-12 04:33:39,227 - spatiotemporal_trainer - INFO - 训练器设置完成
2025-11-12 04:33:39,977 - spatiotemporal_trainer - INFO - 配置快照已保存到: /tmp/tmpaxa_61ql/spatiotemporal_decomposition/config_merged.yaml
2025-11-12 04:33:39,977 - spatiotemporal_trainer - INFO - 配置快照已保存到: /tmp/tmpaxa_61ql/spatiotemporal_decomposition/config_merged.yaml
2025-11-12 04:33:39,977 - spatiotemporal_trainer - INFO - 配置快照已保存到: /tmp/tmpaxa_61ql/spatiotemporal_decomposition/config_merged.yaml
2025-11-12 04:33:40,527 - spatiotemporal_trainer - INFO - 配置快照已保存到: /tmp/tmpqi8375_y/spatiotemporal_decomposition/config_merged.yaml
2025-11-12 04:33:40,527 - spatiotemporal_trainer - INFO - 配置快照已保存到: /tmp/tmpqi8375_y/spatiotemporal_decomposition/config_merged.yaml
2025-11-12 04:33:40,527 - spatiotemporal_trainer - INFO - 配置快照已保存到: /tmp/tmpqi8375_y/spatiotemporal_decomposition/config_merged.yaml
2025-11-12 04:33:40,527 - spatiotemporal_trainer - INFO - 配置快照已保存到: /tmp/tmpqi8375_y/spatiotemporal_decomposition/config_merged.yaml
2025-11-12 04:33:41,185 - spatiotemporal_trainer - INFO - 配置快照已保存到: /tmp/tmp2ap594fi/spatiotemporal_decomposition/config_merged.yaml
2025-11-12 04:33:41,185 - spatiotemporal_trainer - INFO - 配置快照已保存到: /tmp/tmp2ap594fi/spatiotemporal_decomposition/config_merged.yaml
2025-11-12 04:33:41,185 - spatiotemporal_trainer - INFO - 配置快照已保存到: /tmp/tmp2ap594fi/spatiotemporal_decomposition/config_merged.yaml
2025-11-12 04:33:41,185 - spatiotemporal_trainer - INFO - 配置快照已保存到: /tmp/tmp2ap594fi/spatiotemporal_decomposition/config_merged.yaml
2025-11-12 04:33:41,185 - spatiotemporal_trainer - INFO - 配置快照已保存到: /tmp/tmp2ap594fi/spatiotemporal_decomposition/config_merged.yaml
2025-11-12 04:33:41,841 - spatiotemporal_trainer - INFO - 配置快照已保存到: /tmp/pytest-of-suguangsheng/pytest-4/test_end_to_end_training0/spatiotemporal_decomposition/config_merged.yaml
2025-11-12 04:33:41,841 - spatiotemporal_trainer - INFO - 配置快照已保存到: /tmp/pytest-of-suguangsheng/pytest-4/test_end_to_end_training0/spatiotemporal_decomposition/config_merged.yaml
2025-11-12 04:33:41,841 - spatiotemporal_trainer - INFO - 配置快照已保存到: /tmp/pytest-of-suguangsheng/pytest-4/test_end_to_end_training0/spatiotemporal_decomposition/config_merged.yaml
2025-11-12 04:33:41,841 - spatiotemporal_trainer - INFO - 配置快照已保存到: /tmp/pytest-of-suguangsheng/pytest-4/test_end_to_end_training0/spatiotemporal_decomposition/config_merged.yaml
2025-11-12 04:33:41,841 - spatiotemporal_trainer - INFO - 配置快照已保存到: /tmp/pytest-of-suguangsheng/pytest-4/test_end_to_end_training0/spatiotemporal_decomposition/config_merged.yaml
2025-11-12 04:33:41,841 - spatiotemporal_trainer - INFO - 配置快照已保存到: /tmp/pytest-of-suguangsheng/pytest-4/test_end_to_end_training0/spatiotemporal_decomposition/config_merged.yaml
2025-11-12 04:33:42,528 - spatiotemporal_trainer - INFO - 配置快照已保存到: runs/spatiotemporal/spatiotemporal_decomposition/config_merged.yaml
2025-11-12 04:33:42,528 - spatiotemporal_trainer - INFO - 配置快照已保存到: runs/spatiotemporal/spatiotemporal_decomposition/config_merged.yaml
2025-11-12 04:33:42,528 - spatiotemporal_trainer - INFO - 配置快照已保存到: runs/spatiotemporal/spatiotemporal_decomposition/config_merged.yaml
2025-11-12 04:33:42,528 - spatiotemporal_trainer - INFO - 配置快照已保存到: runs/spatiotemporal/spatiotemporal_decomposition/config_merged.yaml
2025-11-12 04:33:42,528 - spatiotemporal_trainer - INFO - 配置快照已保存到: runs/spatiotemporal/spatiotemporal_decomposition/config_merged.yaml
2025-11-12 04:33:42,528 - spatiotemporal_trainer - INFO - 配置快照已保存到: runs/spatiotemporal/spatiotemporal_decomposition/config_merged.yaml
2025-11-12 04:33:42,528 - spatiotemporal_trainer - INFO - 配置快照已保存到: runs/spatiotemporal/spatiotemporal_decomposition/config_merged.yaml
2025-11-12 04:33:42,532 - spatiotemporal_trainer - INFO - 检查点已保存到: /tmp/test_output/checkpoint_epoch_10.pt
2025-11-12 04:33:42,532 - spatiotemporal_trainer - INFO - 检查点已保存到: /tmp/test_output/checkpoint_epoch_10.pt
2025-11-12 04:33:42,532 - spatiotemporal_trainer - INFO - 检查点已保存到: /tmp/test_output/checkpoint_epoch_10.pt
2025-11-12 04:33:42,532 - spatiotemporal_trainer - INFO - 检查点已保存到: /tmp/test_output/checkpoint_epoch_10.pt
2025-11-12 04:33:42,532 - spatiotemporal_trainer - INFO - 检查点已保存到: /tmp/test_output/checkpoint_epoch_10.pt
2025-11-12 04:33:42,532 - spatiotemporal_trainer - INFO - 检查点已保存到: /tmp/test_output/checkpoint_epoch_10.pt
2025-11-12 04:33:42,532 - spatiotemporal_trainer - INFO - 检查点已保存到: /tmp/test_output/checkpoint_epoch_10.pt
2025-11-12 04:33:43,109 - spatiotemporal_trainer - INFO - 配置快照已保存到: runs/spatiotemporal/spatiotemporal_decomposition/config_merged.yaml
2025-11-12 04:33:43,109 - spatiotemporal_trainer - INFO - 配置快照已保存到: runs/spatiotemporal/spatiotemporal_decomposition/config_merged.yaml
2025-11-12 04:33:43,109 - spatiotemporal_trainer - INFO - 配置快照已保存到: runs/spatiotemporal/spatiotemporal_decomposition/config_merged.yaml
2025-11-12 04:33:43,109 - spatiotemporal_trainer - INFO - 配置快照已保存到: runs/spatiotemporal/spatiotemporal_decomposition/config_merged.yaml
2025-11-12 04:33:43,109 - spatiotemporal_trainer - INFO - 配置快照已保存到: runs/spatiotemporal/spatiotemporal_decomposition/config_merged.yaml
2025-11-12 04:33:43,109 - spatiotemporal_trainer - INFO - 配置快照已保存到: runs/spatiotemporal/spatiotemporal_decomposition/config_merged.yaml
2025-11-12 04:33:43,109 - spatiotemporal_trainer - INFO - 配置快照已保存到: runs/spatiotemporal/spatiotemporal_decomposition/config_merged.yaml
2025-11-12 04:33:43,109 - spatiotemporal_trainer - INFO - 配置快照已保存到: runs/spatiotemporal/spatiotemporal_decomposition/config_merged.yaml
2025-11-12 04:33:43,110 - spatiotemporal_trainer - INFO - 开始模型测试
2025-11-12 04:33:43,110 - spatiotemporal_trainer - INFO - 开始模型测试
2025-11-12 04:33:43,110 - spatiotemporal_trainer - INFO - 开始模型测试
2025-11-12 04:33:43,110 - spatiotemporal_trainer - INFO - 开始模型测试
2025-11-12 04:33:43,110 - spatiotemporal_trainer - INFO - 开始模型测试
2025-11-12 04:33:43,110 - spatiotemporal_trainer - INFO - 开始模型测试
2025-11-12 04:33:43,110 - spatiotemporal_trainer - INFO - 开始模型测试
2025-11-12 04:33:43,110 - spatiotemporal_trainer - INFO - 开始模型测试
2025-11-12 04:33:43,119 - spatiotemporal_trainer - INFO - 配置快照已保存到: /tmp/pytest-of-suguangsheng/pytest-4/test_integration_full_pipeline0/integration_test/config_merged.yaml
2025-11-12 04:33:43,119 - spatiotemporal_trainer - INFO - 配置快照已保存到: /tmp/pytest-of-suguangsheng/pytest-4/test_integration_full_pipeline0/integration_test/config_merged.yaml
2025-11-12 04:33:43,119 - spatiotemporal_trainer - INFO - 配置快照已保存到: /tmp/pytest-of-suguangsheng/pytest-4/test_integration_full_pipeline0/integration_test/config_merged.yaml
2025-11-12 04:33:43,119 - spatiotemporal_trainer - INFO - 配置快照已保存到: /tmp/pytest-of-suguangsheng/pytest-4/test_integration_full_pipeline0/integration_test/config_merged.yaml
2025-11-12 04:33:43,119 - spatiotemporal_trainer - INFO - 配置快照已保存到: /tmp/pytest-of-suguangsheng/pytest-4/test_integration_full_pipeline0/integration_test/config_merged.yaml
2025-11-12 04:33:43,119 - spatiotemporal_trainer - INFO - 配置快照已保存到: /tmp/pytest-of-suguangsheng/pytest-4/test_integration_full_pipeline0/integration_test/config_merged.yaml
2025-11-12 04:33:43,119 - spatiotemporal_trainer - INFO - 配置快照已保存到: /tmp/pytest-of-suguangsheng/pytest-4/test_integration_full_pipeline0/integration_test/config_merged.yaml
2025-11-12 04:33:43,119 - spatiotemporal_trainer - INFO - 配置快照已保存到: /tmp/pytest-of-suguangsheng/pytest-4/test_integration_full_pipeline0/integration_test/config_merged.yaml
2025-11-12 04:33:43,119 - spatiotemporal_trainer - INFO - 配置快照已保存到: /tmp/pytest-of-suguangsheng/pytest-4/test_integration_full_pipeline0/integration_test/config_merged.yaml
2025-11-12 04:33:43,119 - spatiotemporal_trainer - ERROR - 设置失败: Missing key channels
    full_key: data.channels
    object_type=dict
2025-11-12 04:33:43,119 - spatiotemporal_trainer - ERROR - 设置失败: Missing key channels
    full_key: data.channels
    object_type=dict
2025-11-12 04:33:43,119 - spatiotemporal_trainer - ERROR - 设置失败: Missing key channels
    full_key: data.channels
    object_type=dict
2025-11-12 04:33:43,119 - spatiotemporal_trainer - ERROR - 设置失败: Missing key channels
    full_key: data.channels
    object_type=dict
2025-11-12 04:33:43,119 - spatiotemporal_trainer - ERROR - 设置失败: Missing key channels
    full_key: data.channels
    object_type=dict
2025-11-12 04:33:43,119 - spatiotemporal_trainer - ERROR - 设置失败: Missing key channels
    full_key: data.channels
    object_type=dict
2025-11-12 04:33:43,119 - spatiotemporal_trainer - ERROR - 设置失败: Missing key channels
    full_key: data.channels
    object_type=dict
2025-11-12 04:33:43,119 - spatiotemporal_trainer - ERROR - 设置失败: Missing key channels
    full_key: data.channels
    object_type=dict
2025-11-12 04:33:43,119 - spatiotemporal_trainer - ERROR - 设置失败: Missing key channels
    full_key: data.channels
    object_type=dict
2025-11-12 04:34:08,762 - spatiotemporal_trainer - INFO - 配置快照已保存到: /tmp/tmp5xwkegdy/spatiotemporal_decomposition/config_merged.yaml
2025-11-12 04:34:09,335 - spatiotemporal_trainer - INFO - 配置快照已保存到: /tmp/tmpj_bspyqs/spatiotemporal_decomposition/config_merged.yaml
2025-11-12 04:34:09,335 - spatiotemporal_trainer - INFO - 配置快照已保存到: /tmp/tmpj_bspyqs/spatiotemporal_decomposition/config_merged.yaml
2025-11-12 04:34:09,335 - spatiotemporal_trainer - INFO - 数据管理器设置完成
2025-11-12 04:34:09,335 - spatiotemporal_trainer - INFO - 数据管理器设置完成
2025-11-12 04:34:09,336 - spatiotemporal_trainer - INFO - 模型设置完成
2025-11-12 04:34:09,336 - spatiotemporal_trainer - INFO - 模型设置完成
2025-11-12 04:34:09,336 - spatiotemporal_trainer - INFO - 训练器设置完成
2025-11-12 04:34:09,336 - spatiotemporal_trainer - INFO - 训练器设置完成
2025-11-12 04:34:09,962 - spatiotemporal_trainer - INFO - 配置快照已保存到: /tmp/tmp8asj5_cq/spatiotemporal_decomposition/config_merged.yaml
2025-11-12 04:34:09,962 - spatiotemporal_trainer - INFO - 配置快照已保存到: /tmp/tmp8asj5_cq/spatiotemporal_decomposition/config_merged.yaml
2025-11-12 04:34:09,962 - spatiotemporal_trainer - INFO - 配置快照已保存到: /tmp/tmp8asj5_cq/spatiotemporal_decomposition/config_merged.yaml
2025-11-12 04:34:10,426 - spatiotemporal_trainer - INFO - 配置快照已保存到: /tmp/tmpch27m48c/spatiotemporal_decomposition/config_merged.yaml
2025-11-12 04:34:10,426 - spatiotemporal_trainer - INFO - 配置快照已保存到: /tmp/tmpch27m48c/spatiotemporal_decomposition/config_merged.yaml
2025-11-12 04:34:10,426 - spatiotemporal_trainer - INFO - 配置快照已保存到: /tmp/tmpch27m48c/spatiotemporal_decomposition/config_merged.yaml
2025-11-12 04:34:10,426 - spatiotemporal_trainer - INFO - 配置快照已保存到: /tmp/tmpch27m48c/spatiotemporal_decomposition/config_merged.yaml
2025-11-12 04:34:11,222 - spatiotemporal_trainer - INFO - 配置快照已保存到: /tmp/tmp7stdfr6c/spatiotemporal_decomposition/config_merged.yaml
2025-11-12 04:34:11,222 - spatiotemporal_trainer - INFO - 配置快照已保存到: /tmp/tmp7stdfr6c/spatiotemporal_decomposition/config_merged.yaml
2025-11-12 04:34:11,222 - spatiotemporal_trainer - INFO - 配置快照已保存到: /tmp/tmp7stdfr6c/spatiotemporal_decomposition/config_merged.yaml
2025-11-12 04:34:11,222 - spatiotemporal_trainer - INFO - 配置快照已保存到: /tmp/tmp7stdfr6c/spatiotemporal_decomposition/config_merged.yaml
2025-11-12 04:34:11,222 - spatiotemporal_trainer - INFO - 配置快照已保存到: /tmp/tmp7stdfr6c/spatiotemporal_decomposition/config_merged.yaml
2025-11-12 04:34:12,257 - spatiotemporal_trainer - INFO - 配置快照已保存到: /tmp/pytest-of-suguangsheng/pytest-5/test_end_to_end_training0/spatiotemporal_decomposition/config_merged.yaml
2025-11-12 04:34:12,257 - spatiotemporal_trainer - INFO - 配置快照已保存到: /tmp/pytest-of-suguangsheng/pytest-5/test_end_to_end_training0/spatiotemporal_decomposition/config_merged.yaml
2025-11-12 04:34:12,257 - spatiotemporal_trainer - INFO - 配置快照已保存到: /tmp/pytest-of-suguangsheng/pytest-5/test_end_to_end_training0/spatiotemporal_decomposition/config_merged.yaml
2025-11-12 04:34:12,257 - spatiotemporal_trainer - INFO - 配置快照已保存到: /tmp/pytest-of-suguangsheng/pytest-5/test_end_to_end_training0/spatiotemporal_decomposition/config_merged.yaml
2025-11-12 04:34:12,257 - spatiotemporal_trainer - INFO - 配置快照已保存到: /tmp/pytest-of-suguangsheng/pytest-5/test_end_to_end_training0/spatiotemporal_decomposition/config_merged.yaml
2025-11-12 04:34:12,257 - spatiotemporal_trainer - INFO - 配置快照已保存到: /tmp/pytest-of-suguangsheng/pytest-5/test_end_to_end_training0/spatiotemporal_decomposition/config_merged.yaml
2025-11-12 04:34:13,794 - spatiotemporal_trainer - INFO - 配置快照已保存到: runs/spatiotemporal/spatiotemporal_decomposition/config_merged.yaml
2025-11-12 04:34:13,794 - spatiotemporal_trainer - INFO - 配置快照已保存到: runs/spatiotemporal/spatiotemporal_decomposition/config_merged.yaml
2025-11-12 04:34:13,794 - spatiotemporal_trainer - INFO - 配置快照已保存到: runs/spatiotemporal/spatiotemporal_decomposition/config_merged.yaml
2025-11-12 04:34:13,794 - spatiotemporal_trainer - INFO - 配置快照已保存到: runs/spatiotemporal/spatiotemporal_decomposition/config_merged.yaml
2025-11-12 04:34:13,794 - spatiotemporal_trainer - INFO - 配置快照已保存到: runs/spatiotemporal/spatiotemporal_decomposition/config_merged.yaml
2025-11-12 04:34:13,794 - spatiotemporal_trainer - INFO - 配置快照已保存到: runs/spatiotemporal/spatiotemporal_decomposition/config_merged.yaml
2025-11-12 04:34:13,794 - spatiotemporal_trainer - INFO - 配置快照已保存到: runs/spatiotemporal/spatiotemporal_decomposition/config_merged.yaml
2025-11-12 04:34:13,797 - spatiotemporal_trainer - INFO - 检查点已保存到: /tmp/test_output/checkpoint_epoch_10.pt
2025-11-12 04:34:13,797 - spatiotemporal_trainer - INFO - 检查点已保存到: /tmp/test_output/checkpoint_epoch_10.pt
2025-11-12 04:34:13,797 - spatiotemporal_trainer - INFO - 检查点已保存到: /tmp/test_output/checkpoint_epoch_10.pt
2025-11-12 04:34:13,797 - spatiotemporal_trainer - INFO - 检查点已保存到: /tmp/test_output/checkpoint_epoch_10.pt
2025-11-12 04:34:13,797 - spatiotemporal_trainer - INFO - 检查点已保存到: /tmp/test_output/checkpoint_epoch_10.pt
2025-11-12 04:34:13,797 - spatiotemporal_trainer - INFO - 检查点已保存到: /tmp/test_output/checkpoint_epoch_10.pt
2025-11-12 04:34:13,797 - spatiotemporal_trainer - INFO - 检查点已保存到: /tmp/test_output/checkpoint_epoch_10.pt
2025-11-12 04:34:14,770 - spatiotemporal_trainer - INFO - 配置快照已保存到: runs/spatiotemporal/spatiotemporal_decomposition/config_merged.yaml
2025-11-12 04:34:14,770 - spatiotemporal_trainer - INFO - 配置快照已保存到: runs/spatiotemporal/spatiotemporal_decomposition/config_merged.yaml
2025-11-12 04:34:14,770 - spatiotemporal_trainer - INFO - 配置快照已保存到: runs/spatiotemporal/spatiotemporal_decomposition/config_merged.yaml
2025-11-12 04:34:14,770 - spatiotemporal_trainer - INFO - 配置快照已保存到: runs/spatiotemporal/spatiotemporal_decomposition/config_merged.yaml
2025-11-12 04:34:14,770 - spatiotemporal_trainer - INFO - 配置快照已保存到: runs/spatiotemporal/spatiotemporal_decomposition/config_merged.yaml
2025-11-12 04:34:14,770 - spatiotemporal_trainer - INFO - 配置快照已保存到: runs/spatiotemporal/spatiotemporal_decomposition/config_merged.yaml
2025-11-12 04:34:14,770 - spatiotemporal_trainer - INFO - 配置快照已保存到: runs/spatiotemporal/spatiotemporal_decomposition/config_merged.yaml
2025-11-12 04:34:14,770 - spatiotemporal_trainer - INFO - 配置快照已保存到: runs/spatiotemporal/spatiotemporal_decomposition/config_merged.yaml
2025-11-12 04:34:14,771 - spatiotemporal_trainer - INFO - 开始模型测试
2025-11-12 04:34:14,771 - spatiotemporal_trainer - INFO - 开始模型测试
2025-11-12 04:34:14,771 - spatiotemporal_trainer - INFO - 开始模型测试
2025-11-12 04:34:14,771 - spatiotemporal_trainer - INFO - 开始模型测试
2025-11-12 04:34:14,771 - spatiotemporal_trainer - INFO - 开始模型测试
2025-11-12 04:34:14,771 - spatiotemporal_trainer - INFO - 开始模型测试
2025-11-12 04:34:14,771 - spatiotemporal_trainer - INFO - 开始模型测试
2025-11-12 04:34:14,771 - spatiotemporal_trainer - INFO - 开始模型测试
2025-11-12 04:34:14,779 - spatiotemporal_trainer - INFO - 配置快照已保存到: /tmp/pytest-of-suguangsheng/pytest-5/test_integration_full_pipeline0/integration_test/config_merged.yaml
2025-11-12 04:34:14,779 - spatiotemporal_trainer - INFO - 配置快照已保存到: /tmp/pytest-of-suguangsheng/pytest-5/test_integration_full_pipeline0/integration_test/config_merged.yaml
2025-11-12 04:34:14,779 - spatiotemporal_trainer - INFO - 配置快照已保存到: /tmp/pytest-of-suguangsheng/pytest-5/test_integration_full_pipeline0/integration_test/config_merged.yaml
2025-11-12 04:34:14,779 - spatiotemporal_trainer - INFO - 配置快照已保存到: /tmp/pytest-of-suguangsheng/pytest-5/test_integration_full_pipeline0/integration_test/config_merged.yaml
2025-11-12 04:34:14,779 - spatiotemporal_trainer - INFO - 配置快照已保存到: /tmp/pytest-of-suguangsheng/pytest-5/test_integration_full_pipeline0/integration_test/config_merged.yaml
2025-11-12 04:34:14,779 - spatiotemporal_trainer - INFO - 配置快照已保存到: /tmp/pytest-of-suguangsheng/pytest-5/test_integration_full_pipeline0/integration_test/config_merged.yaml
2025-11-12 04:34:14,779 - spatiotemporal_trainer - INFO - 配置快照已保存到: /tmp/pytest-of-suguangsheng/pytest-5/test_integration_full_pipeline0/integration_test/config_merged.yaml
2025-11-12 04:34:14,779 - spatiotemporal_trainer - INFO - 配置快照已保存到: /tmp/pytest-of-suguangsheng/pytest-5/test_integration_full_pipeline0/integration_test/config_merged.yaml
2025-11-12 04:34:14,779 - spatiotemporal_trainer - INFO - 配置快照已保存到: /tmp/pytest-of-suguangsheng/pytest-5/test_integration_full_pipeline0/integration_test/config_merged.yaml
2025-11-12 04:34:14,779 - spatiotemporal_trainer - ERROR - 设置失败: Missing key img_size
    full_key: data.img_size
    object_type=dict
2025-11-12 04:34:14,779 - spatiotemporal_trainer - ERROR - 设置失败: Missing key img_size
    full_key: data.img_size
    object_type=dict
2025-11-12 04:34:14,779 - spatiotemporal_trainer - ERROR - 设置失败: Missing key img_size
    full_key: data.img_size
    object_type=dict
2025-11-12 04:34:14,779 - spatiotemporal_trainer - ERROR - 设置失败: Missing key img_size
    full_key: data.img_size
    object_type=dict
2025-11-12 04:34:14,779 - spatiotemporal_trainer - ERROR - 设置失败: Missing key img_size
    full_key: data.img_size
    object_type=dict
2025-11-12 04:34:14,779 - spatiotemporal_trainer - ERROR - 设置失败: Missing key img_size
    full_key: data.img_size
    object_type=dict
2025-11-12 04:34:14,779 - spatiotemporal_trainer - ERROR - 设置失败: Missing key img_size
    full_key: data.img_size
    object_type=dict
2025-11-12 04:34:14,779 - spatiotemporal_trainer - ERROR - 设置失败: Missing key img_size
    full_key: data.img_size
    object_type=dict
2025-11-12 04:34:14,779 - spatiotemporal_trainer - ERROR - 设置失败: Missing key img_size
    full_key: data.img_size
    object_type=dict
2025-11-12 04:34:42,580 - spatiotemporal_trainer - INFO - 配置快照已保存到: /tmp/tmp10k_fe7o/spatiotemporal_decomposition/config_merged.yaml
2025-11-12 04:34:43,231 - spatiotemporal_trainer - INFO - 配置快照已保存到: /tmp/tmpr4ei7xy9/spatiotemporal_decomposition/config_merged.yaml
2025-11-12 04:34:43,231 - spatiotemporal_trainer - INFO - 配置快照已保存到: /tmp/tmpr4ei7xy9/spatiotemporal_decomposition/config_merged.yaml
2025-11-12 04:34:43,231 - spatiotemporal_trainer - INFO - 数据管理器设置完成
2025-11-12 04:34:43,231 - spatiotemporal_trainer - INFO - 数据管理器设置完成
2025-11-12 04:34:43,232 - spatiotemporal_trainer - INFO - 模型设置完成
2025-11-12 04:34:43,232 - spatiotemporal_trainer - INFO - 模型设置完成
2025-11-12 04:34:43,232 - spatiotemporal_trainer - INFO - 训练器设置完成
2025-11-12 04:34:43,232 - spatiotemporal_trainer - INFO - 训练器设置完成
2025-11-12 04:34:43,901 - spatiotemporal_trainer - INFO - 配置快照已保存到: /tmp/tmpa5jx6t8i/spatiotemporal_decomposition/config_merged.yaml
2025-11-12 04:34:43,901 - spatiotemporal_trainer - INFO - 配置快照已保存到: /tmp/tmpa5jx6t8i/spatiotemporal_decomposition/config_merged.yaml
2025-11-12 04:34:43,901 - spatiotemporal_trainer - INFO - 配置快照已保存到: /tmp/tmpa5jx6t8i/spatiotemporal_decomposition/config_merged.yaml
2025-11-12 04:34:44,444 - spatiotemporal_trainer - INFO - 配置快照已保存到: /tmp/tmpqo42pmf6/spatiotemporal_decomposition/config_merged.yaml
2025-11-12 04:34:44,444 - spatiotemporal_trainer - INFO - 配置快照已保存到: /tmp/tmpqo42pmf6/spatiotemporal_decomposition/config_merged.yaml
2025-11-12 04:34:44,444 - spatiotemporal_trainer - INFO - 配置快照已保存到: /tmp/tmpqo42pmf6/spatiotemporal_decomposition/config_merged.yaml
2025-11-12 04:34:44,444 - spatiotemporal_trainer - INFO - 配置快照已保存到: /tmp/tmpqo42pmf6/spatiotemporal_decomposition/config_merged.yaml
2025-11-12 04:34:45,293 - spatiotemporal_trainer - INFO - 配置快照已保存到: /tmp/tmp42p56bmz/spatiotemporal_decomposition/config_merged.yaml
2025-11-12 04:34:45,293 - spatiotemporal_trainer - INFO - 配置快照已保存到: /tmp/tmp42p56bmz/spatiotemporal_decomposition/config_merged.yaml
2025-11-12 04:34:45,293 - spatiotemporal_trainer - INFO - 配置快照已保存到: /tmp/tmp42p56bmz/spatiotemporal_decomposition/config_merged.yaml
2025-11-12 04:34:45,293 - spatiotemporal_trainer - INFO - 配置快照已保存到: /tmp/tmp42p56bmz/spatiotemporal_decomposition/config_merged.yaml
2025-11-12 04:34:45,293 - spatiotemporal_trainer - INFO - 配置快照已保存到: /tmp/tmp42p56bmz/spatiotemporal_decomposition/config_merged.yaml
2025-11-12 04:34:46,089 - spatiotemporal_trainer - INFO - 配置快照已保存到: /tmp/pytest-of-suguangsheng/pytest-6/test_end_to_end_training0/spatiotemporal_decomposition/config_merged.yaml
2025-11-12 04:34:46,089 - spatiotemporal_trainer - INFO - 配置快照已保存到: /tmp/pytest-of-suguangsheng/pytest-6/test_end_to_end_training0/spatiotemporal_decomposition/config_merged.yaml
2025-11-12 04:34:46,089 - spatiotemporal_trainer - INFO - 配置快照已保存到: /tmp/pytest-of-suguangsheng/pytest-6/test_end_to_end_training0/spatiotemporal_decomposition/config_merged.yaml
2025-11-12 04:34:46,089 - spatiotemporal_trainer - INFO - 配置快照已保存到: /tmp/pytest-of-suguangsheng/pytest-6/test_end_to_end_training0/spatiotemporal_decomposition/config_merged.yaml
2025-11-12 04:34:46,089 - spatiotemporal_trainer - INFO - 配置快照已保存到: /tmp/pytest-of-suguangsheng/pytest-6/test_end_to_end_training0/spatiotemporal_decomposition/config_merged.yaml
2025-11-12 04:34:46,089 - spatiotemporal_trainer - INFO - 配置快照已保存到: /tmp/pytest-of-suguangsheng/pytest-6/test_end_to_end_training0/spatiotemporal_decomposition/config_merged.yaml
2025-11-12 04:34:46,806 - spatiotemporal_trainer - INFO - 配置快照已保存到: runs/spatiotemporal/spatiotemporal_decomposition/config_merged.yaml
2025-11-12 04:34:46,806 - spatiotemporal_trainer - INFO - 配置快照已保存到: runs/spatiotemporal/spatiotemporal_decomposition/config_merged.yaml
2025-11-12 04:34:46,806 - spatiotemporal_trainer - INFO - 配置快照已保存到: runs/spatiotemporal/spatiotemporal_decomposition/config_merged.yaml
2025-11-12 04:34:46,806 - spatiotemporal_trainer - INFO - 配置快照已保存到: runs/spatiotemporal/spatiotemporal_decomposition/config_merged.yaml
2025-11-12 04:34:46,806 - spatiotemporal_trainer - INFO - 配置快照已保存到: runs/spatiotemporal/spatiotemporal_decomposition/config_merged.yaml
2025-11-12 04:34:46,806 - spatiotemporal_trainer - INFO - 配置快照已保存到: runs/spatiotemporal/spatiotemporal_decomposition/config_merged.yaml
2025-11-12 04:34:46,806 - spatiotemporal_trainer - INFO - 配置快照已保存到: runs/spatiotemporal/spatiotemporal_decomposition/config_merged.yaml
2025-11-12 04:34:46,810 - spatiotemporal_trainer - INFO - 检查点已保存到: /tmp/test_output/checkpoint_epoch_10.pt
2025-11-12 04:34:46,810 - spatiotemporal_trainer - INFO - 检查点已保存到: /tmp/test_output/checkpoint_epoch_10.pt
2025-11-12 04:34:46,810 - spatiotemporal_trainer - INFO - 检查点已保存到: /tmp/test_output/checkpoint_epoch_10.pt
2025-11-12 04:34:46,810 - spatiotemporal_trainer - INFO - 检查点已保存到: /tmp/test_output/checkpoint_epoch_10.pt
2025-11-12 04:34:46,810 - spatiotemporal_trainer - INFO - 检查点已保存到: /tmp/test_output/checkpoint_epoch_10.pt
2025-11-12 04:34:46,810 - spatiotemporal_trainer - INFO - 检查点已保存到: /tmp/test_output/checkpoint_epoch_10.pt
2025-11-12 04:34:46,810 - spatiotemporal_trainer - INFO - 检查点已保存到: /tmp/test_output/checkpoint_epoch_10.pt
2025-11-12 04:34:47,445 - spatiotemporal_trainer - INFO - 配置快照已保存到: runs/spatiotemporal/spatiotemporal_decomposition/config_merged.yaml
2025-11-12 04:34:47,445 - spatiotemporal_trainer - INFO - 配置快照已保存到: runs/spatiotemporal/spatiotemporal_decomposition/config_merged.yaml
2025-11-12 04:34:47,445 - spatiotemporal_trainer - INFO - 配置快照已保存到: runs/spatiotemporal/spatiotemporal_decomposition/config_merged.yaml
2025-11-12 04:34:47,445 - spatiotemporal_trainer - INFO - 配置快照已保存到: runs/spatiotemporal/spatiotemporal_decomposition/config_merged.yaml
2025-11-12 04:34:47,445 - spatiotemporal_trainer - INFO - 配置快照已保存到: runs/spatiotemporal/spatiotemporal_decomposition/config_merged.yaml
2025-11-12 04:34:47,445 - spatiotemporal_trainer - INFO - 配置快照已保存到: runs/spatiotemporal/spatiotemporal_decomposition/config_merged.yaml
2025-11-12 04:34:47,445 - spatiotemporal_trainer - INFO - 配置快照已保存到: runs/spatiotemporal/spatiotemporal_decomposition/config_merged.yaml
2025-11-12 04:34:47,445 - spatiotemporal_trainer - INFO - 配置快照已保存到: runs/spatiotemporal/spatiotemporal_decomposition/config_merged.yaml
2025-11-12 04:34:47,446 - spatiotemporal_trainer - INFO - 开始模型测试
2025-11-12 04:34:47,446 - spatiotemporal_trainer - INFO - 开始模型测试
2025-11-12 04:34:47,446 - spatiotemporal_trainer - INFO - 开始模型测试
2025-11-12 04:34:47,446 - spatiotemporal_trainer - INFO - 开始模型测试
2025-11-12 04:34:47,446 - spatiotemporal_trainer - INFO - 开始模型测试
2025-11-12 04:34:47,446 - spatiotemporal_trainer - INFO - 开始模型测试
2025-11-12 04:34:47,446 - spatiotemporal_trainer - INFO - 开始模型测试
2025-11-12 04:34:47,446 - spatiotemporal_trainer - INFO - 开始模型测试
2025-11-12 04:34:47,454 - spatiotemporal_trainer - INFO - 配置快照已保存到: /tmp/pytest-of-suguangsheng/pytest-6/test_integration_full_pipeline0/integration_test/config_merged.yaml
2025-11-12 04:34:47,454 - spatiotemporal_trainer - INFO - 配置快照已保存到: /tmp/pytest-of-suguangsheng/pytest-6/test_integration_full_pipeline0/integration_test/config_merged.yaml
2025-11-12 04:34:47,454 - spatiotemporal_trainer - INFO - 配置快照已保存到: /tmp/pytest-of-suguangsheng/pytest-6/test_integration_full_pipeline0/integration_test/config_merged.yaml
2025-11-12 04:34:47,454 - spatiotemporal_trainer - INFO - 配置快照已保存到: /tmp/pytest-of-suguangsheng/pytest-6/test_integration_full_pipeline0/integration_test/config_merged.yaml
2025-11-12 04:34:47,454 - spatiotemporal_trainer - INFO - 配置快照已保存到: /tmp/pytest-of-suguangsheng/pytest-6/test_integration_full_pipeline0/integration_test/config_merged.yaml
2025-11-12 04:34:47,454 - spatiotemporal_trainer - INFO - 配置快照已保存到: /tmp/pytest-of-suguangsheng/pytest-6/test_integration_full_pipeline0/integration_test/config_merged.yaml
2025-11-12 04:34:47,454 - spatiotemporal_trainer - INFO - 配置快照已保存到: /tmp/pytest-of-suguangsheng/pytest-6/test_integration_full_pipeline0/integration_test/config_merged.yaml
2025-11-12 04:34:47,454 - spatiotemporal_trainer - INFO - 配置快照已保存到: /tmp/pytest-of-suguangsheng/pytest-6/test_integration_full_pipeline0/integration_test/config_merged.yaml
2025-11-12 04:34:47,454 - spatiotemporal_trainer - INFO - 配置快照已保存到: /tmp/pytest-of-suguangsheng/pytest-6/test_integration_full_pipeline0/integration_test/config_merged.yaml
2025-11-12 04:34:47,457 - spatiotemporal_trainer - INFO - 数据管理器设置完成
2025-11-12 04:34:47,457 - spatiotemporal_trainer - INFO - 数据管理器设置完成
2025-11-12 04:34:47,457 - spatiotemporal_trainer - INFO - 数据管理器设置完成
2025-11-12 04:34:47,457 - spatiotemporal_trainer - INFO - 数据管理器设置完成
2025-11-12 04:34:47,457 - spatiotemporal_trainer - INFO - 数据管理器设置完成
2025-11-12 04:34:47,457 - spatiotemporal_trainer - INFO - 数据管理器设置完成
2025-11-12 04:34:47,457 - spatiotemporal_trainer - INFO - 数据管理器设置完成
2025-11-12 04:34:47,457 - spatiotemporal_trainer - INFO - 数据管理器设置完成
2025-11-12 04:34:47,457 - spatiotemporal_trainer - INFO - 数据管理器设置完成
2025-11-12 04:34:47,458 - spatiotemporal_trainer - INFO - 模型设置完成
2025-11-12 04:34:47,458 - spatiotemporal_trainer - INFO - 模型设置完成
2025-11-12 04:34:47,458 - spatiotemporal_trainer - INFO - 模型设置完成
2025-11-12 04:34:47,458 - spatiotemporal_trainer - INFO - 模型设置完成
2025-11-12 04:34:47,458 - spatiotemporal_trainer - INFO - 模型设置完成
2025-11-12 04:34:47,458 - spatiotemporal_trainer - INFO - 模型设置完成
2025-11-12 04:34:47,458 - spatiotemporal_trainer - INFO - 模型设置完成
2025-11-12 04:34:47,458 - spatiotemporal_trainer - INFO - 模型设置完成
2025-11-12 04:34:47,458 - spatiotemporal_trainer - INFO - 模型设置完成
2025-11-12 04:34:47,458 - spatiotemporal_trainer - INFO - 训练器设置完成
2025-11-12 04:34:47,458 - spatiotemporal_trainer - INFO - 训练器设置完成
2025-11-12 04:34:47,458 - spatiotemporal_trainer - INFO - 训练器设置完成
2025-11-12 04:34:47,458 - spatiotemporal_trainer - INFO - 训练器设置完成
2025-11-12 04:34:47,458 - spatiotemporal_trainer - INFO - 训练器设置完成
2025-11-12 04:34:47,458 - spatiotemporal_trainer - INFO - 训练器设置完成
2025-11-12 04:34:47,458 - spatiotemporal_trainer - INFO - 训练器设置完成
2025-11-12 04:34:47,458 - spatiotemporal_trainer - INFO - 训练器设置完成
2025-11-12 04:34:47,458 - spatiotemporal_trainer - INFO - 训练器设置完成
2025-11-12 04:34:47,458 - spatiotemporal_trainer - INFO - 开始时空分解训练
2025-11-12 04:34:47,458 - spatiotemporal_trainer - INFO - 开始时空分解训练
2025-11-12 04:34:47,458 - spatiotemporal_trainer - INFO - 开始时空分解训练
2025-11-12 04:34:47,458 - spatiotemporal_trainer - INFO - 开始时空分解训练
2025-11-12 04:34:47,458 - spatiotemporal_trainer - INFO - 开始时空分解训练
2025-11-12 04:34:47,458 - spatiotemporal_trainer - INFO - 开始时空分解训练
2025-11-12 04:34:47,458 - spatiotemporal_trainer - INFO - 开始时空分解训练
2025-11-12 04:34:47,458 - spatiotemporal_trainer - INFO - 开始时空分解训练
2025-11-12 04:34:47,458 - spatiotemporal_trainer - INFO - 开始时空分解训练
2025-11-12 04:34:47,458 - spatiotemporal_trainer - ERROR - 训练过程出错: Missing key spatial_pretrain
    full_key: training.spatial_pretrain
    object_type=dict
2025-11-12 04:34:47,458 - spatiotemporal_trainer - ERROR - 训练过程出错: Missing key spatial_pretrain
    full_key: training.spatial_pretrain
    object_type=dict
2025-11-12 04:34:47,458 - spatiotemporal_trainer - ERROR - 训练过程出错: Missing key spatial_pretrain
    full_key: training.spatial_pretrain
    object_type=dict
2025-11-12 04:34:47,458 - spatiotemporal_trainer - ERROR - 训练过程出错: Missing key spatial_pretrain
    full_key: training.spatial_pretrain
    object_type=dict
2025-11-12 04:34:47,458 - spatiotemporal_trainer - ERROR - 训练过程出错: Missing key spatial_pretrain
    full_key: training.spatial_pretrain
    object_type=dict
2025-11-12 04:34:47,458 - spatiotemporal_trainer - ERROR - 训练过程出错: Missing key spatial_pretrain
    full_key: training.spatial_pretrain
    object_type=dict
2025-11-12 04:34:47,458 - spatiotemporal_trainer - ERROR - 训练过程出错: Missing key spatial_pretrain
    full_key: training.spatial_pretrain
    object_type=dict
2025-11-12 04:34:47,458 - spatiotemporal_trainer - ERROR - 训练过程出错: Missing key spatial_pretrain
    full_key: training.spatial_pretrain
    object_type=dict
2025-11-12 04:34:47,458 - spatiotemporal_trainer - ERROR - 训练过程出错: Missing key spatial_pretrain
    full_key: training.spatial_pretrain
    object_type=dict
2025-11-12 04:35:31,352 - spatiotemporal_trainer - INFO - 配置快照已保存到: /tmp/tmpznphm9ke/spatiotemporal_decomposition/config_merged.yaml
2025-11-12 04:35:31,770 - spatiotemporal_trainer - INFO - 配置快照已保存到: /tmp/tmpmdg2jbzc/spatiotemporal_decomposition/config_merged.yaml
2025-11-12 04:35:31,770 - spatiotemporal_trainer - INFO - 配置快照已保存到: /tmp/tmpmdg2jbzc/spatiotemporal_decomposition/config_merged.yaml
2025-11-12 04:35:31,770 - spatiotemporal_trainer - INFO - 数据管理器设置完成
2025-11-12 04:35:31,770 - spatiotemporal_trainer - INFO - 数据管理器设置完成
2025-11-12 04:35:31,770 - spatiotemporal_trainer - INFO - 模型设置完成
2025-11-12 04:35:31,770 - spatiotemporal_trainer - INFO - 模型设置完成
2025-11-12 04:35:31,770 - spatiotemporal_trainer - INFO - 训练器设置完成
2025-11-12 04:35:31,770 - spatiotemporal_trainer - INFO - 训练器设置完成
2025-11-12 04:35:32,407 - spatiotemporal_trainer - INFO - 配置快照已保存到: /tmp/tmplxz4ksi1/spatiotemporal_decomposition/config_merged.yaml
2025-11-12 04:35:32,407 - spatiotemporal_trainer - INFO - 配置快照已保存到: /tmp/tmplxz4ksi1/spatiotemporal_decomposition/config_merged.yaml
2025-11-12 04:35:32,407 - spatiotemporal_trainer - INFO - 配置快照已保存到: /tmp/tmplxz4ksi1/spatiotemporal_decomposition/config_merged.yaml
2025-11-12 04:35:33,057 - spatiotemporal_trainer - INFO - 配置快照已保存到: /tmp/tmpr4mck4kq/spatiotemporal_decomposition/config_merged.yaml
2025-11-12 04:35:33,057 - spatiotemporal_trainer - INFO - 配置快照已保存到: /tmp/tmpr4mck4kq/spatiotemporal_decomposition/config_merged.yaml
2025-11-12 04:35:33,057 - spatiotemporal_trainer - INFO - 配置快照已保存到: /tmp/tmpr4mck4kq/spatiotemporal_decomposition/config_merged.yaml
2025-11-12 04:35:33,057 - spatiotemporal_trainer - INFO - 配置快照已保存到: /tmp/tmpr4mck4kq/spatiotemporal_decomposition/config_merged.yaml
2025-11-12 04:35:33,632 - spatiotemporal_trainer - INFO - 配置快照已保存到: /tmp/tmp4jqvpn8b/spatiotemporal_decomposition/config_merged.yaml
2025-11-12 04:35:33,632 - spatiotemporal_trainer - INFO - 配置快照已保存到: /tmp/tmp4jqvpn8b/spatiotemporal_decomposition/config_merged.yaml
2025-11-12 04:35:33,632 - spatiotemporal_trainer - INFO - 配置快照已保存到: /tmp/tmp4jqvpn8b/spatiotemporal_decomposition/config_merged.yaml
2025-11-12 04:35:33,632 - spatiotemporal_trainer - INFO - 配置快照已保存到: /tmp/tmp4jqvpn8b/spatiotemporal_decomposition/config_merged.yaml
2025-11-12 04:35:33,632 - spatiotemporal_trainer - INFO - 配置快照已保存到: /tmp/tmp4jqvpn8b/spatiotemporal_decomposition/config_merged.yaml
2025-11-12 04:35:34,388 - spatiotemporal_trainer - INFO - 配置快照已保存到: /tmp/pytest-of-suguangsheng/pytest-7/test_end_to_end_training0/spatiotemporal_decomposition/config_merged.yaml
2025-11-12 04:35:34,388 - spatiotemporal_trainer - INFO - 配置快照已保存到: /tmp/pytest-of-suguangsheng/pytest-7/test_end_to_end_training0/spatiotemporal_decomposition/config_merged.yaml
2025-11-12 04:35:34,388 - spatiotemporal_trainer - INFO - 配置快照已保存到: /tmp/pytest-of-suguangsheng/pytest-7/test_end_to_end_training0/spatiotemporal_decomposition/config_merged.yaml
2025-11-12 04:35:34,388 - spatiotemporal_trainer - INFO - 配置快照已保存到: /tmp/pytest-of-suguangsheng/pytest-7/test_end_to_end_training0/spatiotemporal_decomposition/config_merged.yaml
2025-11-12 04:35:34,388 - spatiotemporal_trainer - INFO - 配置快照已保存到: /tmp/pytest-of-suguangsheng/pytest-7/test_end_to_end_training0/spatiotemporal_decomposition/config_merged.yaml
2025-11-12 04:35:34,388 - spatiotemporal_trainer - INFO - 配置快照已保存到: /tmp/pytest-of-suguangsheng/pytest-7/test_end_to_end_training0/spatiotemporal_decomposition/config_merged.yaml
2025-11-12 04:35:35,897 - spatiotemporal_trainer - INFO - 配置快照已保存到: runs/spatiotemporal/spatiotemporal_decomposition/config_merged.yaml
2025-11-12 04:35:35,897 - spatiotemporal_trainer - INFO - 配置快照已保存到: runs/spatiotemporal/spatiotemporal_decomposition/config_merged.yaml
2025-11-12 04:35:35,897 - spatiotemporal_trainer - INFO - 配置快照已保存到: runs/spatiotemporal/spatiotemporal_decomposition/config_merged.yaml
2025-11-12 04:35:35,897 - spatiotemporal_trainer - INFO - 配置快照已保存到: runs/spatiotemporal/spatiotemporal_decomposition/config_merged.yaml
2025-11-12 04:35:35,897 - spatiotemporal_trainer - INFO - 配置快照已保存到: runs/spatiotemporal/spatiotemporal_decomposition/config_merged.yaml
2025-11-12 04:35:35,897 - spatiotemporal_trainer - INFO - 配置快照已保存到: runs/spatiotemporal/spatiotemporal_decomposition/config_merged.yaml
2025-11-12 04:35:35,897 - spatiotemporal_trainer - INFO - 配置快照已保存到: runs/spatiotemporal/spatiotemporal_decomposition/config_merged.yaml
2025-11-12 04:35:35,901 - spatiotemporal_trainer - INFO - 检查点已保存到: /tmp/test_output/checkpoint_epoch_10.pt
2025-11-12 04:35:35,901 - spatiotemporal_trainer - INFO - 检查点已保存到: /tmp/test_output/checkpoint_epoch_10.pt
2025-11-12 04:35:35,901 - spatiotemporal_trainer - INFO - 检查点已保存到: /tmp/test_output/checkpoint_epoch_10.pt
2025-11-12 04:35:35,901 - spatiotemporal_trainer - INFO - 检查点已保存到: /tmp/test_output/checkpoint_epoch_10.pt
2025-11-12 04:35:35,901 - spatiotemporal_trainer - INFO - 检查点已保存到: /tmp/test_output/checkpoint_epoch_10.pt
2025-11-12 04:35:35,901 - spatiotemporal_trainer - INFO - 检查点已保存到: /tmp/test_output/checkpoint_epoch_10.pt
2025-11-12 04:35:35,901 - spatiotemporal_trainer - INFO - 检查点已保存到: /tmp/test_output/checkpoint_epoch_10.pt
2025-11-12 04:35:36,490 - spatiotemporal_trainer - INFO - 配置快照已保存到: runs/spatiotemporal/spatiotemporal_decomposition/config_merged.yaml
2025-11-12 04:35:36,490 - spatiotemporal_trainer - INFO - 配置快照已保存到: runs/spatiotemporal/spatiotemporal_decomposition/config_merged.yaml
2025-11-12 04:35:36,490 - spatiotemporal_trainer - INFO - 配置快照已保存到: runs/spatiotemporal/spatiotemporal_decomposition/config_merged.yaml
2025-11-12 04:35:36,490 - spatiotemporal_trainer - INFO - 配置快照已保存到: runs/spatiotemporal/spatiotemporal_decomposition/config_merged.yaml
2025-11-12 04:35:36,490 - spatiotemporal_trainer - INFO - 配置快照已保存到: runs/spatiotemporal/spatiotemporal_decomposition/config_merged.yaml
2025-11-12 04:35:36,490 - spatiotemporal_trainer - INFO - 配置快照已保存到: runs/spatiotemporal/spatiotemporal_decomposition/config_merged.yaml
2025-11-12 04:35:36,490 - spatiotemporal_trainer - INFO - 配置快照已保存到: runs/spatiotemporal/spatiotemporal_decomposition/config_merged.yaml
2025-11-12 04:35:36,490 - spatiotemporal_trainer - INFO - 配置快照已保存到: runs/spatiotemporal/spatiotemporal_decomposition/config_merged.yaml
2025-11-12 04:35:36,491 - spatiotemporal_trainer - INFO - 开始模型测试
2025-11-12 04:35:36,491 - spatiotemporal_trainer - INFO - 开始模型测试
2025-11-12 04:35:36,491 - spatiotemporal_trainer - INFO - 开始模型测试
2025-11-12 04:35:36,491 - spatiotemporal_trainer - INFO - 开始模型测试
2025-11-12 04:35:36,491 - spatiotemporal_trainer - INFO - 开始模型测试
2025-11-12 04:35:36,491 - spatiotemporal_trainer - INFO - 开始模型测试
2025-11-12 04:35:36,491 - spatiotemporal_trainer - INFO - 开始模型测试
2025-11-12 04:35:36,491 - spatiotemporal_trainer - INFO - 开始模型测试
2025-11-12 04:35:36,499 - spatiotemporal_trainer - INFO - 配置快照已保存到: /tmp/pytest-of-suguangsheng/pytest-7/test_integration_full_pipeline0/integration_test/config_merged.yaml
2025-11-12 04:35:36,499 - spatiotemporal_trainer - INFO - 配置快照已保存到: /tmp/pytest-of-suguangsheng/pytest-7/test_integration_full_pipeline0/integration_test/config_merged.yaml
2025-11-12 04:35:36,499 - spatiotemporal_trainer - INFO - 配置快照已保存到: /tmp/pytest-of-suguangsheng/pytest-7/test_integration_full_pipeline0/integration_test/config_merged.yaml
2025-11-12 04:35:36,499 - spatiotemporal_trainer - INFO - 配置快照已保存到: /tmp/pytest-of-suguangsheng/pytest-7/test_integration_full_pipeline0/integration_test/config_merged.yaml
2025-11-12 04:35:36,499 - spatiotemporal_trainer - INFO - 配置快照已保存到: /tmp/pytest-of-suguangsheng/pytest-7/test_integration_full_pipeline0/integration_test/config_merged.yaml
2025-11-12 04:35:36,499 - spatiotemporal_trainer - INFO - 配置快照已保存到: /tmp/pytest-of-suguangsheng/pytest-7/test_integration_full_pipeline0/integration_test/config_merged.yaml
2025-11-12 04:35:36,499 - spatiotemporal_trainer - INFO - 配置快照已保存到: /tmp/pytest-of-suguangsheng/pytest-7/test_integration_full_pipeline0/integration_test/config_merged.yaml
2025-11-12 04:35:36,499 - spatiotemporal_trainer - INFO - 配置快照已保存到: /tmp/pytest-of-suguangsheng/pytest-7/test_integration_full_pipeline0/integration_test/config_merged.yaml
2025-11-12 04:35:36,499 - spatiotemporal_trainer - INFO - 配置快照已保存到: /tmp/pytest-of-suguangsheng/pytest-7/test_integration_full_pipeline0/integration_test/config_merged.yaml
2025-11-12 04:35:36,504 - spatiotemporal_trainer - INFO - 数据管理器设置完成
2025-11-12 04:35:36,504 - spatiotemporal_trainer - INFO - 数据管理器设置完成
2025-11-12 04:35:36,504 - spatiotemporal_trainer - INFO - 数据管理器设置完成
2025-11-12 04:35:36,504 - spatiotemporal_trainer - INFO - 数据管理器设置完成
2025-11-12 04:35:36,504 - spatiotemporal_trainer - INFO - 数据管理器设置完成
2025-11-12 04:35:36,504 - spatiotemporal_trainer - INFO - 数据管理器设置完成
2025-11-12 04:35:36,504 - spatiotemporal_trainer - INFO - 数据管理器设置完成
2025-11-12 04:35:36,504 - spatiotemporal_trainer - INFO - 数据管理器设置完成
2025-11-12 04:35:36,504 - spatiotemporal_trainer - INFO - 数据管理器设置完成
2025-11-12 04:35:36,504 - spatiotemporal_trainer - INFO - 模型设置完成
2025-11-12 04:35:36,504 - spatiotemporal_trainer - INFO - 模型设置完成
2025-11-12 04:35:36,504 - spatiotemporal_trainer - INFO - 模型设置完成
2025-11-12 04:35:36,504 - spatiotemporal_trainer - INFO - 模型设置完成
2025-11-12 04:35:36,504 - spatiotemporal_trainer - INFO - 模型设置完成
2025-11-12 04:35:36,504 - spatiotemporal_trainer - INFO - 模型设置完成
2025-11-12 04:35:36,504 - spatiotemporal_trainer - INFO - 模型设置完成
2025-11-12 04:35:36,504 - spatiotemporal_trainer - INFO - 模型设置完成
2025-11-12 04:35:36,504 - spatiotemporal_trainer - INFO - 模型设置完成
2025-11-12 04:35:36,504 - spatiotemporal_trainer - INFO - 训练器设置完成
2025-11-12 04:35:36,504 - spatiotemporal_trainer - INFO - 训练器设置完成
2025-11-12 04:35:36,504 - spatiotemporal_trainer - INFO - 训练器设置完成
2025-11-12 04:35:36,504 - spatiotemporal_trainer - INFO - 训练器设置完成
2025-11-12 04:35:36,504 - spatiotemporal_trainer - INFO - 训练器设置完成
2025-11-12 04:35:36,504 - spatiotemporal_trainer - INFO - 训练器设置完成
2025-11-12 04:35:36,504 - spatiotemporal_trainer - INFO - 训练器设置完成
2025-11-12 04:35:36,504 - spatiotemporal_trainer - INFO - 训练器设置完成
2025-11-12 04:35:36,504 - spatiotemporal_trainer - INFO - 训练器设置完成
2025-11-12 04:35:36,504 - spatiotemporal_trainer - INFO - 开始时空分解训练
2025-11-12 04:35:36,504 - spatiotemporal_trainer - INFO - 开始时空分解训练
2025-11-12 04:35:36,504 - spatiotemporal_trainer - INFO - 开始时空分解训练
2025-11-12 04:35:36,504 - spatiotemporal_trainer - INFO - 开始时空分解训练
2025-11-12 04:35:36,504 - spatiotemporal_trainer - INFO - 开始时空分解训练
2025-11-12 04:35:36,504 - spatiotemporal_trainer - INFO - 开始时空分解训练
2025-11-12 04:35:36,504 - spatiotemporal_trainer - INFO - 开始时空分解训练
2025-11-12 04:35:36,504 - spatiotemporal_trainer - INFO - 开始时空分解训练
2025-11-12 04:35:36,504 - spatiotemporal_trainer - INFO - 开始时空分解训练
2025-11-12 04:35:36,504 - spatiotemporal_trainer - ERROR - 训练过程出错: Missing key enabled
    full_key: training.spatial_pretrain.enabled
    object_type=dict
2025-11-12 04:35:36,504 - spatiotemporal_trainer - ERROR - 训练过程出错: Missing key enabled
    full_key: training.spatial_pretrain.enabled
    object_type=dict
2025-11-12 04:35:36,504 - spatiotemporal_trainer - ERROR - 训练过程出错: Missing key enabled
    full_key: training.spatial_pretrain.enabled
    object_type=dict
2025-11-12 04:35:36,504 - spatiotemporal_trainer - ERROR - 训练过程出错: Missing key enabled
    full_key: training.spatial_pretrain.enabled
    object_type=dict
2025-11-12 04:35:36,504 - spatiotemporal_trainer - ERROR - 训练过程出错: Missing key enabled
    full_key: training.spatial_pretrain.enabled
    object_type=dict
2025-11-12 04:35:36,504 - spatiotemporal_trainer - ERROR - 训练过程出错: Missing key enabled
    full_key: training.spatial_pretrain.enabled
    object_type=dict
2025-11-12 04:35:36,504 - spatiotemporal_trainer - ERROR - 训练过程出错: Missing key enabled
    full_key: training.spatial_pretrain.enabled
    object_type=dict
2025-11-12 04:35:36,504 - spatiotemporal_trainer - ERROR - 训练过程出错: Missing key enabled
    full_key: training.spatial_pretrain.enabled
    object_type=dict
2025-11-12 04:35:36,504 - spatiotemporal_trainer - ERROR - 训练过程出错: Missing key enabled
    full_key: training.spatial_pretrain.enabled
    object_type=dict
2025-11-12 04:36:09,918 - spatiotemporal_trainer - INFO - 配置快照已保存到: /tmp/tmpacyuoaoc/spatiotemporal_decomposition/config_merged.yaml
2025-11-12 04:36:10,490 - spatiotemporal_trainer - INFO - 配置快照已保存到: /tmp/tmpgcwxbgq5/spatiotemporal_decomposition/config_merged.yaml
2025-11-12 04:36:10,490 - spatiotemporal_trainer - INFO - 配置快照已保存到: /tmp/tmpgcwxbgq5/spatiotemporal_decomposition/config_merged.yaml
2025-11-12 04:36:10,490 - spatiotemporal_trainer - INFO - 数据管理器设置完成
2025-11-12 04:36:10,490 - spatiotemporal_trainer - INFO - 数据管理器设置完成
2025-11-12 04:36:10,491 - spatiotemporal_trainer - INFO - 模型设置完成
2025-11-12 04:36:10,491 - spatiotemporal_trainer - INFO - 模型设置完成
2025-11-12 04:36:10,491 - spatiotemporal_trainer - INFO - 训练器设置完成
2025-11-12 04:36:10,491 - spatiotemporal_trainer - INFO - 训练器设置完成
2025-11-12 04:36:11,162 - spatiotemporal_trainer - INFO - 配置快照已保存到: /tmp/tmp0qu28cr7/spatiotemporal_decomposition/config_merged.yaml
2025-11-12 04:36:11,162 - spatiotemporal_trainer - INFO - 配置快照已保存到: /tmp/tmp0qu28cr7/spatiotemporal_decomposition/config_merged.yaml
2025-11-12 04:36:11,162 - spatiotemporal_trainer - INFO - 配置快照已保存到: /tmp/tmp0qu28cr7/spatiotemporal_decomposition/config_merged.yaml
2025-11-12 04:36:11,733 - spatiotemporal_trainer - INFO - 配置快照已保存到: /tmp/tmprnus5zj4/spatiotemporal_decomposition/config_merged.yaml
2025-11-12 04:36:11,733 - spatiotemporal_trainer - INFO - 配置快照已保存到: /tmp/tmprnus5zj4/spatiotemporal_decomposition/config_merged.yaml
2025-11-12 04:36:11,733 - spatiotemporal_trainer - INFO - 配置快照已保存到: /tmp/tmprnus5zj4/spatiotemporal_decomposition/config_merged.yaml
2025-11-12 04:36:11,733 - spatiotemporal_trainer - INFO - 配置快照已保存到: /tmp/tmprnus5zj4/spatiotemporal_decomposition/config_merged.yaml
2025-11-12 04:36:12,241 - spatiotemporal_trainer - INFO - 配置快照已保存到: /tmp/tmprqvh0exn/spatiotemporal_decomposition/config_merged.yaml
2025-11-12 04:36:12,241 - spatiotemporal_trainer - INFO - 配置快照已保存到: /tmp/tmprqvh0exn/spatiotemporal_decomposition/config_merged.yaml
2025-11-12 04:36:12,241 - spatiotemporal_trainer - INFO - 配置快照已保存到: /tmp/tmprqvh0exn/spatiotemporal_decomposition/config_merged.yaml
2025-11-12 04:36:12,241 - spatiotemporal_trainer - INFO - 配置快照已保存到: /tmp/tmprqvh0exn/spatiotemporal_decomposition/config_merged.yaml
2025-11-12 04:36:12,241 - spatiotemporal_trainer - INFO - 配置快照已保存到: /tmp/tmprqvh0exn/spatiotemporal_decomposition/config_merged.yaml
2025-11-12 04:36:12,957 - spatiotemporal_trainer - INFO - 配置快照已保存到: /tmp/pytest-of-suguangsheng/pytest-8/test_end_to_end_training0/spatiotemporal_decomposition/config_merged.yaml
2025-11-12 04:36:12,957 - spatiotemporal_trainer - INFO - 配置快照已保存到: /tmp/pytest-of-suguangsheng/pytest-8/test_end_to_end_training0/spatiotemporal_decomposition/config_merged.yaml
2025-11-12 04:36:12,957 - spatiotemporal_trainer - INFO - 配置快照已保存到: /tmp/pytest-of-suguangsheng/pytest-8/test_end_to_end_training0/spatiotemporal_decomposition/config_merged.yaml
2025-11-12 04:36:12,957 - spatiotemporal_trainer - INFO - 配置快照已保存到: /tmp/pytest-of-suguangsheng/pytest-8/test_end_to_end_training0/spatiotemporal_decomposition/config_merged.yaml
2025-11-12 04:36:12,957 - spatiotemporal_trainer - INFO - 配置快照已保存到: /tmp/pytest-of-suguangsheng/pytest-8/test_end_to_end_training0/spatiotemporal_decomposition/config_merged.yaml
2025-11-12 04:36:12,957 - spatiotemporal_trainer - INFO - 配置快照已保存到: /tmp/pytest-of-suguangsheng/pytest-8/test_end_to_end_training0/spatiotemporal_decomposition/config_merged.yaml
2025-11-12 04:36:13,503 - spatiotemporal_trainer - INFO - 配置快照已保存到: runs/spatiotemporal/spatiotemporal_decomposition/config_merged.yaml
2025-11-12 04:36:13,503 - spatiotemporal_trainer - INFO - 配置快照已保存到: runs/spatiotemporal/spatiotemporal_decomposition/config_merged.yaml
2025-11-12 04:36:13,503 - spatiotemporal_trainer - INFO - 配置快照已保存到: runs/spatiotemporal/spatiotemporal_decomposition/config_merged.yaml
2025-11-12 04:36:13,503 - spatiotemporal_trainer - INFO - 配置快照已保存到: runs/spatiotemporal/spatiotemporal_decomposition/config_merged.yaml
2025-11-12 04:36:13,503 - spatiotemporal_trainer - INFO - 配置快照已保存到: runs/spatiotemporal/spatiotemporal_decomposition/config_merged.yaml
2025-11-12 04:36:13,503 - spatiotemporal_trainer - INFO - 配置快照已保存到: runs/spatiotemporal/spatiotemporal_decomposition/config_merged.yaml
2025-11-12 04:36:13,503 - spatiotemporal_trainer - INFO - 配置快照已保存到: runs/spatiotemporal/spatiotemporal_decomposition/config_merged.yaml
2025-11-12 04:36:13,506 - spatiotemporal_trainer - INFO - 检查点已保存到: /tmp/test_output/checkpoint_epoch_10.pt
2025-11-12 04:36:13,506 - spatiotemporal_trainer - INFO - 检查点已保存到: /tmp/test_output/checkpoint_epoch_10.pt
2025-11-12 04:36:13,506 - spatiotemporal_trainer - INFO - 检查点已保存到: /tmp/test_output/checkpoint_epoch_10.pt
2025-11-12 04:36:13,506 - spatiotemporal_trainer - INFO - 检查点已保存到: /tmp/test_output/checkpoint_epoch_10.pt
2025-11-12 04:36:13,506 - spatiotemporal_trainer - INFO - 检查点已保存到: /tmp/test_output/checkpoint_epoch_10.pt
2025-11-12 04:36:13,506 - spatiotemporal_trainer - INFO - 检查点已保存到: /tmp/test_output/checkpoint_epoch_10.pt
2025-11-12 04:36:13,506 - spatiotemporal_trainer - INFO - 检查点已保存到: /tmp/test_output/checkpoint_epoch_10.pt
2025-11-12 04:36:14,397 - spatiotemporal_trainer - INFO - 配置快照已保存到: runs/spatiotemporal/spatiotemporal_decomposition/config_merged.yaml
2025-11-12 04:36:14,397 - spatiotemporal_trainer - INFO - 配置快照已保存到: runs/spatiotemporal/spatiotemporal_decomposition/config_merged.yaml
2025-11-12 04:36:14,397 - spatiotemporal_trainer - INFO - 配置快照已保存到: runs/spatiotemporal/spatiotemporal_decomposition/config_merged.yaml
2025-11-12 04:36:14,397 - spatiotemporal_trainer - INFO - 配置快照已保存到: runs/spatiotemporal/spatiotemporal_decomposition/config_merged.yaml
2025-11-12 04:36:14,397 - spatiotemporal_trainer - INFO - 配置快照已保存到: runs/spatiotemporal/spatiotemporal_decomposition/config_merged.yaml
2025-11-12 04:36:14,397 - spatiotemporal_trainer - INFO - 配置快照已保存到: runs/spatiotemporal/spatiotemporal_decomposition/config_merged.yaml
2025-11-12 04:36:14,397 - spatiotemporal_trainer - INFO - 配置快照已保存到: runs/spatiotemporal/spatiotemporal_decomposition/config_merged.yaml
2025-11-12 04:36:14,397 - spatiotemporal_trainer - INFO - 配置快照已保存到: runs/spatiotemporal/spatiotemporal_decomposition/config_merged.yaml
2025-11-12 04:36:14,400 - spatiotemporal_trainer - INFO - 开始模型测试
2025-11-12 04:36:14,400 - spatiotemporal_trainer - INFO - 开始模型测试
2025-11-12 04:36:14,400 - spatiotemporal_trainer - INFO - 开始模型测试
2025-11-12 04:36:14,400 - spatiotemporal_trainer - INFO - 开始模型测试
2025-11-12 04:36:14,400 - spatiotemporal_trainer - INFO - 开始模型测试
2025-11-12 04:36:14,400 - spatiotemporal_trainer - INFO - 开始模型测试
2025-11-12 04:36:14,400 - spatiotemporal_trainer - INFO - 开始模型测试
2025-11-12 04:36:14,400 - spatiotemporal_trainer - INFO - 开始模型测试
2025-11-12 04:36:14,409 - spatiotemporal_trainer - INFO - 配置快照已保存到: /tmp/pytest-of-suguangsheng/pytest-8/test_integration_full_pipeline0/integration_test/config_merged.yaml
2025-11-12 04:36:14,409 - spatiotemporal_trainer - INFO - 配置快照已保存到: /tmp/pytest-of-suguangsheng/pytest-8/test_integration_full_pipeline0/integration_test/config_merged.yaml
2025-11-12 04:36:14,409 - spatiotemporal_trainer - INFO - 配置快照已保存到: /tmp/pytest-of-suguangsheng/pytest-8/test_integration_full_pipeline0/integration_test/config_merged.yaml
2025-11-12 04:36:14,409 - spatiotemporal_trainer - INFO - 配置快照已保存到: /tmp/pytest-of-suguangsheng/pytest-8/test_integration_full_pipeline0/integration_test/config_merged.yaml
2025-11-12 04:36:14,409 - spatiotemporal_trainer - INFO - 配置快照已保存到: /tmp/pytest-of-suguangsheng/pytest-8/test_integration_full_pipeline0/integration_test/config_merged.yaml
2025-11-12 04:36:14,409 - spatiotemporal_trainer - INFO - 配置快照已保存到: /tmp/pytest-of-suguangsheng/pytest-8/test_integration_full_pipeline0/integration_test/config_merged.yaml
2025-11-12 04:36:14,409 - spatiotemporal_trainer - INFO - 配置快照已保存到: /tmp/pytest-of-suguangsheng/pytest-8/test_integration_full_pipeline0/integration_test/config_merged.yaml
2025-11-12 04:36:14,409 - spatiotemporal_trainer - INFO - 配置快照已保存到: /tmp/pytest-of-suguangsheng/pytest-8/test_integration_full_pipeline0/integration_test/config_merged.yaml
2025-11-12 04:36:14,409 - spatiotemporal_trainer - INFO - 配置快照已保存到: /tmp/pytest-of-suguangsheng/pytest-8/test_integration_full_pipeline0/integration_test/config_merged.yaml
2025-11-12 04:36:14,414 - spatiotemporal_trainer - INFO - 数据管理器设置完成
2025-11-12 04:36:14,414 - spatiotemporal_trainer - INFO - 数据管理器设置完成
2025-11-12 04:36:14,414 - spatiotemporal_trainer - INFO - 数据管理器设置完成
2025-11-12 04:36:14,414 - spatiotemporal_trainer - INFO - 数据管理器设置完成
2025-11-12 04:36:14,414 - spatiotemporal_trainer - INFO - 数据管理器设置完成
2025-11-12 04:36:14,414 - spatiotemporal_trainer - INFO - 数据管理器设置完成
2025-11-12 04:36:14,414 - spatiotemporal_trainer - INFO - 数据管理器设置完成
2025-11-12 04:36:14,414 - spatiotemporal_trainer - INFO - 数据管理器设置完成
2025-11-12 04:36:14,414 - spatiotemporal_trainer - INFO - 数据管理器设置完成
2025-11-12 04:36:14,414 - spatiotemporal_trainer - INFO - 模型设置完成
2025-11-12 04:36:14,414 - spatiotemporal_trainer - INFO - 模型设置完成
2025-11-12 04:36:14,414 - spatiotemporal_trainer - INFO - 模型设置完成
2025-11-12 04:36:14,414 - spatiotemporal_trainer - INFO - 模型设置完成
2025-11-12 04:36:14,414 - spatiotemporal_trainer - INFO - 模型设置完成
2025-11-12 04:36:14,414 - spatiotemporal_trainer - INFO - 模型设置完成
2025-11-12 04:36:14,414 - spatiotemporal_trainer - INFO - 模型设置完成
2025-11-12 04:36:14,414 - spatiotemporal_trainer - INFO - 模型设置完成
2025-11-12 04:36:14,414 - spatiotemporal_trainer - INFO - 模型设置完成
2025-11-12 04:36:14,415 - spatiotemporal_trainer - INFO - 训练器设置完成
2025-11-12 04:36:14,415 - spatiotemporal_trainer - INFO - 训练器设置完成
2025-11-12 04:36:14,415 - spatiotemporal_trainer - INFO - 训练器设置完成
2025-11-12 04:36:14,415 - spatiotemporal_trainer - INFO - 训练器设置完成
2025-11-12 04:36:14,415 - spatiotemporal_trainer - INFO - 训练器设置完成
2025-11-12 04:36:14,415 - spatiotemporal_trainer - INFO - 训练器设置完成
2025-11-12 04:36:14,415 - spatiotemporal_trainer - INFO - 训练器设置完成
2025-11-12 04:36:14,415 - spatiotemporal_trainer - INFO - 训练器设置完成
2025-11-12 04:36:14,415 - spatiotemporal_trainer - INFO - 训练器设置完成
2025-11-12 04:36:14,415 - spatiotemporal_trainer - INFO - 开始时空分解训练
2025-11-12 04:36:14,415 - spatiotemporal_trainer - INFO - 开始时空分解训练
2025-11-12 04:36:14,415 - spatiotemporal_trainer - INFO - 开始时空分解训练
2025-11-12 04:36:14,415 - spatiotemporal_trainer - INFO - 开始时空分解训练
2025-11-12 04:36:14,415 - spatiotemporal_trainer - INFO - 开始时空分解训练
2025-11-12 04:36:14,415 - spatiotemporal_trainer - INFO - 开始时空分解训练
2025-11-12 04:36:14,415 - spatiotemporal_trainer - INFO - 开始时空分解训练
2025-11-12 04:36:14,415 - spatiotemporal_trainer - INFO - 开始时空分解训练
2025-11-12 04:36:14,415 - spatiotemporal_trainer - INFO - 开始时空分解训练
2025-11-12 04:36:14,415 - spatiotemporal_trainer - INFO - === 第一阶段：空间预训练 ===
2025-11-12 04:36:14,415 - spatiotemporal_trainer - INFO - === 第一阶段：空间预训练 ===
2025-11-12 04:36:14,415 - spatiotemporal_trainer - INFO - === 第一阶段：空间预训练 ===
2025-11-12 04:36:14,415 - spatiotemporal_trainer - INFO - === 第一阶段：空间预训练 ===
2025-11-12 04:36:14,415 - spatiotemporal_trainer - INFO - === 第一阶段：空间预训练 ===
2025-11-12 04:36:14,415 - spatiotemporal_trainer - INFO - === 第一阶段：空间预训练 ===
2025-11-12 04:36:14,415 - spatiotemporal_trainer - INFO - === 第一阶段：空间预训练 ===
2025-11-12 04:36:14,415 - spatiotemporal_trainer - INFO - === 第一阶段：空间预训练 ===
2025-11-12 04:36:14,415 - spatiotemporal_trainer - INFO - === 第一阶段：空间预训练 ===
2025-11-12 04:36:14,415 - spatiotemporal_trainer - INFO - 开始空间预训练，周期数: 1
2025-11-12 04:36:14,415 - spatiotemporal_trainer - INFO - 开始空间预训练，周期数: 1
2025-11-12 04:36:14,415 - spatiotemporal_trainer - INFO - 开始空间预训练，周期数: 1
2025-11-12 04:36:14,415 - spatiotemporal_trainer - INFO - 开始空间预训练，周期数: 1
2025-11-12 04:36:14,415 - spatiotemporal_trainer - INFO - 开始空间预训练，周期数: 1
2025-11-12 04:36:14,415 - spatiotemporal_trainer - INFO - 开始空间预训练，周期数: 1
2025-11-12 04:36:14,415 - spatiotemporal_trainer - INFO - 开始空间预训练，周期数: 1
2025-11-12 04:36:14,415 - spatiotemporal_trainer - INFO - 开始空间预训练，周期数: 1
2025-11-12 04:36:14,415 - spatiotemporal_trainer - INFO - 开始空间预训练，周期数: 1
2025-11-12 04:36:14,415 - spatiotemporal_trainer - INFO - === 第二阶段：时间预训练 ===
2025-11-12 04:36:14,415 - spatiotemporal_trainer - INFO - === 第二阶段：时间预训练 ===
2025-11-12 04:36:14,415 - spatiotemporal_trainer - INFO - === 第二阶段：时间预训练 ===
2025-11-12 04:36:14,415 - spatiotemporal_trainer - INFO - === 第二阶段：时间预训练 ===
2025-11-12 04:36:14,415 - spatiotemporal_trainer - INFO - === 第二阶段：时间预训练 ===
2025-11-12 04:36:14,415 - spatiotemporal_trainer - INFO - === 第二阶段：时间预训练 ===
2025-11-12 04:36:14,415 - spatiotemporal_trainer - INFO - === 第二阶段：时间预训练 ===
2025-11-12 04:36:14,415 - spatiotemporal_trainer - INFO - === 第二阶段：时间预训练 ===
2025-11-12 04:36:14,415 - spatiotemporal_trainer - INFO - === 第二阶段：时间预训练 ===
2025-11-12 04:36:14,415 - spatiotemporal_trainer - INFO - 开始时间预训练，周期数: 1
2025-11-12 04:36:14,415 - spatiotemporal_trainer - INFO - 开始时间预训练，周期数: 1
2025-11-12 04:36:14,415 - spatiotemporal_trainer - INFO - 开始时间预训练，周期数: 1
2025-11-12 04:36:14,415 - spatiotemporal_trainer - INFO - 开始时间预训练，周期数: 1
2025-11-12 04:36:14,415 - spatiotemporal_trainer - INFO - 开始时间预训练，周期数: 1
2025-11-12 04:36:14,415 - spatiotemporal_trainer - INFO - 开始时间预训练，周期数: 1
2025-11-12 04:36:14,415 - spatiotemporal_trainer - INFO - 开始时间预训练，周期数: 1
2025-11-12 04:36:14,415 - spatiotemporal_trainer - INFO - 开始时间预训练，周期数: 1
2025-11-12 04:36:14,415 - spatiotemporal_trainer - INFO - 开始时间预训练，周期数: 1
2025-11-12 04:36:14,416 - spatiotemporal_trainer - INFO - === 第三阶段：联合微调 ===
2025-11-12 04:36:14,416 - spatiotemporal_trainer - INFO - === 第三阶段：联合微调 ===
2025-11-12 04:36:14,416 - spatiotemporal_trainer - INFO - === 第三阶段：联合微调 ===
2025-11-12 04:36:14,416 - spatiotemporal_trainer - INFO - === 第三阶段：联合微调 ===
2025-11-12 04:36:14,416 - spatiotemporal_trainer - INFO - === 第三阶段：联合微调 ===
2025-11-12 04:36:14,416 - spatiotemporal_trainer - INFO - === 第三阶段：联合微调 ===
2025-11-12 04:36:14,416 - spatiotemporal_trainer - INFO - === 第三阶段：联合微调 ===
2025-11-12 04:36:14,416 - spatiotemporal_trainer - INFO - === 第三阶段：联合微调 ===
2025-11-12 04:36:14,416 - spatiotemporal_trainer - INFO - === 第三阶段：联合微调 ===
2025-11-12 04:36:14,416 - spatiotemporal_trainer - INFO - 开始联合微调，周期数: 1
2025-11-12 04:36:14,416 - spatiotemporal_trainer - INFO - 开始联合微调，周期数: 1
2025-11-12 04:36:14,416 - spatiotemporal_trainer - INFO - 开始联合微调，周期数: 1
2025-11-12 04:36:14,416 - spatiotemporal_trainer - INFO - 开始联合微调，周期数: 1
2025-11-12 04:36:14,416 - spatiotemporal_trainer - INFO - 开始联合微调，周期数: 1
2025-11-12 04:36:14,416 - spatiotemporal_trainer - INFO - 开始联合微调，周期数: 1
2025-11-12 04:36:14,416 - spatiotemporal_trainer - INFO - 开始联合微调，周期数: 1
2025-11-12 04:36:14,416 - spatiotemporal_trainer - INFO - 开始联合微调，周期数: 1
2025-11-12 04:36:14,416 - spatiotemporal_trainer - INFO - 开始联合微调，周期数: 1
2025-11-12 04:36:14,416 - spatiotemporal_trainer - INFO - 时空分解训练完成！
2025-11-12 04:36:14,416 - spatiotemporal_trainer - INFO - 时空分解训练完成！
2025-11-12 04:36:14,416 - spatiotemporal_trainer - INFO - 时空分解训练完成！
2025-11-12 04:36:14,416 - spatiotemporal_trainer - INFO - 时空分解训练完成！
2025-11-12 04:36:14,416 - spatiotemporal_trainer - INFO - 时空分解训练完成！
2025-11-12 04:36:14,416 - spatiotemporal_trainer - INFO - 时空分解训练完成！
2025-11-12 04:36:14,416 - spatiotemporal_trainer - INFO - 时空分解训练完成！
2025-11-12 04:36:14,416 - spatiotemporal_trainer - INFO - 时空分解训练完成！
2025-11-12 04:36:14,416 - spatiotemporal_trainer - INFO - 时空分解训练完成！
2025-11-12 04:36:42,761 - spatiotemporal_trainer - INFO - 配置快照已保存到: /tmp/tmpi9jmhekg/spatiotemporal_decomposition/config_merged.yaml
2025-11-12 04:36:43,479 - spatiotemporal_trainer - INFO - 配置快照已保存到: /tmp/tmpg6mir8_0/spatiotemporal_decomposition/config_merged.yaml
2025-11-12 04:36:43,479 - spatiotemporal_trainer - INFO - 配置快照已保存到: /tmp/tmpg6mir8_0/spatiotemporal_decomposition/config_merged.yaml
2025-11-12 04:36:43,480 - spatiotemporal_trainer - INFO - 数据管理器设置完成
2025-11-12 04:36:43,480 - spatiotemporal_trainer - INFO - 数据管理器设置完成
2025-11-12 04:36:43,480 - spatiotemporal_trainer - INFO - 模型设置完成
2025-11-12 04:36:43,480 - spatiotemporal_trainer - INFO - 模型设置完成
2025-11-12 04:36:43,480 - spatiotemporal_trainer - INFO - 训练器设置完成
2025-11-12 04:36:43,480 - spatiotemporal_trainer - INFO - 训练器设置完成
2025-11-12 04:36:44,028 - spatiotemporal_trainer - INFO - 配置快照已保存到: /tmp/tmp6ue6tnu6/spatiotemporal_decomposition/config_merged.yaml
2025-11-12 04:36:44,028 - spatiotemporal_trainer - INFO - 配置快照已保存到: /tmp/tmp6ue6tnu6/spatiotemporal_decomposition/config_merged.yaml
2025-11-12 04:36:44,028 - spatiotemporal_trainer - INFO - 配置快照已保存到: /tmp/tmp6ue6tnu6/spatiotemporal_decomposition/config_merged.yaml
2025-11-12 04:36:44,803 - spatiotemporal_trainer - INFO - 配置快照已保存到: /tmp/tmpy35jabgg/spatiotemporal_decomposition/config_merged.yaml
2025-11-12 04:36:44,803 - spatiotemporal_trainer - INFO - 配置快照已保存到: /tmp/tmpy35jabgg/spatiotemporal_decomposition/config_merged.yaml
2025-11-12 04:36:44,803 - spatiotemporal_trainer - INFO - 配置快照已保存到: /tmp/tmpy35jabgg/spatiotemporal_decomposition/config_merged.yaml
2025-11-12 04:36:44,803 - spatiotemporal_trainer - INFO - 配置快照已保存到: /tmp/tmpy35jabgg/spatiotemporal_decomposition/config_merged.yaml
2025-11-12 04:36:45,370 - spatiotemporal_trainer - INFO - 配置快照已保存到: /tmp/tmpnjfvdcm3/spatiotemporal_decomposition/config_merged.yaml
2025-11-12 04:36:45,370 - spatiotemporal_trainer - INFO - 配置快照已保存到: /tmp/tmpnjfvdcm3/spatiotemporal_decomposition/config_merged.yaml
2025-11-12 04:36:45,370 - spatiotemporal_trainer - INFO - 配置快照已保存到: /tmp/tmpnjfvdcm3/spatiotemporal_decomposition/config_merged.yaml
2025-11-12 04:36:45,370 - spatiotemporal_trainer - INFO - 配置快照已保存到: /tmp/tmpnjfvdcm3/spatiotemporal_decomposition/config_merged.yaml
2025-11-12 04:36:45,370 - spatiotemporal_trainer - INFO - 配置快照已保存到: /tmp/tmpnjfvdcm3/spatiotemporal_decomposition/config_merged.yaml
2025-11-12 04:36:45,957 - spatiotemporal_trainer - INFO - 配置快照已保存到: /tmp/pytest-of-suguangsheng/pytest-9/test_end_to_end_training0/spatiotemporal_decomposition/config_merged.yaml
2025-11-12 04:36:45,957 - spatiotemporal_trainer - INFO - 配置快照已保存到: /tmp/pytest-of-suguangsheng/pytest-9/test_end_to_end_training0/spatiotemporal_decomposition/config_merged.yaml
2025-11-12 04:36:45,957 - spatiotemporal_trainer - INFO - 配置快照已保存到: /tmp/pytest-of-suguangsheng/pytest-9/test_end_to_end_training0/spatiotemporal_decomposition/config_merged.yaml
2025-11-12 04:36:45,957 - spatiotemporal_trainer - INFO - 配置快照已保存到: /tmp/pytest-of-suguangsheng/pytest-9/test_end_to_end_training0/spatiotemporal_decomposition/config_merged.yaml
2025-11-12 04:36:45,957 - spatiotemporal_trainer - INFO - 配置快照已保存到: /tmp/pytest-of-suguangsheng/pytest-9/test_end_to_end_training0/spatiotemporal_decomposition/config_merged.yaml
2025-11-12 04:36:45,957 - spatiotemporal_trainer - INFO - 配置快照已保存到: /tmp/pytest-of-suguangsheng/pytest-9/test_end_to_end_training0/spatiotemporal_decomposition/config_merged.yaml
2025-11-12 04:36:47,141 - spatiotemporal_trainer - INFO - 配置快照已保存到: runs/spatiotemporal/spatiotemporal_decomposition/config_merged.yaml
2025-11-12 04:36:47,141 - spatiotemporal_trainer - INFO - 配置快照已保存到: runs/spatiotemporal/spatiotemporal_decomposition/config_merged.yaml
2025-11-12 04:36:47,141 - spatiotemporal_trainer - INFO - 配置快照已保存到: runs/spatiotemporal/spatiotemporal_decomposition/config_merged.yaml
2025-11-12 04:36:47,141 - spatiotemporal_trainer - INFO - 配置快照已保存到: runs/spatiotemporal/spatiotemporal_decomposition/config_merged.yaml
2025-11-12 04:36:47,141 - spatiotemporal_trainer - INFO - 配置快照已保存到: runs/spatiotemporal/spatiotemporal_decomposition/config_merged.yaml
2025-11-12 04:36:47,141 - spatiotemporal_trainer - INFO - 配置快照已保存到: runs/spatiotemporal/spatiotemporal_decomposition/config_merged.yaml
2025-11-12 04:36:47,141 - spatiotemporal_trainer - INFO - 配置快照已保存到: runs/spatiotemporal/spatiotemporal_decomposition/config_merged.yaml
2025-11-12 04:36:47,145 - spatiotemporal_trainer - INFO - 检查点已保存到: /tmp/test_output/checkpoint_epoch_10.pt
2025-11-12 04:36:47,145 - spatiotemporal_trainer - INFO - 检查点已保存到: /tmp/test_output/checkpoint_epoch_10.pt
2025-11-12 04:36:47,145 - spatiotemporal_trainer - INFO - 检查点已保存到: /tmp/test_output/checkpoint_epoch_10.pt
2025-11-12 04:36:47,145 - spatiotemporal_trainer - INFO - 检查点已保存到: /tmp/test_output/checkpoint_epoch_10.pt
2025-11-12 04:36:47,145 - spatiotemporal_trainer - INFO - 检查点已保存到: /tmp/test_output/checkpoint_epoch_10.pt
2025-11-12 04:36:47,145 - spatiotemporal_trainer - INFO - 检查点已保存到: /tmp/test_output/checkpoint_epoch_10.pt
2025-11-12 04:36:47,145 - spatiotemporal_trainer - INFO - 检查点已保存到: /tmp/test_output/checkpoint_epoch_10.pt
2025-11-12 04:36:47,789 - spatiotemporal_trainer - INFO - 配置快照已保存到: runs/spatiotemporal/spatiotemporal_decomposition/config_merged.yaml
2025-11-12 04:36:47,789 - spatiotemporal_trainer - INFO - 配置快照已保存到: runs/spatiotemporal/spatiotemporal_decomposition/config_merged.yaml
2025-11-12 04:36:47,789 - spatiotemporal_trainer - INFO - 配置快照已保存到: runs/spatiotemporal/spatiotemporal_decomposition/config_merged.yaml
2025-11-12 04:36:47,789 - spatiotemporal_trainer - INFO - 配置快照已保存到: runs/spatiotemporal/spatiotemporal_decomposition/config_merged.yaml
2025-11-12 04:36:47,789 - spatiotemporal_trainer - INFO - 配置快照已保存到: runs/spatiotemporal/spatiotemporal_decomposition/config_merged.yaml
2025-11-12 04:36:47,789 - spatiotemporal_trainer - INFO - 配置快照已保存到: runs/spatiotemporal/spatiotemporal_decomposition/config_merged.yaml
2025-11-12 04:36:47,789 - spatiotemporal_trainer - INFO - 配置快照已保存到: runs/spatiotemporal/spatiotemporal_decomposition/config_merged.yaml
2025-11-12 04:36:47,789 - spatiotemporal_trainer - INFO - 配置快照已保存到: runs/spatiotemporal/spatiotemporal_decomposition/config_merged.yaml
2025-11-12 04:36:47,791 - spatiotemporal_trainer - INFO - 开始模型测试
2025-11-12 04:36:47,791 - spatiotemporal_trainer - INFO - 开始模型测试
2025-11-12 04:36:47,791 - spatiotemporal_trainer - INFO - 开始模型测试
2025-11-12 04:36:47,791 - spatiotemporal_trainer - INFO - 开始模型测试
2025-11-12 04:36:47,791 - spatiotemporal_trainer - INFO - 开始模型测试
2025-11-12 04:36:47,791 - spatiotemporal_trainer - INFO - 开始模型测试
2025-11-12 04:36:47,791 - spatiotemporal_trainer - INFO - 开始模型测试
2025-11-12 04:36:47,791 - spatiotemporal_trainer - INFO - 开始模型测试
2025-11-12 04:36:47,799 - spatiotemporal_trainer - INFO - 配置快照已保存到: /tmp/pytest-of-suguangsheng/pytest-9/test_integration_full_pipeline0/integration_test/config_merged.yaml
2025-11-12 04:36:47,799 - spatiotemporal_trainer - INFO - 配置快照已保存到: /tmp/pytest-of-suguangsheng/pytest-9/test_integration_full_pipeline0/integration_test/config_merged.yaml
2025-11-12 04:36:47,799 - spatiotemporal_trainer - INFO - 配置快照已保存到: /tmp/pytest-of-suguangsheng/pytest-9/test_integration_full_pipeline0/integration_test/config_merged.yaml
2025-11-12 04:36:47,799 - spatiotemporal_trainer - INFO - 配置快照已保存到: /tmp/pytest-of-suguangsheng/pytest-9/test_integration_full_pipeline0/integration_test/config_merged.yaml
2025-11-12 04:36:47,799 - spatiotemporal_trainer - INFO - 配置快照已保存到: /tmp/pytest-of-suguangsheng/pytest-9/test_integration_full_pipeline0/integration_test/config_merged.yaml
2025-11-12 04:36:47,799 - spatiotemporal_trainer - INFO - 配置快照已保存到: /tmp/pytest-of-suguangsheng/pytest-9/test_integration_full_pipeline0/integration_test/config_merged.yaml
2025-11-12 04:36:47,799 - spatiotemporal_trainer - INFO - 配置快照已保存到: /tmp/pytest-of-suguangsheng/pytest-9/test_integration_full_pipeline0/integration_test/config_merged.yaml
2025-11-12 04:36:47,799 - spatiotemporal_trainer - INFO - 配置快照已保存到: /tmp/pytest-of-suguangsheng/pytest-9/test_integration_full_pipeline0/integration_test/config_merged.yaml
2025-11-12 04:36:47,799 - spatiotemporal_trainer - INFO - 配置快照已保存到: /tmp/pytest-of-suguangsheng/pytest-9/test_integration_full_pipeline0/integration_test/config_merged.yaml
2025-11-12 04:36:47,804 - spatiotemporal_trainer - INFO - 数据管理器设置完成
2025-11-12 04:36:47,804 - spatiotemporal_trainer - INFO - 数据管理器设置完成
2025-11-12 04:36:47,804 - spatiotemporal_trainer - INFO - 数据管理器设置完成
2025-11-12 04:36:47,804 - spatiotemporal_trainer - INFO - 数据管理器设置完成
2025-11-12 04:36:47,804 - spatiotemporal_trainer - INFO - 数据管理器设置完成
2025-11-12 04:36:47,804 - spatiotemporal_trainer - INFO - 数据管理器设置完成
2025-11-12 04:36:47,804 - spatiotemporal_trainer - INFO - 数据管理器设置完成
2025-11-12 04:36:47,804 - spatiotemporal_trainer - INFO - 数据管理器设置完成
2025-11-12 04:36:47,804 - spatiotemporal_trainer - INFO - 数据管理器设置完成
2025-11-12 04:36:47,804 - spatiotemporal_trainer - INFO - 模型设置完成
2025-11-12 04:36:47,804 - spatiotemporal_trainer - INFO - 模型设置完成
2025-11-12 04:36:47,804 - spatiotemporal_trainer - INFO - 模型设置完成
2025-11-12 04:36:47,804 - spatiotemporal_trainer - INFO - 模型设置完成
2025-11-12 04:36:47,804 - spatiotemporal_trainer - INFO - 模型设置完成
2025-11-12 04:36:47,804 - spatiotemporal_trainer - INFO - 模型设置完成
2025-11-12 04:36:47,804 - spatiotemporal_trainer - INFO - 模型设置完成
2025-11-12 04:36:47,804 - spatiotemporal_trainer - INFO - 模型设置完成
2025-11-12 04:36:47,804 - spatiotemporal_trainer - INFO - 模型设置完成
2025-11-12 04:36:47,804 - spatiotemporal_trainer - INFO - 训练器设置完成
2025-11-12 04:36:47,804 - spatiotemporal_trainer - INFO - 训练器设置完成
2025-11-12 04:36:47,804 - spatiotemporal_trainer - INFO - 训练器设置完成
2025-11-12 04:36:47,804 - spatiotemporal_trainer - INFO - 训练器设置完成
2025-11-12 04:36:47,804 - spatiotemporal_trainer - INFO - 训练器设置完成
2025-11-12 04:36:47,804 - spatiotemporal_trainer - INFO - 训练器设置完成
2025-11-12 04:36:47,804 - spatiotemporal_trainer - INFO - 训练器设置完成
2025-11-12 04:36:47,804 - spatiotemporal_trainer - INFO - 训练器设置完成
2025-11-12 04:36:47,804 - spatiotemporal_trainer - INFO - 训练器设置完成
2025-11-12 04:41:57,217 - spatiotemporal_trainer - INFO - 配置快照已保存到: /tmp/pytest-of-suguangsheng/pytest-10/test_integration_full_pipeline0/integration_test/config_merged.yaml
2025-11-12 04:41:57,632 - spatiotemporal_trainer - INFO - 数据管理器设置完成
2025-11-12 04:41:57,632 - spatiotemporal_trainer - INFO - 模型设置完成
2025-11-12 04:41:57,632 - spatiotemporal_trainer - INFO - 训练器设置完成
2025-11-12 04:42:11,842 - spatiotemporal_trainer - INFO - 配置快照已保存到: /tmp/tmplcc_whci/spatiotemporal_decomposition/config_merged.yaml
2025-11-12 04:42:12,578 - spatiotemporal_trainer - INFO - 配置快照已保存到: /tmp/tmp1g4a8yzz/spatiotemporal_decomposition/config_merged.yaml
2025-11-12 04:42:12,578 - spatiotemporal_trainer - INFO - 配置快照已保存到: /tmp/tmp1g4a8yzz/spatiotemporal_decomposition/config_merged.yaml
2025-11-12 04:42:12,579 - spatiotemporal_trainer - INFO - 数据管理器设置完成
2025-11-12 04:42:12,579 - spatiotemporal_trainer - INFO - 数据管理器设置完成
2025-11-12 04:42:12,579 - spatiotemporal_trainer - INFO - 模型设置完成
2025-11-12 04:42:12,579 - spatiotemporal_trainer - INFO - 模型设置完成
2025-11-12 04:42:12,579 - spatiotemporal_trainer - INFO - 训练器设置完成
2025-11-12 04:42:12,579 - spatiotemporal_trainer - INFO - 训练器设置完成
2025-11-12 04:42:13,090 - spatiotemporal_trainer - INFO - 配置快照已保存到: /tmp/tmpsps3i7y6/spatiotemporal_decomposition/config_merged.yaml
2025-11-12 04:42:13,090 - spatiotemporal_trainer - INFO - 配置快照已保存到: /tmp/tmpsps3i7y6/spatiotemporal_decomposition/config_merged.yaml
2025-11-12 04:42:13,090 - spatiotemporal_trainer - INFO - 配置快照已保存到: /tmp/tmpsps3i7y6/spatiotemporal_decomposition/config_merged.yaml
2025-11-12 04:42:13,788 - spatiotemporal_trainer - INFO - 配置快照已保存到: /tmp/tmpdremt3st/spatiotemporal_decomposition/config_merged.yaml
2025-11-12 04:42:13,788 - spatiotemporal_trainer - INFO - 配置快照已保存到: /tmp/tmpdremt3st/spatiotemporal_decomposition/config_merged.yaml
2025-11-12 04:42:13,788 - spatiotemporal_trainer - INFO - 配置快照已保存到: /tmp/tmpdremt3st/spatiotemporal_decomposition/config_merged.yaml
2025-11-12 04:42:13,788 - spatiotemporal_trainer - INFO - 配置快照已保存到: /tmp/tmpdremt3st/spatiotemporal_decomposition/config_merged.yaml
2025-11-12 04:42:14,356 - spatiotemporal_trainer - INFO - 配置快照已保存到: /tmp/tmpdnzpm_q4/spatiotemporal_decomposition/config_merged.yaml
2025-11-12 04:42:14,356 - spatiotemporal_trainer - INFO - 配置快照已保存到: /tmp/tmpdnzpm_q4/spatiotemporal_decomposition/config_merged.yaml
2025-11-12 04:42:14,356 - spatiotemporal_trainer - INFO - 配置快照已保存到: /tmp/tmpdnzpm_q4/spatiotemporal_decomposition/config_merged.yaml
2025-11-12 04:42:14,356 - spatiotemporal_trainer - INFO - 配置快照已保存到: /tmp/tmpdnzpm_q4/spatiotemporal_decomposition/config_merged.yaml
2025-11-12 04:42:14,356 - spatiotemporal_trainer - INFO - 配置快照已保存到: /tmp/tmpdnzpm_q4/spatiotemporal_decomposition/config_merged.yaml
2025-11-12 04:42:14,806 - spatiotemporal_trainer - INFO - 配置快照已保存到: /tmp/pytest-of-suguangsheng/pytest-11/test_end_to_end_training0/spatiotemporal_decomposition/config_merged.yaml
2025-11-12 04:42:14,806 - spatiotemporal_trainer - INFO - 配置快照已保存到: /tmp/pytest-of-suguangsheng/pytest-11/test_end_to_end_training0/spatiotemporal_decomposition/config_merged.yaml
2025-11-12 04:42:14,806 - spatiotemporal_trainer - INFO - 配置快照已保存到: /tmp/pytest-of-suguangsheng/pytest-11/test_end_to_end_training0/spatiotemporal_decomposition/config_merged.yaml
2025-11-12 04:42:14,806 - spatiotemporal_trainer - INFO - 配置快照已保存到: /tmp/pytest-of-suguangsheng/pytest-11/test_end_to_end_training0/spatiotemporal_decomposition/config_merged.yaml
2025-11-12 04:42:14,806 - spatiotemporal_trainer - INFO - 配置快照已保存到: /tmp/pytest-of-suguangsheng/pytest-11/test_end_to_end_training0/spatiotemporal_decomposition/config_merged.yaml
2025-11-12 04:42:14,806 - spatiotemporal_trainer - INFO - 配置快照已保存到: /tmp/pytest-of-suguangsheng/pytest-11/test_end_to_end_training0/spatiotemporal_decomposition/config_merged.yaml
2025-11-12 04:42:15,538 - spatiotemporal_trainer - INFO - 配置快照已保存到: runs/spatiotemporal/spatiotemporal_decomposition/config_merged.yaml
2025-11-12 04:42:15,538 - spatiotemporal_trainer - INFO - 配置快照已保存到: runs/spatiotemporal/spatiotemporal_decomposition/config_merged.yaml
2025-11-12 04:42:15,538 - spatiotemporal_trainer - INFO - 配置快照已保存到: runs/spatiotemporal/spatiotemporal_decomposition/config_merged.yaml
2025-11-12 04:42:15,538 - spatiotemporal_trainer - INFO - 配置快照已保存到: runs/spatiotemporal/spatiotemporal_decomposition/config_merged.yaml
2025-11-12 04:42:15,538 - spatiotemporal_trainer - INFO - 配置快照已保存到: runs/spatiotemporal/spatiotemporal_decomposition/config_merged.yaml
2025-11-12 04:42:15,538 - spatiotemporal_trainer - INFO - 配置快照已保存到: runs/spatiotemporal/spatiotemporal_decomposition/config_merged.yaml
2025-11-12 04:42:15,538 - spatiotemporal_trainer - INFO - 配置快照已保存到: runs/spatiotemporal/spatiotemporal_decomposition/config_merged.yaml
2025-11-12 04:42:15,542 - spatiotemporal_trainer - INFO - 检查点已保存到: /tmp/test_output/checkpoint_epoch_10.pt
2025-11-12 04:42:15,542 - spatiotemporal_trainer - INFO - 检查点已保存到: /tmp/test_output/checkpoint_epoch_10.pt
2025-11-12 04:42:15,542 - spatiotemporal_trainer - INFO - 检查点已保存到: /tmp/test_output/checkpoint_epoch_10.pt
2025-11-12 04:42:15,542 - spatiotemporal_trainer - INFO - 检查点已保存到: /tmp/test_output/checkpoint_epoch_10.pt
2025-11-12 04:42:15,542 - spatiotemporal_trainer - INFO - 检查点已保存到: /tmp/test_output/checkpoint_epoch_10.pt
2025-11-12 04:42:15,542 - spatiotemporal_trainer - INFO - 检查点已保存到: /tmp/test_output/checkpoint_epoch_10.pt
2025-11-12 04:42:15,542 - spatiotemporal_trainer - INFO - 检查点已保存到: /tmp/test_output/checkpoint_epoch_10.pt
2025-11-12 04:42:16,197 - spatiotemporal_trainer - INFO - 配置快照已保存到: runs/spatiotemporal/spatiotemporal_decomposition/config_merged.yaml
2025-11-12 04:42:16,197 - spatiotemporal_trainer - INFO - 配置快照已保存到: runs/spatiotemporal/spatiotemporal_decomposition/config_merged.yaml
2025-11-12 04:42:16,197 - spatiotemporal_trainer - INFO - 配置快照已保存到: runs/spatiotemporal/spatiotemporal_decomposition/config_merged.yaml
2025-11-12 04:42:16,197 - spatiotemporal_trainer - INFO - 配置快照已保存到: runs/spatiotemporal/spatiotemporal_decomposition/config_merged.yaml
2025-11-12 04:42:16,197 - spatiotemporal_trainer - INFO - 配置快照已保存到: runs/spatiotemporal/spatiotemporal_decomposition/config_merged.yaml
2025-11-12 04:42:16,197 - spatiotemporal_trainer - INFO - 配置快照已保存到: runs/spatiotemporal/spatiotemporal_decomposition/config_merged.yaml
2025-11-12 04:42:16,197 - spatiotemporal_trainer - INFO - 配置快照已保存到: runs/spatiotemporal/spatiotemporal_decomposition/config_merged.yaml
2025-11-12 04:42:16,197 - spatiotemporal_trainer - INFO - 配置快照已保存到: runs/spatiotemporal/spatiotemporal_decomposition/config_merged.yaml
2025-11-12 04:42:16,198 - spatiotemporal_trainer - INFO - 开始模型测试
2025-11-12 04:42:16,198 - spatiotemporal_trainer - INFO - 开始模型测试
2025-11-12 04:42:16,198 - spatiotemporal_trainer - INFO - 开始模型测试
2025-11-12 04:42:16,198 - spatiotemporal_trainer - INFO - 开始模型测试
2025-11-12 04:42:16,198 - spatiotemporal_trainer - INFO - 开始模型测试
2025-11-12 04:42:16,198 - spatiotemporal_trainer - INFO - 开始模型测试
2025-11-12 04:42:16,198 - spatiotemporal_trainer - INFO - 开始模型测试
2025-11-12 04:42:16,198 - spatiotemporal_trainer - INFO - 开始模型测试
2025-11-12 04:42:16,206 - spatiotemporal_trainer - INFO - 配置快照已保存到: /tmp/pytest-of-suguangsheng/pytest-11/test_integration_full_pipeline0/integration_test/config_merged.yaml
2025-11-12 04:42:16,206 - spatiotemporal_trainer - INFO - 配置快照已保存到: /tmp/pytest-of-suguangsheng/pytest-11/test_integration_full_pipeline0/integration_test/config_merged.yaml
2025-11-12 04:42:16,206 - spatiotemporal_trainer - INFO - 配置快照已保存到: /tmp/pytest-of-suguangsheng/pytest-11/test_integration_full_pipeline0/integration_test/config_merged.yaml
2025-11-12 04:42:16,206 - spatiotemporal_trainer - INFO - 配置快照已保存到: /tmp/pytest-of-suguangsheng/pytest-11/test_integration_full_pipeline0/integration_test/config_merged.yaml
2025-11-12 04:42:16,206 - spatiotemporal_trainer - INFO - 配置快照已保存到: /tmp/pytest-of-suguangsheng/pytest-11/test_integration_full_pipeline0/integration_test/config_merged.yaml
2025-11-12 04:42:16,206 - spatiotemporal_trainer - INFO - 配置快照已保存到: /tmp/pytest-of-suguangsheng/pytest-11/test_integration_full_pipeline0/integration_test/config_merged.yaml
2025-11-12 04:42:16,206 - spatiotemporal_trainer - INFO - 配置快照已保存到: /tmp/pytest-of-suguangsheng/pytest-11/test_integration_full_pipeline0/integration_test/config_merged.yaml
2025-11-12 04:42:16,206 - spatiotemporal_trainer - INFO - 配置快照已保存到: /tmp/pytest-of-suguangsheng/pytest-11/test_integration_full_pipeline0/integration_test/config_merged.yaml
2025-11-12 04:42:16,206 - spatiotemporal_trainer - INFO - 配置快照已保存到: /tmp/pytest-of-suguangsheng/pytest-11/test_integration_full_pipeline0/integration_test/config_merged.yaml
2025-11-12 04:42:16,210 - spatiotemporal_trainer - INFO - 数据管理器设置完成
2025-11-12 04:42:16,210 - spatiotemporal_trainer - INFO - 数据管理器设置完成
2025-11-12 04:42:16,210 - spatiotemporal_trainer - INFO - 数据管理器设置完成
2025-11-12 04:42:16,210 - spatiotemporal_trainer - INFO - 数据管理器设置完成
2025-11-12 04:42:16,210 - spatiotemporal_trainer - INFO - 数据管理器设置完成
2025-11-12 04:42:16,210 - spatiotemporal_trainer - INFO - 数据管理器设置完成
2025-11-12 04:42:16,210 - spatiotemporal_trainer - INFO - 数据管理器设置完成
2025-11-12 04:42:16,210 - spatiotemporal_trainer - INFO - 数据管理器设置完成
2025-11-12 04:42:16,210 - spatiotemporal_trainer - INFO - 数据管理器设置完成
2025-11-12 04:42:16,210 - spatiotemporal_trainer - INFO - 模型设置完成
2025-11-12 04:42:16,210 - spatiotemporal_trainer - INFO - 模型设置完成
2025-11-12 04:42:16,210 - spatiotemporal_trainer - INFO - 模型设置完成
2025-11-12 04:42:16,210 - spatiotemporal_trainer - INFO - 模型设置完成
2025-11-12 04:42:16,210 - spatiotemporal_trainer - INFO - 模型设置完成
2025-11-12 04:42:16,210 - spatiotemporal_trainer - INFO - 模型设置完成
2025-11-12 04:42:16,210 - spatiotemporal_trainer - INFO - 模型设置完成
2025-11-12 04:42:16,210 - spatiotemporal_trainer - INFO - 模型设置完成
2025-11-12 04:42:16,210 - spatiotemporal_trainer - INFO - 模型设置完成
2025-11-12 04:42:16,210 - spatiotemporal_trainer - INFO - 训练器设置完成
2025-11-12 04:42:16,210 - spatiotemporal_trainer - INFO - 训练器设置完成
2025-11-12 04:42:16,210 - spatiotemporal_trainer - INFO - 训练器设置完成
2025-11-12 04:42:16,210 - spatiotemporal_trainer - INFO - 训练器设置完成
2025-11-12 04:42:16,210 - spatiotemporal_trainer - INFO - 训练器设置完成
2025-11-12 04:42:16,210 - spatiotemporal_trainer - INFO - 训练器设置完成
2025-11-12 04:42:16,210 - spatiotemporal_trainer - INFO - 训练器设置完成
2025-11-12 04:42:16,210 - spatiotemporal_trainer - INFO - 训练器设置完成
2025-11-12 04:42:16,210 - spatiotemporal_trainer - INFO - 训练器设置完成
2025-11-12 05:53:00,844 - spatiotemporal_trainer - INFO - 配置快照已保存到: /tmp/tmpft4yivf9/spatiotemporal_decomposition/config_merged.yaml
2025-11-12 05:53:01,026 - spatiotemporal_trainer - INFO - 配置快照已保存到: /tmp/tmp319svo3i/spatiotemporal_decomposition/config_merged.yaml
2025-11-12 05:53:01,026 - spatiotemporal_trainer - INFO - 配置快照已保存到: /tmp/tmp319svo3i/spatiotemporal_decomposition/config_merged.yaml
2025-11-12 05:53:01,027 - spatiotemporal_trainer - INFO - 数据管理器设置完成
2025-11-12 05:53:01,027 - spatiotemporal_trainer - INFO - 数据管理器设置完成
2025-11-12 05:53:01,027 - spatiotemporal_trainer - INFO - 模型设置完成
2025-11-12 05:53:01,027 - spatiotemporal_trainer - INFO - 模型设置完成
2025-11-12 05:53:01,027 - spatiotemporal_trainer - INFO - 训练器设置完成
2025-11-12 05:53:01,027 - spatiotemporal_trainer - INFO - 训练器设置完成
2025-11-12 05:53:01,208 - spatiotemporal_trainer - INFO - 配置快照已保存到: /tmp/tmp6eki2fbr/spatiotemporal_decomposition/config_merged.yaml
2025-11-12 05:53:01,208 - spatiotemporal_trainer - INFO - 配置快照已保存到: /tmp/tmp6eki2fbr/spatiotemporal_decomposition/config_merged.yaml
2025-11-12 05:53:01,208 - spatiotemporal_trainer - INFO - 配置快照已保存到: /tmp/tmp6eki2fbr/spatiotemporal_decomposition/config_merged.yaml
2025-11-12 05:53:01,389 - spatiotemporal_trainer - INFO - 配置快照已保存到: /tmp/tmpc9_hgow1/spatiotemporal_decomposition/config_merged.yaml
2025-11-12 05:53:01,389 - spatiotemporal_trainer - INFO - 配置快照已保存到: /tmp/tmpc9_hgow1/spatiotemporal_decomposition/config_merged.yaml
2025-11-12 05:53:01,389 - spatiotemporal_trainer - INFO - 配置快照已保存到: /tmp/tmpc9_hgow1/spatiotemporal_decomposition/config_merged.yaml
2025-11-12 05:53:01,389 - spatiotemporal_trainer - INFO - 配置快照已保存到: /tmp/tmpc9_hgow1/spatiotemporal_decomposition/config_merged.yaml
2025-11-12 05:53:01,572 - spatiotemporal_trainer - INFO - 配置快照已保存到: /tmp/tmpozokhdfx/spatiotemporal_decomposition/config_merged.yaml
2025-11-12 05:53:01,572 - spatiotemporal_trainer - INFO - 配置快照已保存到: /tmp/tmpozokhdfx/spatiotemporal_decomposition/config_merged.yaml
2025-11-12 05:53:01,572 - spatiotemporal_trainer - INFO - 配置快照已保存到: /tmp/tmpozokhdfx/spatiotemporal_decomposition/config_merged.yaml
2025-11-12 05:53:01,572 - spatiotemporal_trainer - INFO - 配置快照已保存到: /tmp/tmpozokhdfx/spatiotemporal_decomposition/config_merged.yaml
2025-11-12 05:53:01,572 - spatiotemporal_trainer - INFO - 配置快照已保存到: /tmp/tmpozokhdfx/spatiotemporal_decomposition/config_merged.yaml
2025-11-12 05:53:01,755 - spatiotemporal_trainer - INFO - 配置快照已保存到: /tmp/pytest-of-suguangsheng/pytest-12/test_end_to_end_training0/spatiotemporal_decomposition/config_merged.yaml
2025-11-12 05:53:01,755 - spatiotemporal_trainer - INFO - 配置快照已保存到: /tmp/pytest-of-suguangsheng/pytest-12/test_end_to_end_training0/spatiotemporal_decomposition/config_merged.yaml
2025-11-12 05:53:01,755 - spatiotemporal_trainer - INFO - 配置快照已保存到: /tmp/pytest-of-suguangsheng/pytest-12/test_end_to_end_training0/spatiotemporal_decomposition/config_merged.yaml
2025-11-12 05:53:01,755 - spatiotemporal_trainer - INFO - 配置快照已保存到: /tmp/pytest-of-suguangsheng/pytest-12/test_end_to_end_training0/spatiotemporal_decomposition/config_merged.yaml
2025-11-12 05:53:01,755 - spatiotemporal_trainer - INFO - 配置快照已保存到: /tmp/pytest-of-suguangsheng/pytest-12/test_end_to_end_training0/spatiotemporal_decomposition/config_merged.yaml
2025-11-12 05:53:01,755 - spatiotemporal_trainer - INFO - 配置快照已保存到: /tmp/pytest-of-suguangsheng/pytest-12/test_end_to_end_training0/spatiotemporal_decomposition/config_merged.yaml
2025-11-12 05:53:02,225 - spatiotemporal_trainer - INFO - 配置快照已保存到: runs/spatiotemporal/spatiotemporal_decomposition/config_merged.yaml
2025-11-12 05:53:02,225 - spatiotemporal_trainer - INFO - 配置快照已保存到: runs/spatiotemporal/spatiotemporal_decomposition/config_merged.yaml
2025-11-12 05:53:02,225 - spatiotemporal_trainer - INFO - 配置快照已保存到: runs/spatiotemporal/spatiotemporal_decomposition/config_merged.yaml
2025-11-12 05:53:02,225 - spatiotemporal_trainer - INFO - 配置快照已保存到: runs/spatiotemporal/spatiotemporal_decomposition/config_merged.yaml
2025-11-12 05:53:02,225 - spatiotemporal_trainer - INFO - 配置快照已保存到: runs/spatiotemporal/spatiotemporal_decomposition/config_merged.yaml
2025-11-12 05:53:02,225 - spatiotemporal_trainer - INFO - 配置快照已保存到: runs/spatiotemporal/spatiotemporal_decomposition/config_merged.yaml
2025-11-12 05:53:02,225 - spatiotemporal_trainer - INFO - 配置快照已保存到: runs/spatiotemporal/spatiotemporal_decomposition/config_merged.yaml
2025-11-12 05:53:02,227 - spatiotemporal_trainer - INFO - 检查点已保存到: /tmp/test_output/checkpoint_epoch_10.pt
2025-11-12 05:53:02,227 - spatiotemporal_trainer - INFO - 检查点已保存到: /tmp/test_output/checkpoint_epoch_10.pt
2025-11-12 05:53:02,227 - spatiotemporal_trainer - INFO - 检查点已保存到: /tmp/test_output/checkpoint_epoch_10.pt
2025-11-12 05:53:02,227 - spatiotemporal_trainer - INFO - 检查点已保存到: /tmp/test_output/checkpoint_epoch_10.pt
2025-11-12 05:53:02,227 - spatiotemporal_trainer - INFO - 检查点已保存到: /tmp/test_output/checkpoint_epoch_10.pt
2025-11-12 05:53:02,227 - spatiotemporal_trainer - INFO - 检查点已保存到: /tmp/test_output/checkpoint_epoch_10.pt
2025-11-12 05:53:02,227 - spatiotemporal_trainer - INFO - 检查点已保存到: /tmp/test_output/checkpoint_epoch_10.pt
2025-11-12 05:53:02,414 - spatiotemporal_trainer - INFO - 配置快照已保存到: runs/spatiotemporal/spatiotemporal_decomposition/config_merged.yaml
2025-11-12 05:53:02,414 - spatiotemporal_trainer - INFO - 配置快照已保存到: runs/spatiotemporal/spatiotemporal_decomposition/config_merged.yaml
2025-11-12 05:53:02,414 - spatiotemporal_trainer - INFO - 配置快照已保存到: runs/spatiotemporal/spatiotemporal_decomposition/config_merged.yaml
2025-11-12 05:53:02,414 - spatiotemporal_trainer - INFO - 配置快照已保存到: runs/spatiotemporal/spatiotemporal_decomposition/config_merged.yaml
2025-11-12 05:53:02,414 - spatiotemporal_trainer - INFO - 配置快照已保存到: runs/spatiotemporal/spatiotemporal_decomposition/config_merged.yaml
2025-11-12 05:53:02,414 - spatiotemporal_trainer - INFO - 配置快照已保存到: runs/spatiotemporal/spatiotemporal_decomposition/config_merged.yaml
2025-11-12 05:53:02,414 - spatiotemporal_trainer - INFO - 配置快照已保存到: runs/spatiotemporal/spatiotemporal_decomposition/config_merged.yaml
2025-11-12 05:53:02,414 - spatiotemporal_trainer - INFO - 配置快照已保存到: runs/spatiotemporal/spatiotemporal_decomposition/config_merged.yaml
2025-11-12 05:53:02,415 - spatiotemporal_trainer - INFO - 开始模型测试
2025-11-12 05:53:02,415 - spatiotemporal_trainer - INFO - 开始模型测试
2025-11-12 05:53:02,415 - spatiotemporal_trainer - INFO - 开始模型测试
2025-11-12 05:53:02,415 - spatiotemporal_trainer - INFO - 开始模型测试
2025-11-12 05:53:02,415 - spatiotemporal_trainer - INFO - 开始模型测试
2025-11-12 05:53:02,415 - spatiotemporal_trainer - INFO - 开始模型测试
2025-11-12 05:53:02,415 - spatiotemporal_trainer - INFO - 开始模型测试
2025-11-12 05:53:02,415 - spatiotemporal_trainer - INFO - 开始模型测试
2025-11-12 05:53:02,426 - spatiotemporal_trainer - INFO - 配置快照已保存到: /tmp/pytest-of-suguangsheng/pytest-12/test_integration_full_pipeline0/integration_test/config_merged.yaml
2025-11-12 05:53:02,426 - spatiotemporal_trainer - INFO - 配置快照已保存到: /tmp/pytest-of-suguangsheng/pytest-12/test_integration_full_pipeline0/integration_test/config_merged.yaml
2025-11-12 05:53:02,426 - spatiotemporal_trainer - INFO - 配置快照已保存到: /tmp/pytest-of-suguangsheng/pytest-12/test_integration_full_pipeline0/integration_test/config_merged.yaml
2025-11-12 05:53:02,426 - spatiotemporal_trainer - INFO - 配置快照已保存到: /tmp/pytest-of-suguangsheng/pytest-12/test_integration_full_pipeline0/integration_test/config_merged.yaml
2025-11-12 05:53:02,426 - spatiotemporal_trainer - INFO - 配置快照已保存到: /tmp/pytest-of-suguangsheng/pytest-12/test_integration_full_pipeline0/integration_test/config_merged.yaml
2025-11-12 05:53:02,426 - spatiotemporal_trainer - INFO - 配置快照已保存到: /tmp/pytest-of-suguangsheng/pytest-12/test_integration_full_pipeline0/integration_test/config_merged.yaml
2025-11-12 05:53:02,426 - spatiotemporal_trainer - INFO - 配置快照已保存到: /tmp/pytest-of-suguangsheng/pytest-12/test_integration_full_pipeline0/integration_test/config_merged.yaml
2025-11-12 05:53:02,426 - spatiotemporal_trainer - INFO - 配置快照已保存到: /tmp/pytest-of-suguangsheng/pytest-12/test_integration_full_pipeline0/integration_test/config_merged.yaml
2025-11-12 05:53:02,426 - spatiotemporal_trainer - INFO - 配置快照已保存到: /tmp/pytest-of-suguangsheng/pytest-12/test_integration_full_pipeline0/integration_test/config_merged.yaml
2025-11-12 05:53:02,430 - spatiotemporal_trainer - INFO - 数据管理器设置完成
2025-11-12 05:53:02,430 - spatiotemporal_trainer - INFO - 数据管理器设置完成
2025-11-12 05:53:02,430 - spatiotemporal_trainer - INFO - 数据管理器设置完成
2025-11-12 05:53:02,430 - spatiotemporal_trainer - INFO - 数据管理器设置完成
2025-11-12 05:53:02,430 - spatiotemporal_trainer - INFO - 数据管理器设置完成
2025-11-12 05:53:02,430 - spatiotemporal_trainer - INFO - 数据管理器设置完成
2025-11-12 05:53:02,430 - spatiotemporal_trainer - INFO - 数据管理器设置完成
2025-11-12 05:53:02,430 - spatiotemporal_trainer - INFO - 数据管理器设置完成
2025-11-12 05:53:02,430 - spatiotemporal_trainer - INFO - 数据管理器设置完成
2025-11-12 05:53:02,431 - spatiotemporal_trainer - INFO - 模型设置完成
2025-11-12 05:53:02,431 - spatiotemporal_trainer - INFO - 模型设置完成
2025-11-12 05:53:02,431 - spatiotemporal_trainer - INFO - 模型设置完成
2025-11-12 05:53:02,431 - spatiotemporal_trainer - INFO - 模型设置完成
2025-11-12 05:53:02,431 - spatiotemporal_trainer - INFO - 模型设置完成
2025-11-12 05:53:02,431 - spatiotemporal_trainer - INFO - 模型设置完成
2025-11-12 05:53:02,431 - spatiotemporal_trainer - INFO - 模型设置完成
2025-11-12 05:53:02,431 - spatiotemporal_trainer - INFO - 模型设置完成
2025-11-12 05:53:02,431 - spatiotemporal_trainer - INFO - 模型设置完成
2025-11-12 05:53:02,431 - spatiotemporal_trainer - INFO - 训练器设置完成
2025-11-12 05:53:02,431 - spatiotemporal_trainer - INFO - 训练器设置完成
2025-11-12 05:53:02,431 - spatiotemporal_trainer - INFO - 训练器设置完成
2025-11-12 05:53:02,431 - spatiotemporal_trainer - INFO - 训练器设置完成
2025-11-12 05:53:02,431 - spatiotemporal_trainer - INFO - 训练器设置完成
2025-11-12 05:53:02,431 - spatiotemporal_trainer - INFO - 训练器设置完成
2025-11-12 05:53:02,431 - spatiotemporal_trainer - INFO - 训练器设置完成
2025-11-12 05:53:02,431 - spatiotemporal_trainer - INFO - 训练器设置完成
2025-11-12 05:53:02,431 - spatiotemporal_trainer - INFO - 训练器设置完成
2025-11-12 05:56:48,632 - spatiotemporal_trainer - INFO - 配置快照已保存到: /tmp/tmppbdoj9jw/spatiotemporal_decomposition/config_merged.yaml
2025-11-12 05:56:48,839 - spatiotemporal_trainer - INFO - 配置快照已保存到: /tmp/tmpublt32su/spatiotemporal_decomposition/config_merged.yaml
2025-11-12 05:56:48,839 - spatiotemporal_trainer - INFO - 配置快照已保存到: /tmp/tmpublt32su/spatiotemporal_decomposition/config_merged.yaml
2025-11-12 05:56:48,840 - spatiotemporal_trainer - INFO - 数据管理器设置完成
2025-11-12 05:56:48,840 - spatiotemporal_trainer - INFO - 数据管理器设置完成
2025-11-12 05:56:48,840 - spatiotemporal_trainer - INFO - 模型设置完成
2025-11-12 05:56:48,840 - spatiotemporal_trainer - INFO - 模型设置完成
2025-11-12 05:56:48,840 - spatiotemporal_trainer - INFO - 训练器设置完成
2025-11-12 05:56:48,840 - spatiotemporal_trainer - INFO - 训练器设置完成
2025-11-12 05:56:49,045 - spatiotemporal_trainer - INFO - 配置快照已保存到: /tmp/tmpctek2p39/spatiotemporal_decomposition/config_merged.yaml
2025-11-12 05:56:49,045 - spatiotemporal_trainer - INFO - 配置快照已保存到: /tmp/tmpctek2p39/spatiotemporal_decomposition/config_merged.yaml
2025-11-12 05:56:49,045 - spatiotemporal_trainer - INFO - 配置快照已保存到: /tmp/tmpctek2p39/spatiotemporal_decomposition/config_merged.yaml
2025-11-12 05:56:49,249 - spatiotemporal_trainer - INFO - 配置快照已保存到: /tmp/tmp48umv0yz/spatiotemporal_decomposition/config_merged.yaml
2025-11-12 05:56:49,249 - spatiotemporal_trainer - INFO - 配置快照已保存到: /tmp/tmp48umv0yz/spatiotemporal_decomposition/config_merged.yaml
2025-11-12 05:56:49,249 - spatiotemporal_trainer - INFO - 配置快照已保存到: /tmp/tmp48umv0yz/spatiotemporal_decomposition/config_merged.yaml
2025-11-12 05:56:49,249 - spatiotemporal_trainer - INFO - 配置快照已保存到: /tmp/tmp48umv0yz/spatiotemporal_decomposition/config_merged.yaml
2025-11-12 05:56:49,454 - spatiotemporal_trainer - INFO - 配置快照已保存到: /tmp/tmpcw_qrv59/spatiotemporal_decomposition/config_merged.yaml
2025-11-12 05:56:49,454 - spatiotemporal_trainer - INFO - 配置快照已保存到: /tmp/tmpcw_qrv59/spatiotemporal_decomposition/config_merged.yaml
2025-11-12 05:56:49,454 - spatiotemporal_trainer - INFO - 配置快照已保存到: /tmp/tmpcw_qrv59/spatiotemporal_decomposition/config_merged.yaml
2025-11-12 05:56:49,454 - spatiotemporal_trainer - INFO - 配置快照已保存到: /tmp/tmpcw_qrv59/spatiotemporal_decomposition/config_merged.yaml
2025-11-12 05:56:49,454 - spatiotemporal_trainer - INFO - 配置快照已保存到: /tmp/tmpcw_qrv59/spatiotemporal_decomposition/config_merged.yaml
2025-11-12 05:56:49,659 - spatiotemporal_trainer - INFO - 配置快照已保存到: /tmp/pytest-of-suguangsheng/pytest-13/test_end_to_end_training0/spatiotemporal_decomposition/config_merged.yaml
2025-11-12 05:56:49,659 - spatiotemporal_trainer - INFO - 配置快照已保存到: /tmp/pytest-of-suguangsheng/pytest-13/test_end_to_end_training0/spatiotemporal_decomposition/config_merged.yaml
2025-11-12 05:56:49,659 - spatiotemporal_trainer - INFO - 配置快照已保存到: /tmp/pytest-of-suguangsheng/pytest-13/test_end_to_end_training0/spatiotemporal_decomposition/config_merged.yaml
2025-11-12 05:56:49,659 - spatiotemporal_trainer - INFO - 配置快照已保存到: /tmp/pytest-of-suguangsheng/pytest-13/test_end_to_end_training0/spatiotemporal_decomposition/config_merged.yaml
2025-11-12 05:56:49,659 - spatiotemporal_trainer - INFO - 配置快照已保存到: /tmp/pytest-of-suguangsheng/pytest-13/test_end_to_end_training0/spatiotemporal_decomposition/config_merged.yaml
2025-11-12 05:56:49,659 - spatiotemporal_trainer - INFO - 配置快照已保存到: /tmp/pytest-of-suguangsheng/pytest-13/test_end_to_end_training0/spatiotemporal_decomposition/config_merged.yaml
2025-11-12 05:56:49,908 - spatiotemporal_trainer - INFO - 配置快照已保存到: runs/spatiotemporal/spatiotemporal_decomposition/config_merged.yaml
2025-11-12 05:56:49,908 - spatiotemporal_trainer - INFO - 配置快照已保存到: runs/spatiotemporal/spatiotemporal_decomposition/config_merged.yaml
2025-11-12 05:56:49,908 - spatiotemporal_trainer - INFO - 配置快照已保存到: runs/spatiotemporal/spatiotemporal_decomposition/config_merged.yaml
2025-11-12 05:56:49,908 - spatiotemporal_trainer - INFO - 配置快照已保存到: runs/spatiotemporal/spatiotemporal_decomposition/config_merged.yaml
2025-11-12 05:56:49,908 - spatiotemporal_trainer - INFO - 配置快照已保存到: runs/spatiotemporal/spatiotemporal_decomposition/config_merged.yaml
2025-11-12 05:56:49,908 - spatiotemporal_trainer - INFO - 配置快照已保存到: runs/spatiotemporal/spatiotemporal_decomposition/config_merged.yaml
2025-11-12 05:56:49,908 - spatiotemporal_trainer - INFO - 配置快照已保存到: runs/spatiotemporal/spatiotemporal_decomposition/config_merged.yaml
2025-11-12 05:56:49,911 - spatiotemporal_trainer - INFO - 检查点已保存到: /tmp/test_output/checkpoint_epoch_10.pt
2025-11-12 05:56:49,911 - spatiotemporal_trainer - INFO - 检查点已保存到: /tmp/test_output/checkpoint_epoch_10.pt
2025-11-12 05:56:49,911 - spatiotemporal_trainer - INFO - 检查点已保存到: /tmp/test_output/checkpoint_epoch_10.pt
2025-11-12 05:56:49,911 - spatiotemporal_trainer - INFO - 检查点已保存到: /tmp/test_output/checkpoint_epoch_10.pt
2025-11-12 05:56:49,911 - spatiotemporal_trainer - INFO - 检查点已保存到: /tmp/test_output/checkpoint_epoch_10.pt
2025-11-12 05:56:49,911 - spatiotemporal_trainer - INFO - 检查点已保存到: /tmp/test_output/checkpoint_epoch_10.pt
2025-11-12 05:56:49,911 - spatiotemporal_trainer - INFO - 检查点已保存到: /tmp/test_output/checkpoint_epoch_10.pt
2025-11-12 05:56:50,160 - spatiotemporal_trainer - INFO - 配置快照已保存到: runs/spatiotemporal/spatiotemporal_decomposition/config_merged.yaml
2025-11-12 05:56:50,160 - spatiotemporal_trainer - INFO - 配置快照已保存到: runs/spatiotemporal/spatiotemporal_decomposition/config_merged.yaml
2025-11-12 05:56:50,160 - spatiotemporal_trainer - INFO - 配置快照已保存到: runs/spatiotemporal/spatiotemporal_decomposition/config_merged.yaml
2025-11-12 05:56:50,160 - spatiotemporal_trainer - INFO - 配置快照已保存到: runs/spatiotemporal/spatiotemporal_decomposition/config_merged.yaml
2025-11-12 05:56:50,160 - spatiotemporal_trainer - INFO - 配置快照已保存到: runs/spatiotemporal/spatiotemporal_decomposition/config_merged.yaml
2025-11-12 05:56:50,160 - spatiotemporal_trainer - INFO - 配置快照已保存到: runs/spatiotemporal/spatiotemporal_decomposition/config_merged.yaml
2025-11-12 05:56:50,160 - spatiotemporal_trainer - INFO - 配置快照已保存到: runs/spatiotemporal/spatiotemporal_decomposition/config_merged.yaml
2025-11-12 05:56:50,160 - spatiotemporal_trainer - INFO - 配置快照已保存到: runs/spatiotemporal/spatiotemporal_decomposition/config_merged.yaml
2025-11-12 05:56:50,165 - spatiotemporal_trainer - INFO - 开始模型测试
2025-11-12 05:56:50,165 - spatiotemporal_trainer - INFO - 开始模型测试
2025-11-12 05:56:50,165 - spatiotemporal_trainer - INFO - 开始模型测试
2025-11-12 05:56:50,165 - spatiotemporal_trainer - INFO - 开始模型测试
2025-11-12 05:56:50,165 - spatiotemporal_trainer - INFO - 开始模型测试
2025-11-12 05:56:50,165 - spatiotemporal_trainer - INFO - 开始模型测试
2025-11-12 05:56:50,165 - spatiotemporal_trainer - INFO - 开始模型测试
2025-11-12 05:56:50,165 - spatiotemporal_trainer - INFO - 开始模型测试
2025-11-12 05:56:50,173 - spatiotemporal_trainer - INFO - 配置快照已保存到: /tmp/pytest-of-suguangsheng/pytest-13/test_integration_full_pipeline0/integration_test/config_merged.yaml
2025-11-12 05:56:50,173 - spatiotemporal_trainer - INFO - 配置快照已保存到: /tmp/pytest-of-suguangsheng/pytest-13/test_integration_full_pipeline0/integration_test/config_merged.yaml
2025-11-12 05:56:50,173 - spatiotemporal_trainer - INFO - 配置快照已保存到: /tmp/pytest-of-suguangsheng/pytest-13/test_integration_full_pipeline0/integration_test/config_merged.yaml
2025-11-12 05:56:50,173 - spatiotemporal_trainer - INFO - 配置快照已保存到: /tmp/pytest-of-suguangsheng/pytest-13/test_integration_full_pipeline0/integration_test/config_merged.yaml
2025-11-12 05:56:50,173 - spatiotemporal_trainer - INFO - 配置快照已保存到: /tmp/pytest-of-suguangsheng/pytest-13/test_integration_full_pipeline0/integration_test/config_merged.yaml
2025-11-12 05:56:50,173 - spatiotemporal_trainer - INFO - 配置快照已保存到: /tmp/pytest-of-suguangsheng/pytest-13/test_integration_full_pipeline0/integration_test/config_merged.yaml
2025-11-12 05:56:50,173 - spatiotemporal_trainer - INFO - 配置快照已保存到: /tmp/pytest-of-suguangsheng/pytest-13/test_integration_full_pipeline0/integration_test/config_merged.yaml
2025-11-12 05:56:50,173 - spatiotemporal_trainer - INFO - 配置快照已保存到: /tmp/pytest-of-suguangsheng/pytest-13/test_integration_full_pipeline0/integration_test/config_merged.yaml
2025-11-12 05:56:50,173 - spatiotemporal_trainer - INFO - 配置快照已保存到: /tmp/pytest-of-suguangsheng/pytest-13/test_integration_full_pipeline0/integration_test/config_merged.yaml
2025-11-12 05:56:50,176 - spatiotemporal_trainer - INFO - 数据管理器设置完成
2025-11-12 05:56:50,176 - spatiotemporal_trainer - INFO - 数据管理器设置完成
2025-11-12 05:56:50,176 - spatiotemporal_trainer - INFO - 数据管理器设置完成
2025-11-12 05:56:50,176 - spatiotemporal_trainer - INFO - 数据管理器设置完成
2025-11-12 05:56:50,176 - spatiotemporal_trainer - INFO - 数据管理器设置完成
2025-11-12 05:56:50,176 - spatiotemporal_trainer - INFO - 数据管理器设置完成
2025-11-12 05:56:50,176 - spatiotemporal_trainer - INFO - 数据管理器设置完成
2025-11-12 05:56:50,176 - spatiotemporal_trainer - INFO - 数据管理器设置完成
2025-11-12 05:56:50,176 - spatiotemporal_trainer - INFO - 数据管理器设置完成
2025-11-12 05:56:50,177 - spatiotemporal_trainer - INFO - 模型设置完成
2025-11-12 05:56:50,177 - spatiotemporal_trainer - INFO - 模型设置完成
2025-11-12 05:56:50,177 - spatiotemporal_trainer - INFO - 模型设置完成
2025-11-12 05:56:50,177 - spatiotemporal_trainer - INFO - 模型设置完成
2025-11-12 05:56:50,177 - spatiotemporal_trainer - INFO - 模型设置完成
2025-11-12 05:56:50,177 - spatiotemporal_trainer - INFO - 模型设置完成
2025-11-12 05:56:50,177 - spatiotemporal_trainer - INFO - 模型设置完成
2025-11-12 05:56:50,177 - spatiotemporal_trainer - INFO - 模型设置完成
2025-11-12 05:56:50,177 - spatiotemporal_trainer - INFO - 模型设置完成
2025-11-12 05:56:50,177 - spatiotemporal_trainer - INFO - 训练器设置完成
2025-11-12 05:56:50,177 - spatiotemporal_trainer - INFO - 训练器设置完成
2025-11-12 05:56:50,177 - spatiotemporal_trainer - INFO - 训练器设置完成
2025-11-12 05:56:50,177 - spatiotemporal_trainer - INFO - 训练器设置完成
2025-11-12 05:56:50,177 - spatiotemporal_trainer - INFO - 训练器设置完成
2025-11-12 05:56:50,177 - spatiotemporal_trainer - INFO - 训练器设置完成
2025-11-12 05:56:50,177 - spatiotemporal_trainer - INFO - 训练器设置完成
2025-11-12 05:56:50,177 - spatiotemporal_trainer - INFO - 训练器设置完成
2025-11-12 05:56:50,177 - spatiotemporal_trainer - INFO - 训练器设置完成
2025-11-15 06:57:58,480 - spatiotemporal_trainer - INFO - 配置快照已保存到: /tmp/tmpliakh4aw/spatiotemporal_decomposition/config_merged.yaml
2025-11-15 06:57:58,692 - spatiotemporal_trainer - INFO - 配置快照已保存到: /tmp/tmpo_maks_b/spatiotemporal_decomposition/config_merged.yaml
2025-11-15 06:57:58,692 - spatiotemporal_trainer - INFO - 配置快照已保存到: /tmp/tmpo_maks_b/spatiotemporal_decomposition/config_merged.yaml
2025-11-15 06:57:58,692 - spatiotemporal_trainer - INFO - 数据管理器设置完成
2025-11-15 06:57:58,692 - spatiotemporal_trainer - INFO - 数据管理器设置完成
2025-11-15 06:57:58,693 - spatiotemporal_trainer - INFO - 模型设置完成
2025-11-15 06:57:58,693 - spatiotemporal_trainer - INFO - 模型设置完成
2025-11-15 06:57:58,693 - spatiotemporal_trainer - INFO - 训练器设置完成
2025-11-15 06:57:58,693 - spatiotemporal_trainer - INFO - 训练器设置完成
2025-11-15 06:57:58,875 - spatiotemporal_trainer - INFO - 配置快照已保存到: /tmp/tmpw9skn1o6/spatiotemporal_decomposition/config_merged.yaml
2025-11-15 06:57:58,875 - spatiotemporal_trainer - INFO - 配置快照已保存到: /tmp/tmpw9skn1o6/spatiotemporal_decomposition/config_merged.yaml
2025-11-15 06:57:58,875 - spatiotemporal_trainer - INFO - 配置快照已保存到: /tmp/tmpw9skn1o6/spatiotemporal_decomposition/config_merged.yaml
2025-11-15 06:57:59,686 - spatiotemporal_trainer - INFO - 配置快照已保存到: /tmp/tmp7dapohf6/spatiotemporal_decomposition/config_merged.yaml
2025-11-15 06:57:59,686 - spatiotemporal_trainer - INFO - 配置快照已保存到: /tmp/tmp7dapohf6/spatiotemporal_decomposition/config_merged.yaml
2025-11-15 06:57:59,686 - spatiotemporal_trainer - INFO - 配置快照已保存到: /tmp/tmp7dapohf6/spatiotemporal_decomposition/config_merged.yaml
2025-11-15 06:57:59,686 - spatiotemporal_trainer - INFO - 配置快照已保存到: /tmp/tmp7dapohf6/spatiotemporal_decomposition/config_merged.yaml
2025-11-15 06:57:59,895 - spatiotemporal_trainer - INFO - 配置快照已保存到: /tmp/tmpbwh6eagf/spatiotemporal_decomposition/config_merged.yaml
2025-11-15 06:57:59,895 - spatiotemporal_trainer - INFO - 配置快照已保存到: /tmp/tmpbwh6eagf/spatiotemporal_decomposition/config_merged.yaml
2025-11-15 06:57:59,895 - spatiotemporal_trainer - INFO - 配置快照已保存到: /tmp/tmpbwh6eagf/spatiotemporal_decomposition/config_merged.yaml
2025-11-15 06:57:59,895 - spatiotemporal_trainer - INFO - 配置快照已保存到: /tmp/tmpbwh6eagf/spatiotemporal_decomposition/config_merged.yaml
2025-11-15 06:57:59,895 - spatiotemporal_trainer - INFO - 配置快照已保存到: /tmp/tmpbwh6eagf/spatiotemporal_decomposition/config_merged.yaml
2025-11-15 06:58:00,079 - spatiotemporal_trainer - INFO - 配置快照已保存到: /tmp/pytest-of-suguangsheng/pytest-14/test_end_to_end_training0/spatiotemporal_decomposition/config_merged.yaml
2025-11-15 06:58:00,079 - spatiotemporal_trainer - INFO - 配置快照已保存到: /tmp/pytest-of-suguangsheng/pytest-14/test_end_to_end_training0/spatiotemporal_decomposition/config_merged.yaml
2025-11-15 06:58:00,079 - spatiotemporal_trainer - INFO - 配置快照已保存到: /tmp/pytest-of-suguangsheng/pytest-14/test_end_to_end_training0/spatiotemporal_decomposition/config_merged.yaml
2025-11-15 06:58:00,079 - spatiotemporal_trainer - INFO - 配置快照已保存到: /tmp/pytest-of-suguangsheng/pytest-14/test_end_to_end_training0/spatiotemporal_decomposition/config_merged.yaml
2025-11-15 06:58:00,079 - spatiotemporal_trainer - INFO - 配置快照已保存到: /tmp/pytest-of-suguangsheng/pytest-14/test_end_to_end_training0/spatiotemporal_decomposition/config_merged.yaml
2025-11-15 06:58:00,079 - spatiotemporal_trainer - INFO - 配置快照已保存到: /tmp/pytest-of-suguangsheng/pytest-14/test_end_to_end_training0/spatiotemporal_decomposition/config_merged.yaml
2025-11-15 06:58:00,263 - spatiotemporal_trainer - INFO - 配置快照已保存到: runs/spatiotemporal/spatiotemporal_decomposition/config_merged.yaml
2025-11-15 06:58:00,263 - spatiotemporal_trainer - INFO - 配置快照已保存到: runs/spatiotemporal/spatiotemporal_decomposition/config_merged.yaml
2025-11-15 06:58:00,263 - spatiotemporal_trainer - INFO - 配置快照已保存到: runs/spatiotemporal/spatiotemporal_decomposition/config_merged.yaml
2025-11-15 06:58:00,263 - spatiotemporal_trainer - INFO - 配置快照已保存到: runs/spatiotemporal/spatiotemporal_decomposition/config_merged.yaml
2025-11-15 06:58:00,263 - spatiotemporal_trainer - INFO - 配置快照已保存到: runs/spatiotemporal/spatiotemporal_decomposition/config_merged.yaml
2025-11-15 06:58:00,263 - spatiotemporal_trainer - INFO - 配置快照已保存到: runs/spatiotemporal/spatiotemporal_decomposition/config_merged.yaml
2025-11-15 06:58:00,263 - spatiotemporal_trainer - INFO - 配置快照已保存到: runs/spatiotemporal/spatiotemporal_decomposition/config_merged.yaml
2025-11-15 06:58:00,266 - spatiotemporal_trainer - INFO - 检查点已保存到: /tmp/test_output/checkpoint_epoch_10.pt
2025-11-15 06:58:00,266 - spatiotemporal_trainer - INFO - 检查点已保存到: /tmp/test_output/checkpoint_epoch_10.pt
2025-11-15 06:58:00,266 - spatiotemporal_trainer - INFO - 检查点已保存到: /tmp/test_output/checkpoint_epoch_10.pt
2025-11-15 06:58:00,266 - spatiotemporal_trainer - INFO - 检查点已保存到: /tmp/test_output/checkpoint_epoch_10.pt
2025-11-15 06:58:00,266 - spatiotemporal_trainer - INFO - 检查点已保存到: /tmp/test_output/checkpoint_epoch_10.pt
2025-11-15 06:58:00,266 - spatiotemporal_trainer - INFO - 检查点已保存到: /tmp/test_output/checkpoint_epoch_10.pt
2025-11-15 06:58:00,266 - spatiotemporal_trainer - INFO - 检查点已保存到: /tmp/test_output/checkpoint_epoch_10.pt
2025-11-15 06:58:00,453 - spatiotemporal_trainer - INFO - 配置快照已保存到: runs/spatiotemporal/spatiotemporal_decomposition/config_merged.yaml
2025-11-15 06:58:00,453 - spatiotemporal_trainer - INFO - 配置快照已保存到: runs/spatiotemporal/spatiotemporal_decomposition/config_merged.yaml
2025-11-15 06:58:00,453 - spatiotemporal_trainer - INFO - 配置快照已保存到: runs/spatiotemporal/spatiotemporal_decomposition/config_merged.yaml
2025-11-15 06:58:00,453 - spatiotemporal_trainer - INFO - 配置快照已保存到: runs/spatiotemporal/spatiotemporal_decomposition/config_merged.yaml
2025-11-15 06:58:00,453 - spatiotemporal_trainer - INFO - 配置快照已保存到: runs/spatiotemporal/spatiotemporal_decomposition/config_merged.yaml
2025-11-15 06:58:00,453 - spatiotemporal_trainer - INFO - 配置快照已保存到: runs/spatiotemporal/spatiotemporal_decomposition/config_merged.yaml
2025-11-15 06:58:00,453 - spatiotemporal_trainer - INFO - 配置快照已保存到: runs/spatiotemporal/spatiotemporal_decomposition/config_merged.yaml
2025-11-15 06:58:00,453 - spatiotemporal_trainer - INFO - 配置快照已保存到: runs/spatiotemporal/spatiotemporal_decomposition/config_merged.yaml
2025-11-15 06:58:00,455 - spatiotemporal_trainer - INFO - 开始模型测试
2025-11-15 06:58:00,455 - spatiotemporal_trainer - INFO - 开始模型测试
2025-11-15 06:58:00,455 - spatiotemporal_trainer - INFO - 开始模型测试
2025-11-15 06:58:00,455 - spatiotemporal_trainer - INFO - 开始模型测试
2025-11-15 06:58:00,455 - spatiotemporal_trainer - INFO - 开始模型测试
2025-11-15 06:58:00,455 - spatiotemporal_trainer - INFO - 开始模型测试
2025-11-15 06:58:00,455 - spatiotemporal_trainer - INFO - 开始模型测试
2025-11-15 06:58:00,455 - spatiotemporal_trainer - INFO - 开始模型测试
2025-11-15 06:58:00,462 - spatiotemporal_trainer - INFO - 配置快照已保存到: /tmp/pytest-of-suguangsheng/pytest-14/test_integration_full_pipeline0/integration_test/config_merged.yaml
2025-11-15 06:58:00,462 - spatiotemporal_trainer - INFO - 配置快照已保存到: /tmp/pytest-of-suguangsheng/pytest-14/test_integration_full_pipeline0/integration_test/config_merged.yaml
2025-11-15 06:58:00,462 - spatiotemporal_trainer - INFO - 配置快照已保存到: /tmp/pytest-of-suguangsheng/pytest-14/test_integration_full_pipeline0/integration_test/config_merged.yaml
2025-11-15 06:58:00,462 - spatiotemporal_trainer - INFO - 配置快照已保存到: /tmp/pytest-of-suguangsheng/pytest-14/test_integration_full_pipeline0/integration_test/config_merged.yaml
2025-11-15 06:58:00,462 - spatiotemporal_trainer - INFO - 配置快照已保存到: /tmp/pytest-of-suguangsheng/pytest-14/test_integration_full_pipeline0/integration_test/config_merged.yaml
2025-11-15 06:58:00,462 - spatiotemporal_trainer - INFO - 配置快照已保存到: /tmp/pytest-of-suguangsheng/pytest-14/test_integration_full_pipeline0/integration_test/config_merged.yaml
2025-11-15 06:58:00,462 - spatiotemporal_trainer - INFO - 配置快照已保存到: /tmp/pytest-of-suguangsheng/pytest-14/test_integration_full_pipeline0/integration_test/config_merged.yaml
2025-11-15 06:58:00,462 - spatiotemporal_trainer - INFO - 配置快照已保存到: /tmp/pytest-of-suguangsheng/pytest-14/test_integration_full_pipeline0/integration_test/config_merged.yaml
2025-11-15 06:58:00,462 - spatiotemporal_trainer - INFO - 配置快照已保存到: /tmp/pytest-of-suguangsheng/pytest-14/test_integration_full_pipeline0/integration_test/config_merged.yaml
2025-11-15 06:58:00,467 - spatiotemporal_trainer - INFO - 数据管理器设置完成
2025-11-15 06:58:00,467 - spatiotemporal_trainer - INFO - 数据管理器设置完成
2025-11-15 06:58:00,467 - spatiotemporal_trainer - INFO - 数据管理器设置完成
2025-11-15 06:58:00,467 - spatiotemporal_trainer - INFO - 数据管理器设置完成
2025-11-15 06:58:00,467 - spatiotemporal_trainer - INFO - 数据管理器设置完成
2025-11-15 06:58:00,467 - spatiotemporal_trainer - INFO - 数据管理器设置完成
2025-11-15 06:58:00,467 - spatiotemporal_trainer - INFO - 数据管理器设置完成
2025-11-15 06:58:00,467 - spatiotemporal_trainer - INFO - 数据管理器设置完成
2025-11-15 06:58:00,467 - spatiotemporal_trainer - INFO - 数据管理器设置完成
2025-11-15 06:58:00,467 - spatiotemporal_trainer - INFO - 模型设置完成
2025-11-15 06:58:00,467 - spatiotemporal_trainer - INFO - 模型设置完成
2025-11-15 06:58:00,467 - spatiotemporal_trainer - INFO - 模型设置完成
2025-11-15 06:58:00,467 - spatiotemporal_trainer - INFO - 模型设置完成
2025-11-15 06:58:00,467 - spatiotemporal_trainer - INFO - 模型设置完成
2025-11-15 06:58:00,467 - spatiotemporal_trainer - INFO - 模型设置完成
2025-11-15 06:58:00,467 - spatiotemporal_trainer - INFO - 模型设置完成
2025-11-15 06:58:00,467 - spatiotemporal_trainer - INFO - 模型设置完成
2025-11-15 06:58:00,467 - spatiotemporal_trainer - INFO - 模型设置完成
2025-11-15 06:58:00,467 - spatiotemporal_trainer - INFO - 训练器设置完成
2025-11-15 06:58:00,467 - spatiotemporal_trainer - INFO - 训练器设置完成
2025-11-15 06:58:00,467 - spatiotemporal_trainer - INFO - 训练器设置完成
2025-11-15 06:58:00,467 - spatiotemporal_trainer - INFO - 训练器设置完成
2025-11-15 06:58:00,467 - spatiotemporal_trainer - INFO - 训练器设置完成
2025-11-15 06:58:00,467 - spatiotemporal_trainer - INFO - 训练器设置完成
2025-11-15 06:58:00,467 - spatiotemporal_trainer - INFO - 训练器设置完成
2025-11-15 06:58:00,467 - spatiotemporal_trainer - INFO - 训练器设置完成
2025-11-15 06:58:00,467 - spatiotemporal_trainer - INFO - 训练器设置完成
2025-11-18 08:11:26,861 - spatiotemporal_trainer - WARNING - 时空分解模型不可用，使用简化版本
2025-11-18 08:11:26,868 - spatiotemporal_trainer - INFO - 配置快照已保存到: runs/spatiotemporal/AR-DR2D-Debug-FNO2D-Staged-s2025/config_merged.yaml
2025-11-18 08:11:28,812 - spatiotemporal_trainer - ERROR - 设置失败: Missing key channels
    full_key: data.channels
    object_type=dict
2025-11-18 08:14:31,514 - spatiotemporal_trainer - WARNING - 时空分解模型不可用，使用简化版本
2025-11-18 08:14:31,522 - spatiotemporal_trainer - INFO - 配置快照已保存到: runs/spatiotemporal/AR-DR2D-Debug-FNO2D-Staged-s2025/config_merged.yaml
2025-11-18 08:14:32,761 - spatiotemporal_trainer - INFO - 数据管理器设置完成
2025-11-18 08:14:32,761 - spatiotemporal_trainer - INFO - 开始时空分解训练
2025-11-18 08:14:32,761 - spatiotemporal_trainer - ERROR - 时空分解模型不可用，无法执行训练
2025-12-19 14:41:24,695 - spatiotemporal_trainer - WARNING - 时空分解模型不可用，使用简化版本
2025-12-19 14:41:24,699 - spatiotemporal_trainer - INFO - 配置快照已保存到: /tmp/tmp14l4pomi/spatiotemporal_decomposition/config_merged.yaml
2025-12-19 14:41:24,728 - spatiotemporal_trainer - WARNING - 时空分解模型不可用，使用简化版本
2025-12-19 14:41:24,728 - spatiotemporal_trainer - WARNING - 时空分解模型不可用，使用简化版本
2025-12-19 14:41:24,732 - spatiotemporal_trainer - INFO - 配置快照已保存到: /tmp/tmp_3br08mc/spatiotemporal_decomposition/config_merged.yaml
2025-12-19 14:41:24,732 - spatiotemporal_trainer - INFO - 配置快照已保存到: /tmp/tmp_3br08mc/spatiotemporal_decomposition/config_merged.yaml
2025-12-19 14:41:24,732 - spatiotemporal_trainer - INFO - 数据管理器设置完成
2025-12-19 14:41:24,732 - spatiotemporal_trainer - INFO - 数据管理器设置完成
2025-12-19 14:41:24,739 - spatiotemporal_trainer - WARNING - 时空分解模型不可用，使用简化版本
2025-12-19 14:41:24,739 - spatiotemporal_trainer - WARNING - 时空分解模型不可用，使用简化版本
2025-12-19 14:41:24,739 - spatiotemporal_trainer - WARNING - 时空分解模型不可用，使用简化版本
2025-12-19 14:41:24,743 - spatiotemporal_trainer - INFO - 配置快照已保存到: /tmp/tmp58x1o05q/spatiotemporal_decomposition/config_merged.yaml
2025-12-19 14:41:24,743 - spatiotemporal_trainer - INFO - 配置快照已保存到: /tmp/tmp58x1o05q/spatiotemporal_decomposition/config_merged.yaml
2025-12-19 14:41:24,743 - spatiotemporal_trainer - INFO - 配置快照已保存到: /tmp/tmp58x1o05q/spatiotemporal_decomposition/config_merged.yaml
2025-12-19 14:41:24,748 - spatiotemporal_trainer - WARNING - 时空分解模型不可用，使用简化版本
2025-12-19 14:41:24,748 - spatiotemporal_trainer - WARNING - 时空分解模型不可用，使用简化版本
2025-12-19 14:41:24,748 - spatiotemporal_trainer - WARNING - 时空分解模型不可用，使用简化版本
2025-12-19 14:41:24,748 - spatiotemporal_trainer - WARNING - 时空分解模型不可用，使用简化版本
2025-12-19 14:41:24,752 - spatiotemporal_trainer - INFO - 配置快照已保存到: /tmp/tmpzgi8ddl4/spatiotemporal_decomposition/config_merged.yaml
2025-12-19 14:41:24,752 - spatiotemporal_trainer - INFO - 配置快照已保存到: /tmp/tmpzgi8ddl4/spatiotemporal_decomposition/config_merged.yaml
2025-12-19 14:41:24,752 - spatiotemporal_trainer - INFO - 配置快照已保存到: /tmp/tmpzgi8ddl4/spatiotemporal_decomposition/config_merged.yaml
2025-12-19 14:41:24,752 - spatiotemporal_trainer - INFO - 配置快照已保存到: /tmp/tmpzgi8ddl4/spatiotemporal_decomposition/config_merged.yaml
2025-12-19 14:41:24,758 - spatiotemporal_trainer - WARNING - 时空分解模型不可用，使用简化版本
2025-12-19 14:41:24,758 - spatiotemporal_trainer - WARNING - 时空分解模型不可用，使用简化版本
2025-12-19 14:41:24,758 - spatiotemporal_trainer - WARNING - 时空分解模型不可用，使用简化版本
2025-12-19 14:41:24,758 - spatiotemporal_trainer - WARNING - 时空分解模型不可用，使用简化版本
2025-12-19 14:41:24,758 - spatiotemporal_trainer - WARNING - 时空分解模型不可用，使用简化版本
2025-12-19 14:41:24,762 - spatiotemporal_trainer - INFO - 配置快照已保存到: /tmp/tmpwrlsriso/spatiotemporal_decomposition/config_merged.yaml
2025-12-19 14:41:24,762 - spatiotemporal_trainer - INFO - 配置快照已保存到: /tmp/tmpwrlsriso/spatiotemporal_decomposition/config_merged.yaml
2025-12-19 14:41:24,762 - spatiotemporal_trainer - INFO - 配置快照已保存到: /tmp/tmpwrlsriso/spatiotemporal_decomposition/config_merged.yaml
2025-12-19 14:41:24,762 - spatiotemporal_trainer - INFO - 配置快照已保存到: /tmp/tmpwrlsriso/spatiotemporal_decomposition/config_merged.yaml
2025-12-19 14:41:24,762 - spatiotemporal_trainer - INFO - 配置快照已保存到: /tmp/tmpwrlsriso/spatiotemporal_decomposition/config_merged.yaml
2025-12-19 14:41:24,768 - spatiotemporal_trainer - WARNING - 时空分解模型不可用，使用简化版本
2025-12-19 14:41:24,768 - spatiotemporal_trainer - WARNING - 时空分解模型不可用，使用简化版本
2025-12-19 14:41:24,768 - spatiotemporal_trainer - WARNING - 时空分解模型不可用，使用简化版本
2025-12-19 14:41:24,768 - spatiotemporal_trainer - WARNING - 时空分解模型不可用，使用简化版本
2025-12-19 14:41:24,768 - spatiotemporal_trainer - WARNING - 时空分解模型不可用，使用简化版本
2025-12-19 14:41:24,768 - spatiotemporal_trainer - WARNING - 时空分解模型不可用，使用简化版本
2025-12-19 14:41:24,772 - spatiotemporal_trainer - INFO - 配置快照已保存到: /tmp/pytest-of-suguangsheng/pytest-0/test_end_to_end_training0/spatiotemporal_decomposition/config_merged.yaml
2025-12-19 14:41:24,772 - spatiotemporal_trainer - INFO - 配置快照已保存到: /tmp/pytest-of-suguangsheng/pytest-0/test_end_to_end_training0/spatiotemporal_decomposition/config_merged.yaml
2025-12-19 14:41:24,772 - spatiotemporal_trainer - INFO - 配置快照已保存到: /tmp/pytest-of-suguangsheng/pytest-0/test_end_to_end_training0/spatiotemporal_decomposition/config_merged.yaml
2025-12-19 14:41:24,772 - spatiotemporal_trainer - INFO - 配置快照已保存到: /tmp/pytest-of-suguangsheng/pytest-0/test_end_to_end_training0/spatiotemporal_decomposition/config_merged.yaml
2025-12-19 14:41:24,772 - spatiotemporal_trainer - INFO - 配置快照已保存到: /tmp/pytest-of-suguangsheng/pytest-0/test_end_to_end_training0/spatiotemporal_decomposition/config_merged.yaml
2025-12-19 14:41:24,772 - spatiotemporal_trainer - INFO - 配置快照已保存到: /tmp/pytest-of-suguangsheng/pytest-0/test_end_to_end_training0/spatiotemporal_decomposition/config_merged.yaml
2025-12-19 14:41:24,777 - spatiotemporal_trainer - WARNING - 时空分解模型不可用，使用简化版本
2025-12-19 14:41:24,777 - spatiotemporal_trainer - WARNING - 时空分解模型不可用，使用简化版本
2025-12-19 14:41:24,777 - spatiotemporal_trainer - WARNING - 时空分解模型不可用，使用简化版本
2025-12-19 14:41:24,777 - spatiotemporal_trainer - WARNING - 时空分解模型不可用，使用简化版本
2025-12-19 14:41:24,777 - spatiotemporal_trainer - WARNING - 时空分解模型不可用，使用简化版本
2025-12-19 14:41:24,777 - spatiotemporal_trainer - WARNING - 时空分解模型不可用，使用简化版本
2025-12-19 14:41:24,777 - spatiotemporal_trainer - WARNING - 时空分解模型不可用，使用简化版本
2025-12-19 14:41:24,782 - spatiotemporal_trainer - INFO - 配置快照已保存到: runs/spatiotemporal/spatiotemporal_decomposition/config_merged.yaml
2025-12-19 14:41:24,782 - spatiotemporal_trainer - INFO - 配置快照已保存到: runs/spatiotemporal/spatiotemporal_decomposition/config_merged.yaml
2025-12-19 14:41:24,782 - spatiotemporal_trainer - INFO - 配置快照已保存到: runs/spatiotemporal/spatiotemporal_decomposition/config_merged.yaml
2025-12-19 14:41:24,782 - spatiotemporal_trainer - INFO - 配置快照已保存到: runs/spatiotemporal/spatiotemporal_decomposition/config_merged.yaml
2025-12-19 14:41:24,782 - spatiotemporal_trainer - INFO - 配置快照已保存到: runs/spatiotemporal/spatiotemporal_decomposition/config_merged.yaml
2025-12-19 14:41:24,782 - spatiotemporal_trainer - INFO - 配置快照已保存到: runs/spatiotemporal/spatiotemporal_decomposition/config_merged.yaml
2025-12-19 14:41:24,782 - spatiotemporal_trainer - INFO - 配置快照已保存到: runs/spatiotemporal/spatiotemporal_decomposition/config_merged.yaml
2025-12-19 14:41:24,784 - spatiotemporal_trainer - INFO - 检查点已保存到: /tmp/test_output/checkpoint_epoch_10.pt
2025-12-19 14:41:24,784 - spatiotemporal_trainer - INFO - 检查点已保存到: /tmp/test_output/checkpoint_epoch_10.pt
2025-12-19 14:41:24,784 - spatiotemporal_trainer - INFO - 检查点已保存到: /tmp/test_output/checkpoint_epoch_10.pt
2025-12-19 14:41:24,784 - spatiotemporal_trainer - INFO - 检查点已保存到: /tmp/test_output/checkpoint_epoch_10.pt
2025-12-19 14:41:24,784 - spatiotemporal_trainer - INFO - 检查点已保存到: /tmp/test_output/checkpoint_epoch_10.pt
2025-12-19 14:41:24,784 - spatiotemporal_trainer - INFO - 检查点已保存到: /tmp/test_output/checkpoint_epoch_10.pt
2025-12-19 14:41:24,784 - spatiotemporal_trainer - INFO - 检查点已保存到: /tmp/test_output/checkpoint_epoch_10.pt
2025-12-19 14:41:24,789 - spatiotemporal_trainer - WARNING - 时空分解模型不可用，使用简化版本
2025-12-19 14:41:24,789 - spatiotemporal_trainer - WARNING - 时空分解模型不可用，使用简化版本
2025-12-19 14:41:24,789 - spatiotemporal_trainer - WARNING - 时空分解模型不可用，使用简化版本
2025-12-19 14:41:24,789 - spatiotemporal_trainer - WARNING - 时空分解模型不可用，使用简化版本
2025-12-19 14:41:24,789 - spatiotemporal_trainer - WARNING - 时空分解模型不可用，使用简化版本
2025-12-19 14:41:24,789 - spatiotemporal_trainer - WARNING - 时空分解模型不可用，使用简化版本
2025-12-19 14:41:24,789 - spatiotemporal_trainer - WARNING - 时空分解模型不可用，使用简化版本
2025-12-19 14:41:24,789 - spatiotemporal_trainer - WARNING - 时空分解模型不可用，使用简化版本
2025-12-19 14:41:24,794 - spatiotemporal_trainer - INFO - 配置快照已保存到: runs/spatiotemporal/spatiotemporal_decomposition/config_merged.yaml
2025-12-19 14:41:24,794 - spatiotemporal_trainer - INFO - 配置快照已保存到: runs/spatiotemporal/spatiotemporal_decomposition/config_merged.yaml
2025-12-19 14:41:24,794 - spatiotemporal_trainer - INFO - 配置快照已保存到: runs/spatiotemporal/spatiotemporal_decomposition/config_merged.yaml
2025-12-19 14:41:24,794 - spatiotemporal_trainer - INFO - 配置快照已保存到: runs/spatiotemporal/spatiotemporal_decomposition/config_merged.yaml
2025-12-19 14:41:24,794 - spatiotemporal_trainer - INFO - 配置快照已保存到: runs/spatiotemporal/spatiotemporal_decomposition/config_merged.yaml
2025-12-19 14:41:24,794 - spatiotemporal_trainer - INFO - 配置快照已保存到: runs/spatiotemporal/spatiotemporal_decomposition/config_merged.yaml
2025-12-19 14:41:24,794 - spatiotemporal_trainer - INFO - 配置快照已保存到: runs/spatiotemporal/spatiotemporal_decomposition/config_merged.yaml
2025-12-19 14:41:24,794 - spatiotemporal_trainer - INFO - 配置快照已保存到: runs/spatiotemporal/spatiotemporal_decomposition/config_merged.yaml
2025-12-19 14:41:24,794 - spatiotemporal_trainer - INFO - 开始模型测试
2025-12-19 14:41:24,794 - spatiotemporal_trainer - INFO - 开始模型测试
2025-12-19 14:41:24,794 - spatiotemporal_trainer - INFO - 开始模型测试
2025-12-19 14:41:24,794 - spatiotemporal_trainer - INFO - 开始模型测试
2025-12-19 14:41:24,794 - spatiotemporal_trainer - INFO - 开始模型测试
2025-12-19 14:41:24,794 - spatiotemporal_trainer - INFO - 开始模型测试
2025-12-19 14:41:24,794 - spatiotemporal_trainer - INFO - 开始模型测试
2025-12-19 14:41:24,794 - spatiotemporal_trainer - INFO - 开始模型测试
2025-12-19 14:54:17,407 - spatiotemporal_trainer - WARNING - 时空分解模型不可用，使用简化版本
2025-12-19 14:54:17,409 - spatiotemporal_trainer - INFO - 配置快照已保存到: /tmp/pytest-of-suguangsheng/pytest-1/test_integration_full_pipeline0/integration_test/config_merged.yaml
2025-12-19 14:54:21,960 - spatiotemporal_trainer - INFO - 数据管理器设置完成
2025-12-19 16:21:47,055 - spatiotemporal_trainer - WARNING - 时空分解模型不可用，使用简化版本
2025-12-19 16:21:47,059 - spatiotemporal_trainer - INFO - 配置快照已保存到: /tmp/tmp2d8as98l/spatiotemporal_decomposition/config_merged.yaml
2025-12-19 16:21:47,067 - spatiotemporal_trainer - WARNING - 时空分解模型不可用，使用简化版本
2025-12-19 16:21:47,067 - spatiotemporal_trainer - WARNING - 时空分解模型不可用，使用简化版本
2025-12-19 16:21:47,070 - spatiotemporal_trainer - INFO - 配置快照已保存到: /tmp/tmp0zwxp2ee/spatiotemporal_decomposition/config_merged.yaml
2025-12-19 16:21:47,070 - spatiotemporal_trainer - INFO - 配置快照已保存到: /tmp/tmp0zwxp2ee/spatiotemporal_decomposition/config_merged.yaml
2025-12-19 16:21:47,071 - spatiotemporal_trainer - INFO - 数据管理器设置完成
2025-12-19 16:21:47,071 - spatiotemporal_trainer - INFO - 数据管理器设置完成
2025-12-19 16:21:47,076 - spatiotemporal_trainer - WARNING - 时空分解模型不可用，使用简化版本
2025-12-19 16:21:47,076 - spatiotemporal_trainer - WARNING - 时空分解模型不可用，使用简化版本
2025-12-19 16:21:47,076 - spatiotemporal_trainer - WARNING - 时空分解模型不可用，使用简化版本
2025-12-19 16:21:47,080 - spatiotemporal_trainer - INFO - 配置快照已保存到: /tmp/tmp0yjs3cwq/spatiotemporal_decomposition/config_merged.yaml
2025-12-19 16:21:47,080 - spatiotemporal_trainer - INFO - 配置快照已保存到: /tmp/tmp0yjs3cwq/spatiotemporal_decomposition/config_merged.yaml
2025-12-19 16:21:47,080 - spatiotemporal_trainer - INFO - 配置快照已保存到: /tmp/tmp0yjs3cwq/spatiotemporal_decomposition/config_merged.yaml
2025-12-19 16:21:47,086 - spatiotemporal_trainer - WARNING - 时空分解模型不可用，使用简化版本
2025-12-19 16:21:47,086 - spatiotemporal_trainer - WARNING - 时空分解模型不可用，使用简化版本
2025-12-19 16:21:47,086 - spatiotemporal_trainer - WARNING - 时空分解模型不可用，使用简化版本
2025-12-19 16:21:47,086 - spatiotemporal_trainer - WARNING - 时空分解模型不可用，使用简化版本
2025-12-19 16:21:47,090 - spatiotemporal_trainer - INFO - 配置快照已保存到: /tmp/tmpmwdrd0w3/spatiotemporal_decomposition/config_merged.yaml
2025-12-19 16:21:47,090 - spatiotemporal_trainer - INFO - 配置快照已保存到: /tmp/tmpmwdrd0w3/spatiotemporal_decomposition/config_merged.yaml
2025-12-19 16:21:47,090 - spatiotemporal_trainer - INFO - 配置快照已保存到: /tmp/tmpmwdrd0w3/spatiotemporal_decomposition/config_merged.yaml
2025-12-19 16:21:47,090 - spatiotemporal_trainer - INFO - 配置快照已保存到: /tmp/tmpmwdrd0w3/spatiotemporal_decomposition/config_merged.yaml
2025-12-19 16:21:47,095 - spatiotemporal_trainer - WARNING - 时空分解模型不可用，使用简化版本
2025-12-19 16:21:47,095 - spatiotemporal_trainer - WARNING - 时空分解模型不可用，使用简化版本
2025-12-19 16:21:47,095 - spatiotemporal_trainer - WARNING - 时空分解模型不可用，使用简化版本
2025-12-19 16:21:47,095 - spatiotemporal_trainer - WARNING - 时空分解模型不可用，使用简化版本
2025-12-19 16:21:47,095 - spatiotemporal_trainer - WARNING - 时空分解模型不可用，使用简化版本
2025-12-19 16:21:47,099 - spatiotemporal_trainer - INFO - 配置快照已保存到: /tmp/tmpqs3w1fnz/spatiotemporal_decomposition/config_merged.yaml
2025-12-19 16:21:47,099 - spatiotemporal_trainer - INFO - 配置快照已保存到: /tmp/tmpqs3w1fnz/spatiotemporal_decomposition/config_merged.yaml
2025-12-19 16:21:47,099 - spatiotemporal_trainer - INFO - 配置快照已保存到: /tmp/tmpqs3w1fnz/spatiotemporal_decomposition/config_merged.yaml
2025-12-19 16:21:47,099 - spatiotemporal_trainer - INFO - 配置快照已保存到: /tmp/tmpqs3w1fnz/spatiotemporal_decomposition/config_merged.yaml
2025-12-19 16:21:47,099 - spatiotemporal_trainer - INFO - 配置快照已保存到: /tmp/tmpqs3w1fnz/spatiotemporal_decomposition/config_merged.yaml
2025-12-19 16:21:47,105 - spatiotemporal_trainer - WARNING - 时空分解模型不可用，使用简化版本
2025-12-19 16:21:47,105 - spatiotemporal_trainer - WARNING - 时空分解模型不可用，使用简化版本
2025-12-19 16:21:47,105 - spatiotemporal_trainer - WARNING - 时空分解模型不可用，使用简化版本
2025-12-19 16:21:47,105 - spatiotemporal_trainer - WARNING - 时空分解模型不可用，使用简化版本
2025-12-19 16:21:47,105 - spatiotemporal_trainer - WARNING - 时空分解模型不可用，使用简化版本
2025-12-19 16:21:47,105 - spatiotemporal_trainer - WARNING - 时空分解模型不可用，使用简化版本
2025-12-19 16:21:47,109 - spatiotemporal_trainer - INFO - 配置快照已保存到: /tmp/pytest-of-suguangsheng/pytest-2/test_end_to_end_training0/spatiotemporal_decomposition/config_merged.yaml
2025-12-19 16:21:47,109 - spatiotemporal_trainer - INFO - 配置快照已保存到: /tmp/pytest-of-suguangsheng/pytest-2/test_end_to_end_training0/spatiotemporal_decomposition/config_merged.yaml
2025-12-19 16:21:47,109 - spatiotemporal_trainer - INFO - 配置快照已保存到: /tmp/pytest-of-suguangsheng/pytest-2/test_end_to_end_training0/spatiotemporal_decomposition/config_merged.yaml
2025-12-19 16:21:47,109 - spatiotemporal_trainer - INFO - 配置快照已保存到: /tmp/pytest-of-suguangsheng/pytest-2/test_end_to_end_training0/spatiotemporal_decomposition/config_merged.yaml
2025-12-19 16:21:47,109 - spatiotemporal_trainer - INFO - 配置快照已保存到: /tmp/pytest-of-suguangsheng/pytest-2/test_end_to_end_training0/spatiotemporal_decomposition/config_merged.yaml
2025-12-19 16:21:47,109 - spatiotemporal_trainer - INFO - 配置快照已保存到: /tmp/pytest-of-suguangsheng/pytest-2/test_end_to_end_training0/spatiotemporal_decomposition/config_merged.yaml
2025-12-19 16:21:47,115 - spatiotemporal_trainer - WARNING - 时空分解模型不可用，使用简化版本
2025-12-19 16:21:47,115 - spatiotemporal_trainer - WARNING - 时空分解模型不可用，使用简化版本
2025-12-19 16:21:47,115 - spatiotemporal_trainer - WARNING - 时空分解模型不可用，使用简化版本
2025-12-19 16:21:47,115 - spatiotemporal_trainer - WARNING - 时空分解模型不可用，使用简化版本
2025-12-19 16:21:47,115 - spatiotemporal_trainer - WARNING - 时空分解模型不可用，使用简化版本
2025-12-19 16:21:47,115 - spatiotemporal_trainer - WARNING - 时空分解模型不可用，使用简化版本
2025-12-19 16:21:47,115 - spatiotemporal_trainer - WARNING - 时空分解模型不可用，使用简化版本
2025-12-19 16:21:47,120 - spatiotemporal_trainer - INFO - 配置快照已保存到: runs/spatiotemporal/spatiotemporal_decomposition/config_merged.yaml
2025-12-19 16:21:47,120 - spatiotemporal_trainer - INFO - 配置快照已保存到: runs/spatiotemporal/spatiotemporal_decomposition/config_merged.yaml
2025-12-19 16:21:47,120 - spatiotemporal_trainer - INFO - 配置快照已保存到: runs/spatiotemporal/spatiotemporal_decomposition/config_merged.yaml
2025-12-19 16:21:47,120 - spatiotemporal_trainer - INFO - 配置快照已保存到: runs/spatiotemporal/spatiotemporal_decomposition/config_merged.yaml
2025-12-19 16:21:47,120 - spatiotemporal_trainer - INFO - 配置快照已保存到: runs/spatiotemporal/spatiotemporal_decomposition/config_merged.yaml
2025-12-19 16:21:47,120 - spatiotemporal_trainer - INFO - 配置快照已保存到: runs/spatiotemporal/spatiotemporal_decomposition/config_merged.yaml
2025-12-19 16:21:47,120 - spatiotemporal_trainer - INFO - 配置快照已保存到: runs/spatiotemporal/spatiotemporal_decomposition/config_merged.yaml
2025-12-19 16:21:47,122 - spatiotemporal_trainer - INFO - 检查点已保存到: /tmp/test_output/checkpoint_epoch_10.pt
2025-12-19 16:21:47,122 - spatiotemporal_trainer - INFO - 检查点已保存到: /tmp/test_output/checkpoint_epoch_10.pt
2025-12-19 16:21:47,122 - spatiotemporal_trainer - INFO - 检查点已保存到: /tmp/test_output/checkpoint_epoch_10.pt
2025-12-19 16:21:47,122 - spatiotemporal_trainer - INFO - 检查点已保存到: /tmp/test_output/checkpoint_epoch_10.pt
2025-12-19 16:21:47,122 - spatiotemporal_trainer - INFO - 检查点已保存到: /tmp/test_output/checkpoint_epoch_10.pt
2025-12-19 16:21:47,122 - spatiotemporal_trainer - INFO - 检查点已保存到: /tmp/test_output/checkpoint_epoch_10.pt
2025-12-19 16:21:47,122 - spatiotemporal_trainer - INFO - 检查点已保存到: /tmp/test_output/checkpoint_epoch_10.pt
2025-12-19 16:21:47,128 - spatiotemporal_trainer - WARNING - 时空分解模型不可用，使用简化版本
2025-12-19 16:21:47,128 - spatiotemporal_trainer - WARNING - 时空分解模型不可用，使用简化版本
2025-12-19 16:21:47,128 - spatiotemporal_trainer - WARNING - 时空分解模型不可用，使用简化版本
2025-12-19 16:21:47,128 - spatiotemporal_trainer - WARNING - 时空分解模型不可用，使用简化版本
2025-12-19 16:21:47,128 - spatiotemporal_trainer - WARNING - 时空分解模型不可用，使用简化版本
2025-12-19 16:21:47,128 - spatiotemporal_trainer - WARNING - 时空分解模型不可用，使用简化版本
2025-12-19 16:21:47,128 - spatiotemporal_trainer - WARNING - 时空分解模型不可用，使用简化版本
2025-12-19 16:21:47,128 - spatiotemporal_trainer - WARNING - 时空分解模型不可用，使用简化版本
2025-12-19 16:21:47,132 - spatiotemporal_trainer - INFO - 配置快照已保存到: runs/spatiotemporal/spatiotemporal_decomposition/config_merged.yaml
2025-12-19 16:21:47,132 - spatiotemporal_trainer - INFO - 配置快照已保存到: runs/spatiotemporal/spatiotemporal_decomposition/config_merged.yaml
2025-12-19 16:21:47,132 - spatiotemporal_trainer - INFO - 配置快照已保存到: runs/spatiotemporal/spatiotemporal_decomposition/config_merged.yaml
2025-12-19 16:21:47,132 - spatiotemporal_trainer - INFO - 配置快照已保存到: runs/spatiotemporal/spatiotemporal_decomposition/config_merged.yaml
2025-12-19 16:21:47,132 - spatiotemporal_trainer - INFO - 配置快照已保存到: runs/spatiotemporal/spatiotemporal_decomposition/config_merged.yaml
2025-12-19 16:21:47,132 - spatiotemporal_trainer - INFO - 配置快照已保存到: runs/spatiotemporal/spatiotemporal_decomposition/config_merged.yaml
2025-12-19 16:21:47,132 - spatiotemporal_trainer - INFO - 配置快照已保存到: runs/spatiotemporal/spatiotemporal_decomposition/config_merged.yaml
2025-12-19 16:21:47,132 - spatiotemporal_trainer - INFO - 配置快照已保存到: runs/spatiotemporal/spatiotemporal_decomposition/config_merged.yaml
2025-12-19 16:21:47,132 - spatiotemporal_trainer - INFO - 开始模型测试
2025-12-19 16:21:47,132 - spatiotemporal_trainer - INFO - 开始模型测试
2025-12-19 16:21:47,132 - spatiotemporal_trainer - INFO - 开始模型测试
2025-12-19 16:21:47,132 - spatiotemporal_trainer - INFO - 开始模型测试
2025-12-19 16:21:47,132 - spatiotemporal_trainer - INFO - 开始模型测试
2025-12-19 16:21:47,132 - spatiotemporal_trainer - INFO - 开始模型测试
2025-12-19 16:21:47,132 - spatiotemporal_trainer - INFO - 开始模型测试
2025-12-19 16:21:47,132 - spatiotemporal_trainer - INFO - 开始模型测试
2025-12-19 16:21:47,136 - spatiotemporal_trainer - WARNING - 时空分解模型不可用，使用简化版本
2025-12-19 16:21:47,136 - spatiotemporal_trainer - WARNING - 时空分解模型不可用，使用简化版本
2025-12-19 16:21:47,136 - spatiotemporal_trainer - WARNING - 时空分解模型不可用，使用简化版本
2025-12-19 16:21:47,136 - spatiotemporal_trainer - WARNING - 时空分解模型不可用，使用简化版本
2025-12-19 16:21:47,136 - spatiotemporal_trainer - WARNING - 时空分解模型不可用，使用简化版本
2025-12-19 16:21:47,136 - spatiotemporal_trainer - WARNING - 时空分解模型不可用，使用简化版本
2025-12-19 16:21:47,136 - spatiotemporal_trainer - WARNING - 时空分解模型不可用，使用简化版本
2025-12-19 16:21:47,136 - spatiotemporal_trainer - WARNING - 时空分解模型不可用，使用简化版本
2025-12-19 16:21:47,136 - spatiotemporal_trainer - WARNING - 时空分解模型不可用，使用简化版本
2025-12-19 16:21:47,137 - spatiotemporal_trainer - INFO - 配置快照已保存到: /tmp/pytest-of-suguangsheng/pytest-2/test_integration_full_pipeline0/integration_test/config_merged.yaml
2025-12-19 16:21:47,137 - spatiotemporal_trainer - INFO - 配置快照已保存到: /tmp/pytest-of-suguangsheng/pytest-2/test_integration_full_pipeline0/integration_test/config_merged.yaml
2025-12-19 16:21:47,137 - spatiotemporal_trainer - INFO - 配置快照已保存到: /tmp/pytest-of-suguangsheng/pytest-2/test_integration_full_pipeline0/integration_test/config_merged.yaml
2025-12-19 16:21:47,137 - spatiotemporal_trainer - INFO - 配置快照已保存到: /tmp/pytest-of-suguangsheng/pytest-2/test_integration_full_pipeline0/integration_test/config_merged.yaml
2025-12-19 16:21:47,137 - spatiotemporal_trainer - INFO - 配置快照已保存到: /tmp/pytest-of-suguangsheng/pytest-2/test_integration_full_pipeline0/integration_test/config_merged.yaml
2025-12-19 16:21:47,137 - spatiotemporal_trainer - INFO - 配置快照已保存到: /tmp/pytest-of-suguangsheng/pytest-2/test_integration_full_pipeline0/integration_test/config_merged.yaml
2025-12-19 16:21:47,137 - spatiotemporal_trainer - INFO - 配置快照已保存到: /tmp/pytest-of-suguangsheng/pytest-2/test_integration_full_pipeline0/integration_test/config_merged.yaml
2025-12-19 16:21:47,137 - spatiotemporal_trainer - INFO - 配置快照已保存到: /tmp/pytest-of-suguangsheng/pytest-2/test_integration_full_pipeline0/integration_test/config_merged.yaml
2025-12-19 16:21:47,137 - spatiotemporal_trainer - INFO - 配置快照已保存到: /tmp/pytest-of-suguangsheng/pytest-2/test_integration_full_pipeline0/integration_test/config_merged.yaml
2025-12-19 16:21:47,141 - spatiotemporal_trainer - INFO - 数据管理器设置完成
2025-12-19 16:21:47,141 - spatiotemporal_trainer - INFO - 数据管理器设置完成
2025-12-19 16:21:47,141 - spatiotemporal_trainer - INFO - 数据管理器设置完成
2025-12-19 16:21:47,141 - spatiotemporal_trainer - INFO - 数据管理器设置完成
2025-12-19 16:21:47,141 - spatiotemporal_trainer - INFO - 数据管理器设置完成
2025-12-19 16:21:47,141 - spatiotemporal_trainer - INFO - 数据管理器设置完成
2025-12-19 16:21:47,141 - spatiotemporal_trainer - INFO - 数据管理器设置完成
2025-12-19 16:21:47,141 - spatiotemporal_trainer - INFO - 数据管理器设置完成
2025-12-19 16:21:47,141 - spatiotemporal_trainer - INFO - 数据管理器设置完成
2025-12-19 16:38:42,158 - spatiotemporal_trainer - WARNING - 时空分解模型不可用，使用简化版本
2025-12-19 16:38:42,162 - spatiotemporal_trainer - INFO - 配置快照已保存到: /tmp/tmp7yxupnh3/spatiotemporal_decomposition/config_merged.yaml
2025-12-19 16:38:42,169 - spatiotemporal_trainer - WARNING - 时空分解模型不可用，使用简化版本
2025-12-19 16:38:42,169 - spatiotemporal_trainer - WARNING - 时空分解模型不可用，使用简化版本
2025-12-19 16:38:42,173 - spatiotemporal_trainer - INFO - 配置快照已保存到: /tmp/tmp8jw1khbu/spatiotemporal_decomposition/config_merged.yaml
2025-12-19 16:38:42,173 - spatiotemporal_trainer - INFO - 配置快照已保存到: /tmp/tmp8jw1khbu/spatiotemporal_decomposition/config_merged.yaml
2025-12-19 16:38:42,174 - spatiotemporal_trainer - INFO - 数据管理器设置完成
2025-12-19 16:38:42,174 - spatiotemporal_trainer - INFO - 数据管理器设置完成
2025-12-19 16:38:42,179 - spatiotemporal_trainer - WARNING - 时空分解模型不可用，使用简化版本
2025-12-19 16:38:42,179 - spatiotemporal_trainer - WARNING - 时空分解模型不可用，使用简化版本
2025-12-19 16:38:42,179 - spatiotemporal_trainer - WARNING - 时空分解模型不可用，使用简化版本
2025-12-19 16:38:42,183 - spatiotemporal_trainer - INFO - 配置快照已保存到: /tmp/tmpd72dety3/spatiotemporal_decomposition/config_merged.yaml
2025-12-19 16:38:42,183 - spatiotemporal_trainer - INFO - 配置快照已保存到: /tmp/tmpd72dety3/spatiotemporal_decomposition/config_merged.yaml
2025-12-19 16:38:42,183 - spatiotemporal_trainer - INFO - 配置快照已保存到: /tmp/tmpd72dety3/spatiotemporal_decomposition/config_merged.yaml
2025-12-19 16:38:42,189 - spatiotemporal_trainer - WARNING - 时空分解模型不可用，使用简化版本
2025-12-19 16:38:42,189 - spatiotemporal_trainer - WARNING - 时空分解模型不可用，使用简化版本
2025-12-19 16:38:42,189 - spatiotemporal_trainer - WARNING - 时空分解模型不可用，使用简化版本
2025-12-19 16:38:42,189 - spatiotemporal_trainer - WARNING - 时空分解模型不可用，使用简化版本
2025-12-19 16:38:42,193 - spatiotemporal_trainer - INFO - 配置快照已保存到: /tmp/tmprpym2gzr/spatiotemporal_decomposition/config_merged.yaml
2025-12-19 16:38:42,193 - spatiotemporal_trainer - INFO - 配置快照已保存到: /tmp/tmprpym2gzr/spatiotemporal_decomposition/config_merged.yaml
2025-12-19 16:38:42,193 - spatiotemporal_trainer - INFO - 配置快照已保存到: /tmp/tmprpym2gzr/spatiotemporal_decomposition/config_merged.yaml
2025-12-19 16:38:42,193 - spatiotemporal_trainer - INFO - 配置快照已保存到: /tmp/tmprpym2gzr/spatiotemporal_decomposition/config_merged.yaml
2025-12-19 16:38:42,198 - spatiotemporal_trainer - WARNING - 时空分解模型不可用，使用简化版本
2025-12-19 16:38:42,198 - spatiotemporal_trainer - WARNING - 时空分解模型不可用，使用简化版本
2025-12-19 16:38:42,198 - spatiotemporal_trainer - WARNING - 时空分解模型不可用，使用简化版本
2025-12-19 16:38:42,198 - spatiotemporal_trainer - WARNING - 时空分解模型不可用，使用简化版本
2025-12-19 16:38:42,198 - spatiotemporal_trainer - WARNING - 时空分解模型不可用，使用简化版本
2025-12-19 16:38:42,202 - spatiotemporal_trainer - INFO - 配置快照已保存到: /tmp/tmpcy456hts/spatiotemporal_decomposition/config_merged.yaml
2025-12-19 16:38:42,202 - spatiotemporal_trainer - INFO - 配置快照已保存到: /tmp/tmpcy456hts/spatiotemporal_decomposition/config_merged.yaml
2025-12-19 16:38:42,202 - spatiotemporal_trainer - INFO - 配置快照已保存到: /tmp/tmpcy456hts/spatiotemporal_decomposition/config_merged.yaml
2025-12-19 16:38:42,202 - spatiotemporal_trainer - INFO - 配置快照已保存到: /tmp/tmpcy456hts/spatiotemporal_decomposition/config_merged.yaml
2025-12-19 16:38:42,202 - spatiotemporal_trainer - INFO - 配置快照已保存到: /tmp/tmpcy456hts/spatiotemporal_decomposition/config_merged.yaml
2025-12-19 16:38:42,209 - spatiotemporal_trainer - WARNING - 时空分解模型不可用，使用简化版本
2025-12-19 16:38:42,209 - spatiotemporal_trainer - WARNING - 时空分解模型不可用，使用简化版本
2025-12-19 16:38:42,209 - spatiotemporal_trainer - WARNING - 时空分解模型不可用，使用简化版本
2025-12-19 16:38:42,209 - spatiotemporal_trainer - WARNING - 时空分解模型不可用，使用简化版本
2025-12-19 16:38:42,209 - spatiotemporal_trainer - WARNING - 时空分解模型不可用，使用简化版本
2025-12-19 16:38:42,209 - spatiotemporal_trainer - WARNING - 时空分解模型不可用，使用简化版本
2025-12-19 16:38:42,213 - spatiotemporal_trainer - INFO - 配置快照已保存到: /tmp/pytest-of-suguangsheng/pytest-3/test_end_to_end_training0/spatiotemporal_decomposition/config_merged.yaml
2025-12-19 16:38:42,213 - spatiotemporal_trainer - INFO - 配置快照已保存到: /tmp/pytest-of-suguangsheng/pytest-3/test_end_to_end_training0/spatiotemporal_decomposition/config_merged.yaml
2025-12-19 16:38:42,213 - spatiotemporal_trainer - INFO - 配置快照已保存到: /tmp/pytest-of-suguangsheng/pytest-3/test_end_to_end_training0/spatiotemporal_decomposition/config_merged.yaml
2025-12-19 16:38:42,213 - spatiotemporal_trainer - INFO - 配置快照已保存到: /tmp/pytest-of-suguangsheng/pytest-3/test_end_to_end_training0/spatiotemporal_decomposition/config_merged.yaml
2025-12-19 16:38:42,213 - spatiotemporal_trainer - INFO - 配置快照已保存到: /tmp/pytest-of-suguangsheng/pytest-3/test_end_to_end_training0/spatiotemporal_decomposition/config_merged.yaml
2025-12-19 16:38:42,213 - spatiotemporal_trainer - INFO - 配置快照已保存到: /tmp/pytest-of-suguangsheng/pytest-3/test_end_to_end_training0/spatiotemporal_decomposition/config_merged.yaml
2025-12-19 16:38:42,218 - spatiotemporal_trainer - WARNING - 时空分解模型不可用，使用简化版本
2025-12-19 16:38:42,218 - spatiotemporal_trainer - WARNING - 时空分解模型不可用，使用简化版本
2025-12-19 16:38:42,218 - spatiotemporal_trainer - WARNING - 时空分解模型不可用，使用简化版本
2025-12-19 16:38:42,218 - spatiotemporal_trainer - WARNING - 时空分解模型不可用，使用简化版本
2025-12-19 16:38:42,218 - spatiotemporal_trainer - WARNING - 时空分解模型不可用，使用简化版本
2025-12-19 16:38:42,218 - spatiotemporal_trainer - WARNING - 时空分解模型不可用，使用简化版本
2025-12-19 16:38:42,218 - spatiotemporal_trainer - WARNING - 时空分解模型不可用，使用简化版本
2025-12-19 16:38:42,223 - spatiotemporal_trainer - INFO - 配置快照已保存到: runs/spatiotemporal/spatiotemporal_decomposition/config_merged.yaml
2025-12-19 16:38:42,223 - spatiotemporal_trainer - INFO - 配置快照已保存到: runs/spatiotemporal/spatiotemporal_decomposition/config_merged.yaml
2025-12-19 16:38:42,223 - spatiotemporal_trainer - INFO - 配置快照已保存到: runs/spatiotemporal/spatiotemporal_decomposition/config_merged.yaml
2025-12-19 16:38:42,223 - spatiotemporal_trainer - INFO - 配置快照已保存到: runs/spatiotemporal/spatiotemporal_decomposition/config_merged.yaml
2025-12-19 16:38:42,223 - spatiotemporal_trainer - INFO - 配置快照已保存到: runs/spatiotemporal/spatiotemporal_decomposition/config_merged.yaml
2025-12-19 16:38:42,223 - spatiotemporal_trainer - INFO - 配置快照已保存到: runs/spatiotemporal/spatiotemporal_decomposition/config_merged.yaml
2025-12-19 16:38:42,223 - spatiotemporal_trainer - INFO - 配置快照已保存到: runs/spatiotemporal/spatiotemporal_decomposition/config_merged.yaml
2025-12-19 16:38:42,225 - spatiotemporal_trainer - INFO - 检查点已保存到: /tmp/test_output/checkpoint_epoch_10.pt
2025-12-19 16:38:42,225 - spatiotemporal_trainer - INFO - 检查点已保存到: /tmp/test_output/checkpoint_epoch_10.pt
2025-12-19 16:38:42,225 - spatiotemporal_trainer - INFO - 检查点已保存到: /tmp/test_output/checkpoint_epoch_10.pt
2025-12-19 16:38:42,225 - spatiotemporal_trainer - INFO - 检查点已保存到: /tmp/test_output/checkpoint_epoch_10.pt
2025-12-19 16:38:42,225 - spatiotemporal_trainer - INFO - 检查点已保存到: /tmp/test_output/checkpoint_epoch_10.pt
2025-12-19 16:38:42,225 - spatiotemporal_trainer - INFO - 检查点已保存到: /tmp/test_output/checkpoint_epoch_10.pt
2025-12-19 16:38:42,225 - spatiotemporal_trainer - INFO - 检查点已保存到: /tmp/test_output/checkpoint_epoch_10.pt
2025-12-19 16:38:42,231 - spatiotemporal_trainer - WARNING - 时空分解模型不可用，使用简化版本
2025-12-19 16:38:42,231 - spatiotemporal_trainer - WARNING - 时空分解模型不可用，使用简化版本
2025-12-19 16:38:42,231 - spatiotemporal_trainer - WARNING - 时空分解模型不可用，使用简化版本
2025-12-19 16:38:42,231 - spatiotemporal_trainer - WARNING - 时空分解模型不可用，使用简化版本
2025-12-19 16:38:42,231 - spatiotemporal_trainer - WARNING - 时空分解模型不可用，使用简化版本
2025-12-19 16:38:42,231 - spatiotemporal_trainer - WARNING - 时空分解模型不可用，使用简化版本
2025-12-19 16:38:42,231 - spatiotemporal_trainer - WARNING - 时空分解模型不可用，使用简化版本
2025-12-19 16:38:42,231 - spatiotemporal_trainer - WARNING - 时空分解模型不可用，使用简化版本
2025-12-19 16:38:42,236 - spatiotemporal_trainer - INFO - 配置快照已保存到: runs/spatiotemporal/spatiotemporal_decomposition/config_merged.yaml
2025-12-19 16:38:42,236 - spatiotemporal_trainer - INFO - 配置快照已保存到: runs/spatiotemporal/spatiotemporal_decomposition/config_merged.yaml
2025-12-19 16:38:42,236 - spatiotemporal_trainer - INFO - 配置快照已保存到: runs/spatiotemporal/spatiotemporal_decomposition/config_merged.yaml
2025-12-19 16:38:42,236 - spatiotemporal_trainer - INFO - 配置快照已保存到: runs/spatiotemporal/spatiotemporal_decomposition/config_merged.yaml
2025-12-19 16:38:42,236 - spatiotemporal_trainer - INFO - 配置快照已保存到: runs/spatiotemporal/spatiotemporal_decomposition/config_merged.yaml
2025-12-19 16:38:42,236 - spatiotemporal_trainer - INFO - 配置快照已保存到: runs/spatiotemporal/spatiotemporal_decomposition/config_merged.yaml
2025-12-19 16:38:42,236 - spatiotemporal_trainer - INFO - 配置快照已保存到: runs/spatiotemporal/spatiotemporal_decomposition/config_merged.yaml
2025-12-19 16:38:42,236 - spatiotemporal_trainer - INFO - 配置快照已保存到: runs/spatiotemporal/spatiotemporal_decomposition/config_merged.yaml
2025-12-19 16:38:42,237 - spatiotemporal_trainer - INFO - 开始模型测试
2025-12-19 16:38:42,237 - spatiotemporal_trainer - INFO - 开始模型测试
2025-12-19 16:38:42,237 - spatiotemporal_trainer - INFO - 开始模型测试
2025-12-19 16:38:42,237 - spatiotemporal_trainer - INFO - 开始模型测试
2025-12-19 16:38:42,237 - spatiotemporal_trainer - INFO - 开始模型测试
2025-12-19 16:38:42,237 - spatiotemporal_trainer - INFO - 开始模型测试
2025-12-19 16:38:42,237 - spatiotemporal_trainer - INFO - 开始模型测试
2025-12-19 16:38:42,237 - spatiotemporal_trainer - INFO - 开始模型测试
2025-12-19 16:38:42,240 - spatiotemporal_trainer - WARNING - 时空分解模型不可用，使用简化版本
2025-12-19 16:38:42,240 - spatiotemporal_trainer - WARNING - 时空分解模型不可用，使用简化版本
2025-12-19 16:38:42,240 - spatiotemporal_trainer - WARNING - 时空分解模型不可用，使用简化版本
2025-12-19 16:38:42,240 - spatiotemporal_trainer - WARNING - 时空分解模型不可用，使用简化版本
2025-12-19 16:38:42,240 - spatiotemporal_trainer - WARNING - 时空分解模型不可用，使用简化版本
2025-12-19 16:38:42,240 - spatiotemporal_trainer - WARNING - 时空分解模型不可用，使用简化版本
2025-12-19 16:38:42,240 - spatiotemporal_trainer - WARNING - 时空分解模型不可用，使用简化版本
2025-12-19 16:38:42,240 - spatiotemporal_trainer - WARNING - 时空分解模型不可用，使用简化版本
2025-12-19 16:38:42,240 - spatiotemporal_trainer - WARNING - 时空分解模型不可用，使用简化版本
2025-12-19 16:38:42,242 - spatiotemporal_trainer - INFO - 配置快照已保存到: /tmp/pytest-of-suguangsheng/pytest-3/test_integration_full_pipeline0/integration_test/config_merged.yaml
2025-12-19 16:38:42,242 - spatiotemporal_trainer - INFO - 配置快照已保存到: /tmp/pytest-of-suguangsheng/pytest-3/test_integration_full_pipeline0/integration_test/config_merged.yaml
2025-12-19 16:38:42,242 - spatiotemporal_trainer - INFO - 配置快照已保存到: /tmp/pytest-of-suguangsheng/pytest-3/test_integration_full_pipeline0/integration_test/config_merged.yaml
2025-12-19 16:38:42,242 - spatiotemporal_trainer - INFO - 配置快照已保存到: /tmp/pytest-of-suguangsheng/pytest-3/test_integration_full_pipeline0/integration_test/config_merged.yaml
2025-12-19 16:38:42,242 - spatiotemporal_trainer - INFO - 配置快照已保存到: /tmp/pytest-of-suguangsheng/pytest-3/test_integration_full_pipeline0/integration_test/config_merged.yaml
2025-12-19 16:38:42,242 - spatiotemporal_trainer - INFO - 配置快照已保存到: /tmp/pytest-of-suguangsheng/pytest-3/test_integration_full_pipeline0/integration_test/config_merged.yaml
2025-12-19 16:38:42,242 - spatiotemporal_trainer - INFO - 配置快照已保存到: /tmp/pytest-of-suguangsheng/pytest-3/test_integration_full_pipeline0/integration_test/config_merged.yaml
2025-12-19 16:38:42,242 - spatiotemporal_trainer - INFO - 配置快照已保存到: /tmp/pytest-of-suguangsheng/pytest-3/test_integration_full_pipeline0/integration_test/config_merged.yaml
2025-12-19 16:38:42,242 - spatiotemporal_trainer - INFO - 配置快照已保存到: /tmp/pytest-of-suguangsheng/pytest-3/test_integration_full_pipeline0/integration_test/config_merged.yaml
2025-12-19 16:38:42,245 - spatiotemporal_trainer - INFO - 数据管理器设置完成
2025-12-19 16:38:42,245 - spatiotemporal_trainer - INFO - 数据管理器设置完成
2025-12-19 16:38:42,245 - spatiotemporal_trainer - INFO - 数据管理器设置完成
2025-12-19 16:38:42,245 - spatiotemporal_trainer - INFO - 数据管理器设置完成
2025-12-19 16:38:42,245 - spatiotemporal_trainer - INFO - 数据管理器设置完成
2025-12-19 16:38:42,245 - spatiotemporal_trainer - INFO - 数据管理器设置完成
2025-12-19 16:38:42,245 - spatiotemporal_trainer - INFO - 数据管理器设置完成
2025-12-19 16:38:42,245 - spatiotemporal_trainer - INFO - 数据管理器设置完成
2025-12-19 16:38:42,245 - spatiotemporal_trainer - INFO - 数据管理器设置完成
2025-12-19 17:19:28,460 - spatiotemporal_trainer - WARNING - 时空分解模型不可用，使用简化版本
2025-12-19 17:19:28,464 - spatiotemporal_trainer - INFO - 配置快照已保存到: /tmp/tmpr3o4bzm2/spatiotemporal_decomposition/config_merged.yaml
2025-12-19 17:19:28,471 - spatiotemporal_trainer - WARNING - 时空分解模型不可用，使用简化版本
2025-12-19 17:19:28,471 - spatiotemporal_trainer - WARNING - 时空分解模型不可用，使用简化版本
2025-12-19 17:19:28,475 - spatiotemporal_trainer - INFO - 配置快照已保存到: /tmp/tmps5z90br6/spatiotemporal_decomposition/config_merged.yaml
2025-12-19 17:19:28,475 - spatiotemporal_trainer - INFO - 配置快照已保存到: /tmp/tmps5z90br6/spatiotemporal_decomposition/config_merged.yaml
2025-12-19 17:19:28,476 - spatiotemporal_trainer - INFO - 数据管理器设置完成
2025-12-19 17:19:28,476 - spatiotemporal_trainer - INFO - 数据管理器设置完成
2025-12-19 17:19:28,481 - spatiotemporal_trainer - WARNING - 时空分解模型不可用，使用简化版本
2025-12-19 17:19:28,481 - spatiotemporal_trainer - WARNING - 时空分解模型不可用，使用简化版本
2025-12-19 17:19:28,481 - spatiotemporal_trainer - WARNING - 时空分解模型不可用，使用简化版本
2025-12-19 17:19:28,485 - spatiotemporal_trainer - INFO - 配置快照已保存到: /tmp/tmpozfje_dm/spatiotemporal_decomposition/config_merged.yaml
2025-12-19 17:19:28,485 - spatiotemporal_trainer - INFO - 配置快照已保存到: /tmp/tmpozfje_dm/spatiotemporal_decomposition/config_merged.yaml
2025-12-19 17:19:28,485 - spatiotemporal_trainer - INFO - 配置快照已保存到: /tmp/tmpozfje_dm/spatiotemporal_decomposition/config_merged.yaml
2025-12-19 17:19:28,491 - spatiotemporal_trainer - WARNING - 时空分解模型不可用，使用简化版本
2025-12-19 17:19:28,491 - spatiotemporal_trainer - WARNING - 时空分解模型不可用，使用简化版本
2025-12-19 17:19:28,491 - spatiotemporal_trainer - WARNING - 时空分解模型不可用，使用简化版本
2025-12-19 17:19:28,491 - spatiotemporal_trainer - WARNING - 时空分解模型不可用，使用简化版本
2025-12-19 17:19:28,495 - spatiotemporal_trainer - INFO - 配置快照已保存到: /tmp/tmpp95tbsr2/spatiotemporal_decomposition/config_merged.yaml
2025-12-19 17:19:28,495 - spatiotemporal_trainer - INFO - 配置快照已保存到: /tmp/tmpp95tbsr2/spatiotemporal_decomposition/config_merged.yaml
2025-12-19 17:19:28,495 - spatiotemporal_trainer - INFO - 配置快照已保存到: /tmp/tmpp95tbsr2/spatiotemporal_decomposition/config_merged.yaml
2025-12-19 17:19:28,495 - spatiotemporal_trainer - INFO - 配置快照已保存到: /tmp/tmpp95tbsr2/spatiotemporal_decomposition/config_merged.yaml
2025-12-19 17:19:28,501 - spatiotemporal_trainer - WARNING - 时空分解模型不可用，使用简化版本
2025-12-19 17:19:28,501 - spatiotemporal_trainer - WARNING - 时空分解模型不可用，使用简化版本
2025-12-19 17:19:28,501 - spatiotemporal_trainer - WARNING - 时空分解模型不可用，使用简化版本
2025-12-19 17:19:28,501 - spatiotemporal_trainer - WARNING - 时空分解模型不可用，使用简化版本
2025-12-19 17:19:28,501 - spatiotemporal_trainer - WARNING - 时空分解模型不可用，使用简化版本
2025-12-19 17:19:28,505 - spatiotemporal_trainer - INFO - 配置快照已保存到: /tmp/tmpfur6cb_d/spatiotemporal_decomposition/config_merged.yaml
2025-12-19 17:19:28,505 - spatiotemporal_trainer - INFO - 配置快照已保存到: /tmp/tmpfur6cb_d/spatiotemporal_decomposition/config_merged.yaml
2025-12-19 17:19:28,505 - spatiotemporal_trainer - INFO - 配置快照已保存到: /tmp/tmpfur6cb_d/spatiotemporal_decomposition/config_merged.yaml
2025-12-19 17:19:28,505 - spatiotemporal_trainer - INFO - 配置快照已保存到: /tmp/tmpfur6cb_d/spatiotemporal_decomposition/config_merged.yaml
2025-12-19 17:19:28,505 - spatiotemporal_trainer - INFO - 配置快照已保存到: /tmp/tmpfur6cb_d/spatiotemporal_decomposition/config_merged.yaml
2025-12-19 17:19:28,511 - spatiotemporal_trainer - WARNING - 时空分解模型不可用，使用简化版本
2025-12-19 17:19:28,511 - spatiotemporal_trainer - WARNING - 时空分解模型不可用，使用简化版本
2025-12-19 17:19:28,511 - spatiotemporal_trainer - WARNING - 时空分解模型不可用，使用简化版本
2025-12-19 17:19:28,511 - spatiotemporal_trainer - WARNING - 时空分解模型不可用，使用简化版本
2025-12-19 17:19:28,511 - spatiotemporal_trainer - WARNING - 时空分解模型不可用，使用简化版本
2025-12-19 17:19:28,511 - spatiotemporal_trainer - WARNING - 时空分解模型不可用，使用简化版本
2025-12-19 17:19:28,515 - spatiotemporal_trainer - INFO - 配置快照已保存到: /tmp/pytest-of-suguangsheng/pytest-4/test_end_to_end_training0/spatiotemporal_decomposition/config_merged.yaml
2025-12-19 17:19:28,515 - spatiotemporal_trainer - INFO - 配置快照已保存到: /tmp/pytest-of-suguangsheng/pytest-4/test_end_to_end_training0/spatiotemporal_decomposition/config_merged.yaml
2025-12-19 17:19:28,515 - spatiotemporal_trainer - INFO - 配置快照已保存到: /tmp/pytest-of-suguangsheng/pytest-4/test_end_to_end_training0/spatiotemporal_decomposition/config_merged.yaml
2025-12-19 17:19:28,515 - spatiotemporal_trainer - INFO - 配置快照已保存到: /tmp/pytest-of-suguangsheng/pytest-4/test_end_to_end_training0/spatiotemporal_decomposition/config_merged.yaml
2025-12-19 17:19:28,515 - spatiotemporal_trainer - INFO - 配置快照已保存到: /tmp/pytest-of-suguangsheng/pytest-4/test_end_to_end_training0/spatiotemporal_decomposition/config_merged.yaml
2025-12-19 17:19:28,515 - spatiotemporal_trainer - INFO - 配置快照已保存到: /tmp/pytest-of-suguangsheng/pytest-4/test_end_to_end_training0/spatiotemporal_decomposition/config_merged.yaml
2025-12-19 17:19:28,521 - spatiotemporal_trainer - WARNING - 时空分解模型不可用，使用简化版本
2025-12-19 17:19:28,521 - spatiotemporal_trainer - WARNING - 时空分解模型不可用，使用简化版本
2025-12-19 17:19:28,521 - spatiotemporal_trainer - WARNING - 时空分解模型不可用，使用简化版本
2025-12-19 17:19:28,521 - spatiotemporal_trainer - WARNING - 时空分解模型不可用，使用简化版本
2025-12-19 17:19:28,521 - spatiotemporal_trainer - WARNING - 时空分解模型不可用，使用简化版本
2025-12-19 17:19:28,521 - spatiotemporal_trainer - WARNING - 时空分解模型不可用，使用简化版本
2025-12-19 17:19:28,521 - spatiotemporal_trainer - WARNING - 时空分解模型不可用，使用简化版本
2025-12-19 17:19:28,526 - spatiotemporal_trainer - INFO - 配置快照已保存到: runs/spatiotemporal/spatiotemporal_decomposition/config_merged.yaml
2025-12-19 17:19:28,526 - spatiotemporal_trainer - INFO - 配置快照已保存到: runs/spatiotemporal/spatiotemporal_decomposition/config_merged.yaml
2025-12-19 17:19:28,526 - spatiotemporal_trainer - INFO - 配置快照已保存到: runs/spatiotemporal/spatiotemporal_decomposition/config_merged.yaml
2025-12-19 17:19:28,526 - spatiotemporal_trainer - INFO - 配置快照已保存到: runs/spatiotemporal/spatiotemporal_decomposition/config_merged.yaml
2025-12-19 17:19:28,526 - spatiotemporal_trainer - INFO - 配置快照已保存到: runs/spatiotemporal/spatiotemporal_decomposition/config_merged.yaml
2025-12-19 17:19:28,526 - spatiotemporal_trainer - INFO - 配置快照已保存到: runs/spatiotemporal/spatiotemporal_decomposition/config_merged.yaml
2025-12-19 17:19:28,526 - spatiotemporal_trainer - INFO - 配置快照已保存到: runs/spatiotemporal/spatiotemporal_decomposition/config_merged.yaml
2025-12-19 17:19:28,528 - spatiotemporal_trainer - INFO - 检查点已保存到: /tmp/test_output/checkpoint_epoch_10.pt
2025-12-19 17:19:28,528 - spatiotemporal_trainer - INFO - 检查点已保存到: /tmp/test_output/checkpoint_epoch_10.pt
2025-12-19 17:19:28,528 - spatiotemporal_trainer - INFO - 检查点已保存到: /tmp/test_output/checkpoint_epoch_10.pt
2025-12-19 17:19:28,528 - spatiotemporal_trainer - INFO - 检查点已保存到: /tmp/test_output/checkpoint_epoch_10.pt
2025-12-19 17:19:28,528 - spatiotemporal_trainer - INFO - 检查点已保存到: /tmp/test_output/checkpoint_epoch_10.pt
2025-12-19 17:19:28,528 - spatiotemporal_trainer - INFO - 检查点已保存到: /tmp/test_output/checkpoint_epoch_10.pt
2025-12-19 17:19:28,528 - spatiotemporal_trainer - INFO - 检查点已保存到: /tmp/test_output/checkpoint_epoch_10.pt
2025-12-19 17:19:28,533 - spatiotemporal_trainer - WARNING - 时空分解模型不可用，使用简化版本
2025-12-19 17:19:28,533 - spatiotemporal_trainer - WARNING - 时空分解模型不可用，使用简化版本
2025-12-19 17:19:28,533 - spatiotemporal_trainer - WARNING - 时空分解模型不可用，使用简化版本
2025-12-19 17:19:28,533 - spatiotemporal_trainer - WARNING - 时空分解模型不可用，使用简化版本
2025-12-19 17:19:28,533 - spatiotemporal_trainer - WARNING - 时空分解模型不可用，使用简化版本
2025-12-19 17:19:28,533 - spatiotemporal_trainer - WARNING - 时空分解模型不可用，使用简化版本
2025-12-19 17:19:28,533 - spatiotemporal_trainer - WARNING - 时空分解模型不可用，使用简化版本
2025-12-19 17:19:28,533 - spatiotemporal_trainer - WARNING - 时空分解模型不可用，使用简化版本
2025-12-19 17:19:28,549 - spatiotemporal_trainer - INFO - 配置快照已保存到: runs/spatiotemporal/spatiotemporal_decomposition/config_merged.yaml
2025-12-19 17:19:28,549 - spatiotemporal_trainer - INFO - 配置快照已保存到: runs/spatiotemporal/spatiotemporal_decomposition/config_merged.yaml
2025-12-19 17:19:28,549 - spatiotemporal_trainer - INFO - 配置快照已保存到: runs/spatiotemporal/spatiotemporal_decomposition/config_merged.yaml
2025-12-19 17:19:28,549 - spatiotemporal_trainer - INFO - 配置快照已保存到: runs/spatiotemporal/spatiotemporal_decomposition/config_merged.yaml
2025-12-19 17:19:28,549 - spatiotemporal_trainer - INFO - 配置快照已保存到: runs/spatiotemporal/spatiotemporal_decomposition/config_merged.yaml
2025-12-19 17:19:28,549 - spatiotemporal_trainer - INFO - 配置快照已保存到: runs/spatiotemporal/spatiotemporal_decomposition/config_merged.yaml
2025-12-19 17:19:28,549 - spatiotemporal_trainer - INFO - 配置快照已保存到: runs/spatiotemporal/spatiotemporal_decomposition/config_merged.yaml
2025-12-19 17:19:28,549 - spatiotemporal_trainer - INFO - 配置快照已保存到: runs/spatiotemporal/spatiotemporal_decomposition/config_merged.yaml
2025-12-19 17:19:28,549 - spatiotemporal_trainer - INFO - 开始模型测试
2025-12-19 17:19:28,549 - spatiotemporal_trainer - INFO - 开始模型测试
2025-12-19 17:19:28,549 - spatiotemporal_trainer - INFO - 开始模型测试
2025-12-19 17:19:28,549 - spatiotemporal_trainer - INFO - 开始模型测试
2025-12-19 17:19:28,549 - spatiotemporal_trainer - INFO - 开始模型测试
2025-12-19 17:19:28,549 - spatiotemporal_trainer - INFO - 开始模型测试
2025-12-19 17:19:28,549 - spatiotemporal_trainer - INFO - 开始模型测试
2025-12-19 17:19:28,549 - spatiotemporal_trainer - INFO - 开始模型测试
2025-12-19 17:19:28,552 - spatiotemporal_trainer - WARNING - 时空分解模型不可用，使用简化版本
2025-12-19 17:19:28,552 - spatiotemporal_trainer - WARNING - 时空分解模型不可用，使用简化版本
2025-12-19 17:19:28,552 - spatiotemporal_trainer - WARNING - 时空分解模型不可用，使用简化版本
2025-12-19 17:19:28,552 - spatiotemporal_trainer - WARNING - 时空分解模型不可用，使用简化版本
2025-12-19 17:19:28,552 - spatiotemporal_trainer - WARNING - 时空分解模型不可用，使用简化版本
2025-12-19 17:19:28,552 - spatiotemporal_trainer - WARNING - 时空分解模型不可用，使用简化版本
2025-12-19 17:19:28,552 - spatiotemporal_trainer - WARNING - 时空分解模型不可用，使用简化版本
2025-12-19 17:19:28,552 - spatiotemporal_trainer - WARNING - 时空分解模型不可用，使用简化版本
2025-12-19 17:19:28,552 - spatiotemporal_trainer - WARNING - 时空分解模型不可用，使用简化版本
2025-12-19 17:19:28,554 - spatiotemporal_trainer - INFO - 配置快照已保存到: /tmp/pytest-of-suguangsheng/pytest-4/test_integration_full_pipeline0/integration_test/config_merged.yaml
2025-12-19 17:19:28,554 - spatiotemporal_trainer - INFO - 配置快照已保存到: /tmp/pytest-of-suguangsheng/pytest-4/test_integration_full_pipeline0/integration_test/config_merged.yaml
2025-12-19 17:19:28,554 - spatiotemporal_trainer - INFO - 配置快照已保存到: /tmp/pytest-of-suguangsheng/pytest-4/test_integration_full_pipeline0/integration_test/config_merged.yaml
2025-12-19 17:19:28,554 - spatiotemporal_trainer - INFO - 配置快照已保存到: /tmp/pytest-of-suguangsheng/pytest-4/test_integration_full_pipeline0/integration_test/config_merged.yaml
2025-12-19 17:19:28,554 - spatiotemporal_trainer - INFO - 配置快照已保存到: /tmp/pytest-of-suguangsheng/pytest-4/test_integration_full_pipeline0/integration_test/config_merged.yaml
2025-12-19 17:19:28,554 - spatiotemporal_trainer - INFO - 配置快照已保存到: /tmp/pytest-of-suguangsheng/pytest-4/test_integration_full_pipeline0/integration_test/config_merged.yaml
2025-12-19 17:19:28,554 - spatiotemporal_trainer - INFO - 配置快照已保存到: /tmp/pytest-of-suguangsheng/pytest-4/test_integration_full_pipeline0/integration_test/config_merged.yaml
2025-12-19 17:19:28,554 - spatiotemporal_trainer - INFO - 配置快照已保存到: /tmp/pytest-of-suguangsheng/pytest-4/test_integration_full_pipeline0/integration_test/config_merged.yaml
2025-12-19 17:19:28,554 - spatiotemporal_trainer - INFO - 配置快照已保存到: /tmp/pytest-of-suguangsheng/pytest-4/test_integration_full_pipeline0/integration_test/config_merged.yaml
2025-12-19 17:19:28,557 - spatiotemporal_trainer - INFO - 数据管理器设置完成
2025-12-19 17:19:28,557 - spatiotemporal_trainer - INFO - 数据管理器设置完成
2025-12-19 17:19:28,557 - spatiotemporal_trainer - INFO - 数据管理器设置完成
2025-12-19 17:19:28,557 - spatiotemporal_trainer - INFO - 数据管理器设置完成
2025-12-19 17:19:28,557 - spatiotemporal_trainer - INFO - 数据管理器设置完成
2025-12-19 17:19:28,557 - spatiotemporal_trainer - INFO - 数据管理器设置完成
2025-12-19 17:19:28,557 - spatiotemporal_trainer - INFO - 数据管理器设置完成
2025-12-19 17:19:28,557 - spatiotemporal_trainer - INFO - 数据管理器设置完成
2025-12-19 17:19:28,557 - spatiotemporal_trainer - INFO - 数据管理器设置完成
2025-12-19 18:09:16,532 - spatiotemporal_trainer - WARNING - 时空分解模型不可用，使用简化版本
2025-12-19 18:09:16,536 - spatiotemporal_trainer - INFO - 配置快照已保存到: /tmp/tmp7wddpm4x/spatiotemporal_decomposition/config_merged.yaml
2025-12-19 18:09:16,543 - spatiotemporal_trainer - WARNING - 时空分解模型不可用，使用简化版本
2025-12-19 18:09:16,543 - spatiotemporal_trainer - WARNING - 时空分解模型不可用，使用简化版本
2025-12-19 18:09:16,547 - spatiotemporal_trainer - INFO - 配置快照已保存到: /tmp/tmpohba6q5n/spatiotemporal_decomposition/config_merged.yaml
2025-12-19 18:09:16,547 - spatiotemporal_trainer - INFO - 配置快照已保存到: /tmp/tmpohba6q5n/spatiotemporal_decomposition/config_merged.yaml
2025-12-19 18:09:16,548 - spatiotemporal_trainer - INFO - 数据管理器设置完成
2025-12-19 18:09:16,548 - spatiotemporal_trainer - INFO - 数据管理器设置完成
2025-12-19 18:09:16,553 - spatiotemporal_trainer - WARNING - 时空分解模型不可用，使用简化版本
2025-12-19 18:09:16,553 - spatiotemporal_trainer - WARNING - 时空分解模型不可用，使用简化版本
2025-12-19 18:09:16,553 - spatiotemporal_trainer - WARNING - 时空分解模型不可用，使用简化版本
2025-12-19 18:09:16,557 - spatiotemporal_trainer - INFO - 配置快照已保存到: /tmp/tmp9oj7cr6_/spatiotemporal_decomposition/config_merged.yaml
2025-12-19 18:09:16,557 - spatiotemporal_trainer - INFO - 配置快照已保存到: /tmp/tmp9oj7cr6_/spatiotemporal_decomposition/config_merged.yaml
2025-12-19 18:09:16,557 - spatiotemporal_trainer - INFO - 配置快照已保存到: /tmp/tmp9oj7cr6_/spatiotemporal_decomposition/config_merged.yaml
2025-12-19 18:09:16,563 - spatiotemporal_trainer - WARNING - 时空分解模型不可用，使用简化版本
2025-12-19 18:09:16,563 - spatiotemporal_trainer - WARNING - 时空分解模型不可用，使用简化版本
2025-12-19 18:09:16,563 - spatiotemporal_trainer - WARNING - 时空分解模型不可用，使用简化版本
2025-12-19 18:09:16,563 - spatiotemporal_trainer - WARNING - 时空分解模型不可用，使用简化版本
2025-12-19 18:09:16,566 - spatiotemporal_trainer - INFO - 配置快照已保存到: /tmp/tmpvv22r422/spatiotemporal_decomposition/config_merged.yaml
2025-12-19 18:09:16,566 - spatiotemporal_trainer - INFO - 配置快照已保存到: /tmp/tmpvv22r422/spatiotemporal_decomposition/config_merged.yaml
2025-12-19 18:09:16,566 - spatiotemporal_trainer - INFO - 配置快照已保存到: /tmp/tmpvv22r422/spatiotemporal_decomposition/config_merged.yaml
2025-12-19 18:09:16,566 - spatiotemporal_trainer - INFO - 配置快照已保存到: /tmp/tmpvv22r422/spatiotemporal_decomposition/config_merged.yaml
2025-12-19 18:09:16,573 - spatiotemporal_trainer - WARNING - 时空分解模型不可用，使用简化版本
2025-12-19 18:09:16,573 - spatiotemporal_trainer - WARNING - 时空分解模型不可用，使用简化版本
2025-12-19 18:09:16,573 - spatiotemporal_trainer - WARNING - 时空分解模型不可用，使用简化版本
2025-12-19 18:09:16,573 - spatiotemporal_trainer - WARNING - 时空分解模型不可用，使用简化版本
2025-12-19 18:09:16,573 - spatiotemporal_trainer - WARNING - 时空分解模型不可用，使用简化版本
2025-12-19 18:09:16,577 - spatiotemporal_trainer - INFO - 配置快照已保存到: /tmp/tmp99nufxys/spatiotemporal_decomposition/config_merged.yaml
2025-12-19 18:09:16,577 - spatiotemporal_trainer - INFO - 配置快照已保存到: /tmp/tmp99nufxys/spatiotemporal_decomposition/config_merged.yaml
2025-12-19 18:09:16,577 - spatiotemporal_trainer - INFO - 配置快照已保存到: /tmp/tmp99nufxys/spatiotemporal_decomposition/config_merged.yaml
2025-12-19 18:09:16,577 - spatiotemporal_trainer - INFO - 配置快照已保存到: /tmp/tmp99nufxys/spatiotemporal_decomposition/config_merged.yaml
2025-12-19 18:09:16,577 - spatiotemporal_trainer - INFO - 配置快照已保存到: /tmp/tmp99nufxys/spatiotemporal_decomposition/config_merged.yaml
2025-12-19 18:09:16,583 - spatiotemporal_trainer - WARNING - 时空分解模型不可用，使用简化版本
2025-12-19 18:09:16,583 - spatiotemporal_trainer - WARNING - 时空分解模型不可用，使用简化版本
2025-12-19 18:09:16,583 - spatiotemporal_trainer - WARNING - 时空分解模型不可用，使用简化版本
2025-12-19 18:09:16,583 - spatiotemporal_trainer - WARNING - 时空分解模型不可用，使用简化版本
2025-12-19 18:09:16,583 - spatiotemporal_trainer - WARNING - 时空分解模型不可用，使用简化版本
2025-12-19 18:09:16,583 - spatiotemporal_trainer - WARNING - 时空分解模型不可用，使用简化版本
2025-12-19 18:09:16,587 - spatiotemporal_trainer - INFO - 配置快照已保存到: /tmp/pytest-of-suguangsheng/pytest-5/test_end_to_end_training0/spatiotemporal_decomposition/config_merged.yaml
2025-12-19 18:09:16,587 - spatiotemporal_trainer - INFO - 配置快照已保存到: /tmp/pytest-of-suguangsheng/pytest-5/test_end_to_end_training0/spatiotemporal_decomposition/config_merged.yaml
2025-12-19 18:09:16,587 - spatiotemporal_trainer - INFO - 配置快照已保存到: /tmp/pytest-of-suguangsheng/pytest-5/test_end_to_end_training0/spatiotemporal_decomposition/config_merged.yaml
2025-12-19 18:09:16,587 - spatiotemporal_trainer - INFO - 配置快照已保存到: /tmp/pytest-of-suguangsheng/pytest-5/test_end_to_end_training0/spatiotemporal_decomposition/config_merged.yaml
2025-12-19 18:09:16,587 - spatiotemporal_trainer - INFO - 配置快照已保存到: /tmp/pytest-of-suguangsheng/pytest-5/test_end_to_end_training0/spatiotemporal_decomposition/config_merged.yaml
2025-12-19 18:09:16,587 - spatiotemporal_trainer - INFO - 配置快照已保存到: /tmp/pytest-of-suguangsheng/pytest-5/test_end_to_end_training0/spatiotemporal_decomposition/config_merged.yaml
2025-12-19 18:09:16,592 - spatiotemporal_trainer - WARNING - 时空分解模型不可用，使用简化版本
2025-12-19 18:09:16,592 - spatiotemporal_trainer - WARNING - 时空分解模型不可用，使用简化版本
2025-12-19 18:09:16,592 - spatiotemporal_trainer - WARNING - 时空分解模型不可用，使用简化版本
2025-12-19 18:09:16,592 - spatiotemporal_trainer - WARNING - 时空分解模型不可用，使用简化版本
2025-12-19 18:09:16,592 - spatiotemporal_trainer - WARNING - 时空分解模型不可用，使用简化版本
2025-12-19 18:09:16,592 - spatiotemporal_trainer - WARNING - 时空分解模型不可用，使用简化版本
2025-12-19 18:09:16,592 - spatiotemporal_trainer - WARNING - 时空分解模型不可用，使用简化版本
2025-12-19 18:09:16,597 - spatiotemporal_trainer - INFO - 配置快照已保存到: runs/spatiotemporal/spatiotemporal_decomposition/config_merged.yaml
2025-12-19 18:09:16,597 - spatiotemporal_trainer - INFO - 配置快照已保存到: runs/spatiotemporal/spatiotemporal_decomposition/config_merged.yaml
2025-12-19 18:09:16,597 - spatiotemporal_trainer - INFO - 配置快照已保存到: runs/spatiotemporal/spatiotemporal_decomposition/config_merged.yaml
2025-12-19 18:09:16,597 - spatiotemporal_trainer - INFO - 配置快照已保存到: runs/spatiotemporal/spatiotemporal_decomposition/config_merged.yaml
2025-12-19 18:09:16,597 - spatiotemporal_trainer - INFO - 配置快照已保存到: runs/spatiotemporal/spatiotemporal_decomposition/config_merged.yaml
2025-12-19 18:09:16,597 - spatiotemporal_trainer - INFO - 配置快照已保存到: runs/spatiotemporal/spatiotemporal_decomposition/config_merged.yaml
2025-12-19 18:09:16,597 - spatiotemporal_trainer - INFO - 配置快照已保存到: runs/spatiotemporal/spatiotemporal_decomposition/config_merged.yaml
2025-12-19 18:09:16,599 - spatiotemporal_trainer - INFO - 检查点已保存到: /tmp/test_output/checkpoint_epoch_10.pt
2025-12-19 18:09:16,599 - spatiotemporal_trainer - INFO - 检查点已保存到: /tmp/test_output/checkpoint_epoch_10.pt
2025-12-19 18:09:16,599 - spatiotemporal_trainer - INFO - 检查点已保存到: /tmp/test_output/checkpoint_epoch_10.pt
2025-12-19 18:09:16,599 - spatiotemporal_trainer - INFO - 检查点已保存到: /tmp/test_output/checkpoint_epoch_10.pt
2025-12-19 18:09:16,599 - spatiotemporal_trainer - INFO - 检查点已保存到: /tmp/test_output/checkpoint_epoch_10.pt
2025-12-19 18:09:16,599 - spatiotemporal_trainer - INFO - 检查点已保存到: /tmp/test_output/checkpoint_epoch_10.pt
2025-12-19 18:09:16,599 - spatiotemporal_trainer - INFO - 检查点已保存到: /tmp/test_output/checkpoint_epoch_10.pt
2025-12-19 18:09:16,605 - spatiotemporal_trainer - WARNING - 时空分解模型不可用，使用简化版本
2025-12-19 18:09:16,605 - spatiotemporal_trainer - WARNING - 时空分解模型不可用，使用简化版本
2025-12-19 18:09:16,605 - spatiotemporal_trainer - WARNING - 时空分解模型不可用，使用简化版本
2025-12-19 18:09:16,605 - spatiotemporal_trainer - WARNING - 时空分解模型不可用，使用简化版本
2025-12-19 18:09:16,605 - spatiotemporal_trainer - WARNING - 时空分解模型不可用，使用简化版本
2025-12-19 18:09:16,605 - spatiotemporal_trainer - WARNING - 时空分解模型不可用，使用简化版本
2025-12-19 18:09:16,605 - spatiotemporal_trainer - WARNING - 时空分解模型不可用，使用简化版本
2025-12-19 18:09:16,605 - spatiotemporal_trainer - WARNING - 时空分解模型不可用，使用简化版本
2025-12-19 18:09:16,619 - spatiotemporal_trainer - INFO - 配置快照已保存到: runs/spatiotemporal/spatiotemporal_decomposition/config_merged.yaml
2025-12-19 18:09:16,619 - spatiotemporal_trainer - INFO - 配置快照已保存到: runs/spatiotemporal/spatiotemporal_decomposition/config_merged.yaml
2025-12-19 18:09:16,619 - spatiotemporal_trainer - INFO - 配置快照已保存到: runs/spatiotemporal/spatiotemporal_decomposition/config_merged.yaml
2025-12-19 18:09:16,619 - spatiotemporal_trainer - INFO - 配置快照已保存到: runs/spatiotemporal/spatiotemporal_decomposition/config_merged.yaml
2025-12-19 18:09:16,619 - spatiotemporal_trainer - INFO - 配置快照已保存到: runs/spatiotemporal/spatiotemporal_decomposition/config_merged.yaml
2025-12-19 18:09:16,619 - spatiotemporal_trainer - INFO - 配置快照已保存到: runs/spatiotemporal/spatiotemporal_decomposition/config_merged.yaml
2025-12-19 18:09:16,619 - spatiotemporal_trainer - INFO - 配置快照已保存到: runs/spatiotemporal/spatiotemporal_decomposition/config_merged.yaml
2025-12-19 18:09:16,619 - spatiotemporal_trainer - INFO - 配置快照已保存到: runs/spatiotemporal/spatiotemporal_decomposition/config_merged.yaml
2025-12-19 18:09:16,619 - spatiotemporal_trainer - INFO - 开始模型测试
2025-12-19 18:09:16,619 - spatiotemporal_trainer - INFO - 开始模型测试
2025-12-19 18:09:16,619 - spatiotemporal_trainer - INFO - 开始模型测试
2025-12-19 18:09:16,619 - spatiotemporal_trainer - INFO - 开始模型测试
2025-12-19 18:09:16,619 - spatiotemporal_trainer - INFO - 开始模型测试
2025-12-19 18:09:16,619 - spatiotemporal_trainer - INFO - 开始模型测试
2025-12-19 18:09:16,619 - spatiotemporal_trainer - INFO - 开始模型测试
2025-12-19 18:09:16,619 - spatiotemporal_trainer - INFO - 开始模型测试
2025-12-19 18:09:16,623 - spatiotemporal_trainer - WARNING - 时空分解模型不可用，使用简化版本
2025-12-19 18:09:16,623 - spatiotemporal_trainer - WARNING - 时空分解模型不可用，使用简化版本
2025-12-19 18:09:16,623 - spatiotemporal_trainer - WARNING - 时空分解模型不可用，使用简化版本
2025-12-19 18:09:16,623 - spatiotemporal_trainer - WARNING - 时空分解模型不可用，使用简化版本
2025-12-19 18:09:16,623 - spatiotemporal_trainer - WARNING - 时空分解模型不可用，使用简化版本
2025-12-19 18:09:16,623 - spatiotemporal_trainer - WARNING - 时空分解模型不可用，使用简化版本
2025-12-19 18:09:16,623 - spatiotemporal_trainer - WARNING - 时空分解模型不可用，使用简化版本
2025-12-19 18:09:16,623 - spatiotemporal_trainer - WARNING - 时空分解模型不可用，使用简化版本
2025-12-19 18:09:16,623 - spatiotemporal_trainer - WARNING - 时空分解模型不可用，使用简化版本
2025-12-19 18:09:16,624 - spatiotemporal_trainer - INFO - 配置快照已保存到: /tmp/pytest-of-suguangsheng/pytest-5/test_integration_full_pipeline0/integration_test/config_merged.yaml
2025-12-19 18:09:16,624 - spatiotemporal_trainer - INFO - 配置快照已保存到: /tmp/pytest-of-suguangsheng/pytest-5/test_integration_full_pipeline0/integration_test/config_merged.yaml
2025-12-19 18:09:16,624 - spatiotemporal_trainer - INFO - 配置快照已保存到: /tmp/pytest-of-suguangsheng/pytest-5/test_integration_full_pipeline0/integration_test/config_merged.yaml
2025-12-19 18:09:16,624 - spatiotemporal_trainer - INFO - 配置快照已保存到: /tmp/pytest-of-suguangsheng/pytest-5/test_integration_full_pipeline0/integration_test/config_merged.yaml
2025-12-19 18:09:16,624 - spatiotemporal_trainer - INFO - 配置快照已保存到: /tmp/pytest-of-suguangsheng/pytest-5/test_integration_full_pipeline0/integration_test/config_merged.yaml
2025-12-19 18:09:16,624 - spatiotemporal_trainer - INFO - 配置快照已保存到: /tmp/pytest-of-suguangsheng/pytest-5/test_integration_full_pipeline0/integration_test/config_merged.yaml
2025-12-19 18:09:16,624 - spatiotemporal_trainer - INFO - 配置快照已保存到: /tmp/pytest-of-suguangsheng/pytest-5/test_integration_full_pipeline0/integration_test/config_merged.yaml
2025-12-19 18:09:16,624 - spatiotemporal_trainer - INFO - 配置快照已保存到: /tmp/pytest-of-suguangsheng/pytest-5/test_integration_full_pipeline0/integration_test/config_merged.yaml
2025-12-19 18:09:16,624 - spatiotemporal_trainer - INFO - 配置快照已保存到: /tmp/pytest-of-suguangsheng/pytest-5/test_integration_full_pipeline0/integration_test/config_merged.yaml
2025-12-19 18:09:16,628 - spatiotemporal_trainer - INFO - 数据管理器设置完成
2025-12-19 18:09:16,628 - spatiotemporal_trainer - INFO - 数据管理器设置完成
2025-12-19 18:09:16,628 - spatiotemporal_trainer - INFO - 数据管理器设置完成
2025-12-19 18:09:16,628 - spatiotemporal_trainer - INFO - 数据管理器设置完成
2025-12-19 18:09:16,628 - spatiotemporal_trainer - INFO - 数据管理器设置完成
2025-12-19 18:09:16,628 - spatiotemporal_trainer - INFO - 数据管理器设置完成
2025-12-19 18:09:16,628 - spatiotemporal_trainer - INFO - 数据管理器设置完成
2025-12-19 18:09:16,628 - spatiotemporal_trainer - INFO - 数据管理器设置完成
2025-12-19 18:09:16,628 - spatiotemporal_trainer - INFO - 数据管理器设置完成
2025-12-19 18:57:13,672 - spatiotemporal_trainer - WARNING - 时空分解模型不可用，使用简化版本
2025-12-19 18:57:13,676 - spatiotemporal_trainer - INFO - 配置快照已保存到: /tmp/tmpkowh_r8m/spatiotemporal_decomposition/config_merged.yaml
2025-12-19 18:57:13,684 - spatiotemporal_trainer - WARNING - 时空分解模型不可用，使用简化版本
2025-12-19 18:57:13,684 - spatiotemporal_trainer - WARNING - 时空分解模型不可用，使用简化版本
2025-12-19 18:57:13,687 - spatiotemporal_trainer - INFO - 配置快照已保存到: /tmp/tmpcg2s47h0/spatiotemporal_decomposition/config_merged.yaml
2025-12-19 18:57:13,687 - spatiotemporal_trainer - INFO - 配置快照已保存到: /tmp/tmpcg2s47h0/spatiotemporal_decomposition/config_merged.yaml
2025-12-19 18:57:13,688 - spatiotemporal_trainer - INFO - 数据管理器设置完成
2025-12-19 18:57:13,688 - spatiotemporal_trainer - INFO - 数据管理器设置完成
2025-12-19 18:57:13,693 - spatiotemporal_trainer - WARNING - 时空分解模型不可用，使用简化版本
2025-12-19 18:57:13,693 - spatiotemporal_trainer - WARNING - 时空分解模型不可用，使用简化版本
2025-12-19 18:57:13,693 - spatiotemporal_trainer - WARNING - 时空分解模型不可用，使用简化版本
2025-12-19 18:57:13,697 - spatiotemporal_trainer - INFO - 配置快照已保存到: /tmp/tmpnoh5mfyo/spatiotemporal_decomposition/config_merged.yaml
2025-12-19 18:57:13,697 - spatiotemporal_trainer - INFO - 配置快照已保存到: /tmp/tmpnoh5mfyo/spatiotemporal_decomposition/config_merged.yaml
2025-12-19 18:57:13,697 - spatiotemporal_trainer - INFO - 配置快照已保存到: /tmp/tmpnoh5mfyo/spatiotemporal_decomposition/config_merged.yaml
2025-12-19 18:57:13,703 - spatiotemporal_trainer - WARNING - 时空分解模型不可用，使用简化版本
2025-12-19 18:57:13,703 - spatiotemporal_trainer - WARNING - 时空分解模型不可用，使用简化版本
2025-12-19 18:57:13,703 - spatiotemporal_trainer - WARNING - 时空分解模型不可用，使用简化版本
2025-12-19 18:57:13,703 - spatiotemporal_trainer - WARNING - 时空分解模型不可用，使用简化版本
2025-12-19 18:57:13,707 - spatiotemporal_trainer - INFO - 配置快照已保存到: /tmp/tmp_or7mwik/spatiotemporal_decomposition/config_merged.yaml
2025-12-19 18:57:13,707 - spatiotemporal_trainer - INFO - 配置快照已保存到: /tmp/tmp_or7mwik/spatiotemporal_decomposition/config_merged.yaml
2025-12-19 18:57:13,707 - spatiotemporal_trainer - INFO - 配置快照已保存到: /tmp/tmp_or7mwik/spatiotemporal_decomposition/config_merged.yaml
2025-12-19 18:57:13,707 - spatiotemporal_trainer - INFO - 配置快照已保存到: /tmp/tmp_or7mwik/spatiotemporal_decomposition/config_merged.yaml
2025-12-19 18:57:13,713 - spatiotemporal_trainer - WARNING - 时空分解模型不可用，使用简化版本
2025-12-19 18:57:13,713 - spatiotemporal_trainer - WARNING - 时空分解模型不可用，使用简化版本
2025-12-19 18:57:13,713 - spatiotemporal_trainer - WARNING - 时空分解模型不可用，使用简化版本
2025-12-19 18:57:13,713 - spatiotemporal_trainer - WARNING - 时空分解模型不可用，使用简化版本
2025-12-19 18:57:13,713 - spatiotemporal_trainer - WARNING - 时空分解模型不可用，使用简化版本
2025-12-19 18:57:13,717 - spatiotemporal_trainer - INFO - 配置快照已保存到: /tmp/tmpg1qbvdui/spatiotemporal_decomposition/config_merged.yaml
2025-12-19 18:57:13,717 - spatiotemporal_trainer - INFO - 配置快照已保存到: /tmp/tmpg1qbvdui/spatiotemporal_decomposition/config_merged.yaml
2025-12-19 18:57:13,717 - spatiotemporal_trainer - INFO - 配置快照已保存到: /tmp/tmpg1qbvdui/spatiotemporal_decomposition/config_merged.yaml
2025-12-19 18:57:13,717 - spatiotemporal_trainer - INFO - 配置快照已保存到: /tmp/tmpg1qbvdui/spatiotemporal_decomposition/config_merged.yaml
2025-12-19 18:57:13,717 - spatiotemporal_trainer - INFO - 配置快照已保存到: /tmp/tmpg1qbvdui/spatiotemporal_decomposition/config_merged.yaml
2025-12-19 18:57:13,723 - spatiotemporal_trainer - WARNING - 时空分解模型不可用，使用简化版本
2025-12-19 18:57:13,723 - spatiotemporal_trainer - WARNING - 时空分解模型不可用，使用简化版本
2025-12-19 18:57:13,723 - spatiotemporal_trainer - WARNING - 时空分解模型不可用，使用简化版本
2025-12-19 18:57:13,723 - spatiotemporal_trainer - WARNING - 时空分解模型不可用，使用简化版本
2025-12-19 18:57:13,723 - spatiotemporal_trainer - WARNING - 时空分解模型不可用，使用简化版本
2025-12-19 18:57:13,723 - spatiotemporal_trainer - WARNING - 时空分解模型不可用，使用简化版本
2025-12-19 18:57:13,727 - spatiotemporal_trainer - INFO - 配置快照已保存到: /tmp/pytest-of-suguangsheng/pytest-6/test_end_to_end_training0/spatiotemporal_decomposition/config_merged.yaml
2025-12-19 18:57:13,727 - spatiotemporal_trainer - INFO - 配置快照已保存到: /tmp/pytest-of-suguangsheng/pytest-6/test_end_to_end_training0/spatiotemporal_decomposition/config_merged.yaml
2025-12-19 18:57:13,727 - spatiotemporal_trainer - INFO - 配置快照已保存到: /tmp/pytest-of-suguangsheng/pytest-6/test_end_to_end_training0/spatiotemporal_decomposition/config_merged.yaml
2025-12-19 18:57:13,727 - spatiotemporal_trainer - INFO - 配置快照已保存到: /tmp/pytest-of-suguangsheng/pytest-6/test_end_to_end_training0/spatiotemporal_decomposition/config_merged.yaml
2025-12-19 18:57:13,727 - spatiotemporal_trainer - INFO - 配置快照已保存到: /tmp/pytest-of-suguangsheng/pytest-6/test_end_to_end_training0/spatiotemporal_decomposition/config_merged.yaml
2025-12-19 18:57:13,727 - spatiotemporal_trainer - INFO - 配置快照已保存到: /tmp/pytest-of-suguangsheng/pytest-6/test_end_to_end_training0/spatiotemporal_decomposition/config_merged.yaml
2025-12-19 18:57:13,732 - spatiotemporal_trainer - WARNING - 时空分解模型不可用，使用简化版本
2025-12-19 18:57:13,732 - spatiotemporal_trainer - WARNING - 时空分解模型不可用，使用简化版本
2025-12-19 18:57:13,732 - spatiotemporal_trainer - WARNING - 时空分解模型不可用，使用简化版本
2025-12-19 18:57:13,732 - spatiotemporal_trainer - WARNING - 时空分解模型不可用，使用简化版本
2025-12-19 18:57:13,732 - spatiotemporal_trainer - WARNING - 时空分解模型不可用，使用简化版本
2025-12-19 18:57:13,732 - spatiotemporal_trainer - WARNING - 时空分解模型不可用，使用简化版本
2025-12-19 18:57:13,732 - spatiotemporal_trainer - WARNING - 时空分解模型不可用，使用简化版本
2025-12-19 18:57:13,737 - spatiotemporal_trainer - INFO - 配置快照已保存到: runs/spatiotemporal/spatiotemporal_decomposition/config_merged.yaml
2025-12-19 18:57:13,737 - spatiotemporal_trainer - INFO - 配置快照已保存到: runs/spatiotemporal/spatiotemporal_decomposition/config_merged.yaml
2025-12-19 18:57:13,737 - spatiotemporal_trainer - INFO - 配置快照已保存到: runs/spatiotemporal/spatiotemporal_decomposition/config_merged.yaml
2025-12-19 18:57:13,737 - spatiotemporal_trainer - INFO - 配置快照已保存到: runs/spatiotemporal/spatiotemporal_decomposition/config_merged.yaml
2025-12-19 18:57:13,737 - spatiotemporal_trainer - INFO - 配置快照已保存到: runs/spatiotemporal/spatiotemporal_decomposition/config_merged.yaml
2025-12-19 18:57:13,737 - spatiotemporal_trainer - INFO - 配置快照已保存到: runs/spatiotemporal/spatiotemporal_decomposition/config_merged.yaml
2025-12-19 18:57:13,737 - spatiotemporal_trainer - INFO - 配置快照已保存到: runs/spatiotemporal/spatiotemporal_decomposition/config_merged.yaml
2025-12-19 18:57:13,740 - spatiotemporal_trainer - INFO - 检查点已保存到: /tmp/test_output/checkpoint_epoch_10.pt
2025-12-19 18:57:13,740 - spatiotemporal_trainer - INFO - 检查点已保存到: /tmp/test_output/checkpoint_epoch_10.pt
2025-12-19 18:57:13,740 - spatiotemporal_trainer - INFO - 检查点已保存到: /tmp/test_output/checkpoint_epoch_10.pt
2025-12-19 18:57:13,740 - spatiotemporal_trainer - INFO - 检查点已保存到: /tmp/test_output/checkpoint_epoch_10.pt
2025-12-19 18:57:13,740 - spatiotemporal_trainer - INFO - 检查点已保存到: /tmp/test_output/checkpoint_epoch_10.pt
2025-12-19 18:57:13,740 - spatiotemporal_trainer - INFO - 检查点已保存到: /tmp/test_output/checkpoint_epoch_10.pt
2025-12-19 18:57:13,740 - spatiotemporal_trainer - INFO - 检查点已保存到: /tmp/test_output/checkpoint_epoch_10.pt
2025-12-19 18:57:13,745 - spatiotemporal_trainer - WARNING - 时空分解模型不可用，使用简化版本
2025-12-19 18:57:13,745 - spatiotemporal_trainer - WARNING - 时空分解模型不可用，使用简化版本
2025-12-19 18:57:13,745 - spatiotemporal_trainer - WARNING - 时空分解模型不可用，使用简化版本
2025-12-19 18:57:13,745 - spatiotemporal_trainer - WARNING - 时空分解模型不可用，使用简化版本
2025-12-19 18:57:13,745 - spatiotemporal_trainer - WARNING - 时空分解模型不可用，使用简化版本
2025-12-19 18:57:13,745 - spatiotemporal_trainer - WARNING - 时空分解模型不可用，使用简化版本
2025-12-19 18:57:13,745 - spatiotemporal_trainer - WARNING - 时空分解模型不可用，使用简化版本
2025-12-19 18:57:13,745 - spatiotemporal_trainer - WARNING - 时空分解模型不可用，使用简化版本
2025-12-19 18:57:13,769 - spatiotemporal_trainer - INFO - 配置快照已保存到: runs/spatiotemporal/spatiotemporal_decomposition/config_merged.yaml
2025-12-19 18:57:13,769 - spatiotemporal_trainer - INFO - 配置快照已保存到: runs/spatiotemporal/spatiotemporal_decomposition/config_merged.yaml
2025-12-19 18:57:13,769 - spatiotemporal_trainer - INFO - 配置快照已保存到: runs/spatiotemporal/spatiotemporal_decomposition/config_merged.yaml
2025-12-19 18:57:13,769 - spatiotemporal_trainer - INFO - 配置快照已保存到: runs/spatiotemporal/spatiotemporal_decomposition/config_merged.yaml
2025-12-19 18:57:13,769 - spatiotemporal_trainer - INFO - 配置快照已保存到: runs/spatiotemporal/spatiotemporal_decomposition/config_merged.yaml
2025-12-19 18:57:13,769 - spatiotemporal_trainer - INFO - 配置快照已保存到: runs/spatiotemporal/spatiotemporal_decomposition/config_merged.yaml
2025-12-19 18:57:13,769 - spatiotemporal_trainer - INFO - 配置快照已保存到: runs/spatiotemporal/spatiotemporal_decomposition/config_merged.yaml
2025-12-19 18:57:13,769 - spatiotemporal_trainer - INFO - 配置快照已保存到: runs/spatiotemporal/spatiotemporal_decomposition/config_merged.yaml
2025-12-19 18:57:13,769 - spatiotemporal_trainer - INFO - 开始模型测试
2025-12-19 18:57:13,769 - spatiotemporal_trainer - INFO - 开始模型测试
2025-12-19 18:57:13,769 - spatiotemporal_trainer - INFO - 开始模型测试
2025-12-19 18:57:13,769 - spatiotemporal_trainer - INFO - 开始模型测试
2025-12-19 18:57:13,769 - spatiotemporal_trainer - INFO - 开始模型测试
2025-12-19 18:57:13,769 - spatiotemporal_trainer - INFO - 开始模型测试
2025-12-19 18:57:13,769 - spatiotemporal_trainer - INFO - 开始模型测试
2025-12-19 18:57:13,769 - spatiotemporal_trainer - INFO - 开始模型测试
2025-12-19 18:57:13,772 - spatiotemporal_trainer - WARNING - 时空分解模型不可用，使用简化版本
2025-12-19 18:57:13,772 - spatiotemporal_trainer - WARNING - 时空分解模型不可用，使用简化版本
2025-12-19 18:57:13,772 - spatiotemporal_trainer - WARNING - 时空分解模型不可用，使用简化版本
2025-12-19 18:57:13,772 - spatiotemporal_trainer - WARNING - 时空分解模型不可用，使用简化版本
2025-12-19 18:57:13,772 - spatiotemporal_trainer - WARNING - 时空分解模型不可用，使用简化版本
2025-12-19 18:57:13,772 - spatiotemporal_trainer - WARNING - 时空分解模型不可用，使用简化版本
2025-12-19 18:57:13,772 - spatiotemporal_trainer - WARNING - 时空分解模型不可用，使用简化版本
2025-12-19 18:57:13,772 - spatiotemporal_trainer - WARNING - 时空分解模型不可用，使用简化版本
2025-12-19 18:57:13,772 - spatiotemporal_trainer - WARNING - 时空分解模型不可用，使用简化版本
2025-12-19 18:57:13,774 - spatiotemporal_trainer - INFO - 配置快照已保存到: /tmp/pytest-of-suguangsheng/pytest-6/test_integration_full_pipeline0/integration_test/config_merged.yaml
2025-12-19 18:57:13,774 - spatiotemporal_trainer - INFO - 配置快照已保存到: /tmp/pytest-of-suguangsheng/pytest-6/test_integration_full_pipeline0/integration_test/config_merged.yaml
2025-12-19 18:57:13,774 - spatiotemporal_trainer - INFO - 配置快照已保存到: /tmp/pytest-of-suguangsheng/pytest-6/test_integration_full_pipeline0/integration_test/config_merged.yaml
2025-12-19 18:57:13,774 - spatiotemporal_trainer - INFO - 配置快照已保存到: /tmp/pytest-of-suguangsheng/pytest-6/test_integration_full_pipeline0/integration_test/config_merged.yaml
2025-12-19 18:57:13,774 - spatiotemporal_trainer - INFO - 配置快照已保存到: /tmp/pytest-of-suguangsheng/pytest-6/test_integration_full_pipeline0/integration_test/config_merged.yaml
2025-12-19 18:57:13,774 - spatiotemporal_trainer - INFO - 配置快照已保存到: /tmp/pytest-of-suguangsheng/pytest-6/test_integration_full_pipeline0/integration_test/config_merged.yaml
2025-12-19 18:57:13,774 - spatiotemporal_trainer - INFO - 配置快照已保存到: /tmp/pytest-of-suguangsheng/pytest-6/test_integration_full_pipeline0/integration_test/config_merged.yaml
2025-12-19 18:57:13,774 - spatiotemporal_trainer - INFO - 配置快照已保存到: /tmp/pytest-of-suguangsheng/pytest-6/test_integration_full_pipeline0/integration_test/config_merged.yaml
2025-12-19 18:57:13,774 - spatiotemporal_trainer - INFO - 配置快照已保存到: /tmp/pytest-of-suguangsheng/pytest-6/test_integration_full_pipeline0/integration_test/config_merged.yaml
2025-12-19 18:57:13,777 - spatiotemporal_trainer - INFO - 数据管理器设置完成
2025-12-19 18:57:13,777 - spatiotemporal_trainer - INFO - 数据管理器设置完成
2025-12-19 18:57:13,777 - spatiotemporal_trainer - INFO - 数据管理器设置完成
2025-12-19 18:57:13,777 - spatiotemporal_trainer - INFO - 数据管理器设置完成
2025-12-19 18:57:13,777 - spatiotemporal_trainer - INFO - 数据管理器设置完成
2025-12-19 18:57:13,777 - spatiotemporal_trainer - INFO - 数据管理器设置完成
2025-12-19 18:57:13,777 - spatiotemporal_trainer - INFO - 数据管理器设置完成
2025-12-19 18:57:13,777 - spatiotemporal_trainer - INFO - 数据管理器设置完成
2025-12-19 18:57:13,777 - spatiotemporal_trainer - INFO - 数据管理器设置完成
2025-12-19 19:04:26,693 - spatiotemporal_trainer - WARNING - 时空分解模型不可用，使用简化版本
2025-12-19 19:04:26,697 - spatiotemporal_trainer - INFO - 配置快照已保存到: /tmp/tmpt5u50fva/spatiotemporal_decomposition/config_merged.yaml
2025-12-19 19:04:26,705 - spatiotemporal_trainer - WARNING - 时空分解模型不可用，使用简化版本
2025-12-19 19:04:26,705 - spatiotemporal_trainer - WARNING - 时空分解模型不可用，使用简化版本
2025-12-19 19:04:26,708 - spatiotemporal_trainer - INFO - 配置快照已保存到: /tmp/tmp9yv2hmv4/spatiotemporal_decomposition/config_merged.yaml
2025-12-19 19:04:26,708 - spatiotemporal_trainer - INFO - 配置快照已保存到: /tmp/tmp9yv2hmv4/spatiotemporal_decomposition/config_merged.yaml
2025-12-19 19:04:26,709 - spatiotemporal_trainer - INFO - 数据管理器设置完成
2025-12-19 19:04:26,709 - spatiotemporal_trainer - INFO - 数据管理器设置完成
2025-12-19 19:04:26,715 - spatiotemporal_trainer - WARNING - 时空分解模型不可用，使用简化版本
2025-12-19 19:04:26,715 - spatiotemporal_trainer - WARNING - 时空分解模型不可用，使用简化版本
2025-12-19 19:04:26,715 - spatiotemporal_trainer - WARNING - 时空分解模型不可用，使用简化版本
2025-12-19 19:04:26,719 - spatiotemporal_trainer - INFO - 配置快照已保存到: /tmp/tmpoi1nu1qs/spatiotemporal_decomposition/config_merged.yaml
2025-12-19 19:04:26,719 - spatiotemporal_trainer - INFO - 配置快照已保存到: /tmp/tmpoi1nu1qs/spatiotemporal_decomposition/config_merged.yaml
2025-12-19 19:04:26,719 - spatiotemporal_trainer - INFO - 配置快照已保存到: /tmp/tmpoi1nu1qs/spatiotemporal_decomposition/config_merged.yaml
2025-12-19 19:04:26,725 - spatiotemporal_trainer - WARNING - 时空分解模型不可用，使用简化版本
2025-12-19 19:04:26,725 - spatiotemporal_trainer - WARNING - 时空分解模型不可用，使用简化版本
2025-12-19 19:04:26,725 - spatiotemporal_trainer - WARNING - 时空分解模型不可用，使用简化版本
2025-12-19 19:04:26,725 - spatiotemporal_trainer - WARNING - 时空分解模型不可用，使用简化版本
2025-12-19 19:04:26,729 - spatiotemporal_trainer - INFO - 配置快照已保存到: /tmp/tmp4ynicg7a/spatiotemporal_decomposition/config_merged.yaml
2025-12-19 19:04:26,729 - spatiotemporal_trainer - INFO - 配置快照已保存到: /tmp/tmp4ynicg7a/spatiotemporal_decomposition/config_merged.yaml
2025-12-19 19:04:26,729 - spatiotemporal_trainer - INFO - 配置快照已保存到: /tmp/tmp4ynicg7a/spatiotemporal_decomposition/config_merged.yaml
2025-12-19 19:04:26,729 - spatiotemporal_trainer - INFO - 配置快照已保存到: /tmp/tmp4ynicg7a/spatiotemporal_decomposition/config_merged.yaml
2025-12-19 19:04:26,735 - spatiotemporal_trainer - WARNING - 时空分解模型不可用，使用简化版本
2025-12-19 19:04:26,735 - spatiotemporal_trainer - WARNING - 时空分解模型不可用，使用简化版本
2025-12-19 19:04:26,735 - spatiotemporal_trainer - WARNING - 时空分解模型不可用，使用简化版本
2025-12-19 19:04:26,735 - spatiotemporal_trainer - WARNING - 时空分解模型不可用，使用简化版本
2025-12-19 19:04:26,735 - spatiotemporal_trainer - WARNING - 时空分解模型不可用，使用简化版本
2025-12-19 19:04:26,738 - spatiotemporal_trainer - INFO - 配置快照已保存到: /tmp/tmpei5c8uje/spatiotemporal_decomposition/config_merged.yaml
2025-12-19 19:04:26,738 - spatiotemporal_trainer - INFO - 配置快照已保存到: /tmp/tmpei5c8uje/spatiotemporal_decomposition/config_merged.yaml
2025-12-19 19:04:26,738 - spatiotemporal_trainer - INFO - 配置快照已保存到: /tmp/tmpei5c8uje/spatiotemporal_decomposition/config_merged.yaml
2025-12-19 19:04:26,738 - spatiotemporal_trainer - INFO - 配置快照已保存到: /tmp/tmpei5c8uje/spatiotemporal_decomposition/config_merged.yaml
2025-12-19 19:04:26,738 - spatiotemporal_trainer - INFO - 配置快照已保存到: /tmp/tmpei5c8uje/spatiotemporal_decomposition/config_merged.yaml
2025-12-19 19:04:26,745 - spatiotemporal_trainer - WARNING - 时空分解模型不可用，使用简化版本
2025-12-19 19:04:26,745 - spatiotemporal_trainer - WARNING - 时空分解模型不可用，使用简化版本
2025-12-19 19:04:26,745 - spatiotemporal_trainer - WARNING - 时空分解模型不可用，使用简化版本
2025-12-19 19:04:26,745 - spatiotemporal_trainer - WARNING - 时空分解模型不可用，使用简化版本
2025-12-19 19:04:26,745 - spatiotemporal_trainer - WARNING - 时空分解模型不可用，使用简化版本
2025-12-19 19:04:26,745 - spatiotemporal_trainer - WARNING - 时空分解模型不可用，使用简化版本
2025-12-19 19:04:26,749 - spatiotemporal_trainer - INFO - 配置快照已保存到: /tmp/pytest-of-suguangsheng/pytest-7/test_end_to_end_training0/spatiotemporal_decomposition/config_merged.yaml
2025-12-19 19:04:26,749 - spatiotemporal_trainer - INFO - 配置快照已保存到: /tmp/pytest-of-suguangsheng/pytest-7/test_end_to_end_training0/spatiotemporal_decomposition/config_merged.yaml
2025-12-19 19:04:26,749 - spatiotemporal_trainer - INFO - 配置快照已保存到: /tmp/pytest-of-suguangsheng/pytest-7/test_end_to_end_training0/spatiotemporal_decomposition/config_merged.yaml
2025-12-19 19:04:26,749 - spatiotemporal_trainer - INFO - 配置快照已保存到: /tmp/pytest-of-suguangsheng/pytest-7/test_end_to_end_training0/spatiotemporal_decomposition/config_merged.yaml
2025-12-19 19:04:26,749 - spatiotemporal_trainer - INFO - 配置快照已保存到: /tmp/pytest-of-suguangsheng/pytest-7/test_end_to_end_training0/spatiotemporal_decomposition/config_merged.yaml
2025-12-19 19:04:26,749 - spatiotemporal_trainer - INFO - 配置快照已保存到: /tmp/pytest-of-suguangsheng/pytest-7/test_end_to_end_training0/spatiotemporal_decomposition/config_merged.yaml
2025-12-19 19:04:26,754 - spatiotemporal_trainer - WARNING - 时空分解模型不可用，使用简化版本
2025-12-19 19:04:26,754 - spatiotemporal_trainer - WARNING - 时空分解模型不可用，使用简化版本
2025-12-19 19:04:26,754 - spatiotemporal_trainer - WARNING - 时空分解模型不可用，使用简化版本
2025-12-19 19:04:26,754 - spatiotemporal_trainer - WARNING - 时空分解模型不可用，使用简化版本
2025-12-19 19:04:26,754 - spatiotemporal_trainer - WARNING - 时空分解模型不可用，使用简化版本
2025-12-19 19:04:26,754 - spatiotemporal_trainer - WARNING - 时空分解模型不可用，使用简化版本
2025-12-19 19:04:26,754 - spatiotemporal_trainer - WARNING - 时空分解模型不可用，使用简化版本
2025-12-19 19:04:26,759 - spatiotemporal_trainer - INFO - 配置快照已保存到: runs/spatiotemporal/spatiotemporal_decomposition/config_merged.yaml
2025-12-19 19:04:26,759 - spatiotemporal_trainer - INFO - 配置快照已保存到: runs/spatiotemporal/spatiotemporal_decomposition/config_merged.yaml
2025-12-19 19:04:26,759 - spatiotemporal_trainer - INFO - 配置快照已保存到: runs/spatiotemporal/spatiotemporal_decomposition/config_merged.yaml
2025-12-19 19:04:26,759 - spatiotemporal_trainer - INFO - 配置快照已保存到: runs/spatiotemporal/spatiotemporal_decomposition/config_merged.yaml
2025-12-19 19:04:26,759 - spatiotemporal_trainer - INFO - 配置快照已保存到: runs/spatiotemporal/spatiotemporal_decomposition/config_merged.yaml
2025-12-19 19:04:26,759 - spatiotemporal_trainer - INFO - 配置快照已保存到: runs/spatiotemporal/spatiotemporal_decomposition/config_merged.yaml
2025-12-19 19:04:26,759 - spatiotemporal_trainer - INFO - 配置快照已保存到: runs/spatiotemporal/spatiotemporal_decomposition/config_merged.yaml
2025-12-19 19:04:26,761 - spatiotemporal_trainer - INFO - 检查点已保存到: /tmp/test_output/checkpoint_epoch_10.pt
2025-12-19 19:04:26,761 - spatiotemporal_trainer - INFO - 检查点已保存到: /tmp/test_output/checkpoint_epoch_10.pt
2025-12-19 19:04:26,761 - spatiotemporal_trainer - INFO - 检查点已保存到: /tmp/test_output/checkpoint_epoch_10.pt
2025-12-19 19:04:26,761 - spatiotemporal_trainer - INFO - 检查点已保存到: /tmp/test_output/checkpoint_epoch_10.pt
2025-12-19 19:04:26,761 - spatiotemporal_trainer - INFO - 检查点已保存到: /tmp/test_output/checkpoint_epoch_10.pt
2025-12-19 19:04:26,761 - spatiotemporal_trainer - INFO - 检查点已保存到: /tmp/test_output/checkpoint_epoch_10.pt
2025-12-19 19:04:26,761 - spatiotemporal_trainer - INFO - 检查点已保存到: /tmp/test_output/checkpoint_epoch_10.pt
2025-12-19 19:04:26,767 - spatiotemporal_trainer - WARNING - 时空分解模型不可用，使用简化版本
2025-12-19 19:04:26,767 - spatiotemporal_trainer - WARNING - 时空分解模型不可用，使用简化版本
2025-12-19 19:04:26,767 - spatiotemporal_trainer - WARNING - 时空分解模型不可用，使用简化版本
2025-12-19 19:04:26,767 - spatiotemporal_trainer - WARNING - 时空分解模型不可用，使用简化版本
2025-12-19 19:04:26,767 - spatiotemporal_trainer - WARNING - 时空分解模型不可用，使用简化版本
2025-12-19 19:04:26,767 - spatiotemporal_trainer - WARNING - 时空分解模型不可用，使用简化版本
2025-12-19 19:04:26,767 - spatiotemporal_trainer - WARNING - 时空分解模型不可用，使用简化版本
2025-12-19 19:04:26,767 - spatiotemporal_trainer - WARNING - 时空分解模型不可用，使用简化版本
2025-12-19 19:04:26,771 - spatiotemporal_trainer - INFO - 配置快照已保存到: runs/spatiotemporal/spatiotemporal_decomposition/config_merged.yaml
2025-12-19 19:04:26,771 - spatiotemporal_trainer - INFO - 配置快照已保存到: runs/spatiotemporal/spatiotemporal_decomposition/config_merged.yaml
2025-12-19 19:04:26,771 - spatiotemporal_trainer - INFO - 配置快照已保存到: runs/spatiotemporal/spatiotemporal_decomposition/config_merged.yaml
2025-12-19 19:04:26,771 - spatiotemporal_trainer - INFO - 配置快照已保存到: runs/spatiotemporal/spatiotemporal_decomposition/config_merged.yaml
2025-12-19 19:04:26,771 - spatiotemporal_trainer - INFO - 配置快照已保存到: runs/spatiotemporal/spatiotemporal_decomposition/config_merged.yaml
2025-12-19 19:04:26,771 - spatiotemporal_trainer - INFO - 配置快照已保存到: runs/spatiotemporal/spatiotemporal_decomposition/config_merged.yaml
2025-12-19 19:04:26,771 - spatiotemporal_trainer - INFO - 配置快照已保存到: runs/spatiotemporal/spatiotemporal_decomposition/config_merged.yaml
2025-12-19 19:04:26,771 - spatiotemporal_trainer - INFO - 配置快照已保存到: runs/spatiotemporal/spatiotemporal_decomposition/config_merged.yaml
2025-12-19 19:04:26,771 - spatiotemporal_trainer - INFO - 开始模型测试
2025-12-19 19:04:26,771 - spatiotemporal_trainer - INFO - 开始模型测试
2025-12-19 19:04:26,771 - spatiotemporal_trainer - INFO - 开始模型测试
2025-12-19 19:04:26,771 - spatiotemporal_trainer - INFO - 开始模型测试
2025-12-19 19:04:26,771 - spatiotemporal_trainer - INFO - 开始模型测试
2025-12-19 19:04:26,771 - spatiotemporal_trainer - INFO - 开始模型测试
2025-12-19 19:04:26,771 - spatiotemporal_trainer - INFO - 开始模型测试
2025-12-19 19:04:26,771 - spatiotemporal_trainer - INFO - 开始模型测试
2025-12-19 19:04:26,775 - spatiotemporal_trainer - WARNING - 时空分解模型不可用，使用简化版本
2025-12-19 19:04:26,775 - spatiotemporal_trainer - WARNING - 时空分解模型不可用，使用简化版本
2025-12-19 19:04:26,775 - spatiotemporal_trainer - WARNING - 时空分解模型不可用，使用简化版本
2025-12-19 19:04:26,775 - spatiotemporal_trainer - WARNING - 时空分解模型不可用，使用简化版本
2025-12-19 19:04:26,775 - spatiotemporal_trainer - WARNING - 时空分解模型不可用，使用简化版本
2025-12-19 19:04:26,775 - spatiotemporal_trainer - WARNING - 时空分解模型不可用，使用简化版本
2025-12-19 19:04:26,775 - spatiotemporal_trainer - WARNING - 时空分解模型不可用，使用简化版本
2025-12-19 19:04:26,775 - spatiotemporal_trainer - WARNING - 时空分解模型不可用，使用简化版本
2025-12-19 19:04:26,775 - spatiotemporal_trainer - WARNING - 时空分解模型不可用，使用简化版本
2025-12-19 19:04:26,776 - spatiotemporal_trainer - INFO - 配置快照已保存到: /tmp/pytest-of-suguangsheng/pytest-7/test_integration_full_pipeline0/integration_test/config_merged.yaml
2025-12-19 19:04:26,776 - spatiotemporal_trainer - INFO - 配置快照已保存到: /tmp/pytest-of-suguangsheng/pytest-7/test_integration_full_pipeline0/integration_test/config_merged.yaml
2025-12-19 19:04:26,776 - spatiotemporal_trainer - INFO - 配置快照已保存到: /tmp/pytest-of-suguangsheng/pytest-7/test_integration_full_pipeline0/integration_test/config_merged.yaml
2025-12-19 19:04:26,776 - spatiotemporal_trainer - INFO - 配置快照已保存到: /tmp/pytest-of-suguangsheng/pytest-7/test_integration_full_pipeline0/integration_test/config_merged.yaml
2025-12-19 19:04:26,776 - spatiotemporal_trainer - INFO - 配置快照已保存到: /tmp/pytest-of-suguangsheng/pytest-7/test_integration_full_pipeline0/integration_test/config_merged.yaml
2025-12-19 19:04:26,776 - spatiotemporal_trainer - INFO - 配置快照已保存到: /tmp/pytest-of-suguangsheng/pytest-7/test_integration_full_pipeline0/integration_test/config_merged.yaml
2025-12-19 19:04:26,776 - spatiotemporal_trainer - INFO - 配置快照已保存到: /tmp/pytest-of-suguangsheng/pytest-7/test_integration_full_pipeline0/integration_test/config_merged.yaml
2025-12-19 19:04:26,776 - spatiotemporal_trainer - INFO - 配置快照已保存到: /tmp/pytest-of-suguangsheng/pytest-7/test_integration_full_pipeline0/integration_test/config_merged.yaml
2025-12-19 19:04:26,776 - spatiotemporal_trainer - INFO - 配置快照已保存到: /tmp/pytest-of-suguangsheng/pytest-7/test_integration_full_pipeline0/integration_test/config_merged.yaml
2025-12-19 19:04:26,780 - spatiotemporal_trainer - INFO - 数据管理器设置完成
2025-12-19 19:04:26,780 - spatiotemporal_trainer - INFO - 数据管理器设置完成
2025-12-19 19:04:26,780 - spatiotemporal_trainer - INFO - 数据管理器设置完成
2025-12-19 19:04:26,780 - spatiotemporal_trainer - INFO - 数据管理器设置完成
2025-12-19 19:04:26,780 - spatiotemporal_trainer - INFO - 数据管理器设置完成
2025-12-19 19:04:26,780 - spatiotemporal_trainer - INFO - 数据管理器设置完成
2025-12-19 19:04:26,780 - spatiotemporal_trainer - INFO - 数据管理器设置完成
2025-12-19 19:04:26,780 - spatiotemporal_trainer - INFO - 数据管理器设置完成
2025-12-19 19:04:26,780 - spatiotemporal_trainer - INFO - 数据管理器设置完成
2025-12-19 19:39:13,220 - spatiotemporal_trainer - WARNING - 时空分解模型不可用，使用简化版本
2025-12-19 19:39:13,224 - spatiotemporal_trainer - INFO - 配置快照已保存到: /tmp/tmpolhm3rbf/spatiotemporal_decomposition/config_merged.yaml
2025-12-19 19:39:13,231 - spatiotemporal_trainer - WARNING - 时空分解模型不可用，使用简化版本
2025-12-19 19:39:13,231 - spatiotemporal_trainer - WARNING - 时空分解模型不可用，使用简化版本
2025-12-19 19:39:13,235 - spatiotemporal_trainer - INFO - 配置快照已保存到: /tmp/tmpyq714o1m/spatiotemporal_decomposition/config_merged.yaml
2025-12-19 19:39:13,235 - spatiotemporal_trainer - INFO - 配置快照已保存到: /tmp/tmpyq714o1m/spatiotemporal_decomposition/config_merged.yaml
2025-12-19 19:39:13,235 - spatiotemporal_trainer - INFO - 数据管理器设置完成
2025-12-19 19:39:13,235 - spatiotemporal_trainer - INFO - 数据管理器设置完成
2025-12-19 19:39:13,241 - spatiotemporal_trainer - WARNING - 时空分解模型不可用，使用简化版本
2025-12-19 19:39:13,241 - spatiotemporal_trainer - WARNING - 时空分解模型不可用，使用简化版本
2025-12-19 19:39:13,241 - spatiotemporal_trainer - WARNING - 时空分解模型不可用，使用简化版本
2025-12-19 19:39:13,245 - spatiotemporal_trainer - INFO - 配置快照已保存到: /tmp/tmpwe5889pi/spatiotemporal_decomposition/config_merged.yaml
2025-12-19 19:39:13,245 - spatiotemporal_trainer - INFO - 配置快照已保存到: /tmp/tmpwe5889pi/spatiotemporal_decomposition/config_merged.yaml
2025-12-19 19:39:13,245 - spatiotemporal_trainer - INFO - 配置快照已保存到: /tmp/tmpwe5889pi/spatiotemporal_decomposition/config_merged.yaml
2025-12-19 19:39:13,251 - spatiotemporal_trainer - WARNING - 时空分解模型不可用，使用简化版本
2025-12-19 19:39:13,251 - spatiotemporal_trainer - WARNING - 时空分解模型不可用，使用简化版本
2025-12-19 19:39:13,251 - spatiotemporal_trainer - WARNING - 时空分解模型不可用，使用简化版本
2025-12-19 19:39:13,251 - spatiotemporal_trainer - WARNING - 时空分解模型不可用，使用简化版本
2025-12-19 19:39:13,255 - spatiotemporal_trainer - INFO - 配置快照已保存到: /tmp/tmp8fzhoaya/spatiotemporal_decomposition/config_merged.yaml
2025-12-19 19:39:13,255 - spatiotemporal_trainer - INFO - 配置快照已保存到: /tmp/tmp8fzhoaya/spatiotemporal_decomposition/config_merged.yaml
2025-12-19 19:39:13,255 - spatiotemporal_trainer - INFO - 配置快照已保存到: /tmp/tmp8fzhoaya/spatiotemporal_decomposition/config_merged.yaml
2025-12-19 19:39:13,255 - spatiotemporal_trainer - INFO - 配置快照已保存到: /tmp/tmp8fzhoaya/spatiotemporal_decomposition/config_merged.yaml
2025-12-19 19:39:13,262 - spatiotemporal_trainer - WARNING - 时空分解模型不可用，使用简化版本
2025-12-19 19:39:13,262 - spatiotemporal_trainer - WARNING - 时空分解模型不可用，使用简化版本
2025-12-19 19:39:13,262 - spatiotemporal_trainer - WARNING - 时空分解模型不可用，使用简化版本
2025-12-19 19:39:13,262 - spatiotemporal_trainer - WARNING - 时空分解模型不可用，使用简化版本
2025-12-19 19:39:13,262 - spatiotemporal_trainer - WARNING - 时空分解模型不可用，使用简化版本
2025-12-19 19:39:13,265 - spatiotemporal_trainer - INFO - 配置快照已保存到: /tmp/tmpvjpk0s8w/spatiotemporal_decomposition/config_merged.yaml
2025-12-19 19:39:13,265 - spatiotemporal_trainer - INFO - 配置快照已保存到: /tmp/tmpvjpk0s8w/spatiotemporal_decomposition/config_merged.yaml
2025-12-19 19:39:13,265 - spatiotemporal_trainer - INFO - 配置快照已保存到: /tmp/tmpvjpk0s8w/spatiotemporal_decomposition/config_merged.yaml
2025-12-19 19:39:13,265 - spatiotemporal_trainer - INFO - 配置快照已保存到: /tmp/tmpvjpk0s8w/spatiotemporal_decomposition/config_merged.yaml
2025-12-19 19:39:13,265 - spatiotemporal_trainer - INFO - 配置快照已保存到: /tmp/tmpvjpk0s8w/spatiotemporal_decomposition/config_merged.yaml
2025-12-19 19:39:13,272 - spatiotemporal_trainer - WARNING - 时空分解模型不可用，使用简化版本
2025-12-19 19:39:13,272 - spatiotemporal_trainer - WARNING - 时空分解模型不可用，使用简化版本
2025-12-19 19:39:13,272 - spatiotemporal_trainer - WARNING - 时空分解模型不可用，使用简化版本
2025-12-19 19:39:13,272 - spatiotemporal_trainer - WARNING - 时空分解模型不可用，使用简化版本
2025-12-19 19:39:13,272 - spatiotemporal_trainer - WARNING - 时空分解模型不可用，使用简化版本
2025-12-19 19:39:13,272 - spatiotemporal_trainer - WARNING - 时空分解模型不可用，使用简化版本
2025-12-19 19:39:13,275 - spatiotemporal_trainer - INFO - 配置快照已保存到: /tmp/pytest-of-suguangsheng/pytest-8/test_end_to_end_training0/spatiotemporal_decomposition/config_merged.yaml
2025-12-19 19:39:13,275 - spatiotemporal_trainer - INFO - 配置快照已保存到: /tmp/pytest-of-suguangsheng/pytest-8/test_end_to_end_training0/spatiotemporal_decomposition/config_merged.yaml
2025-12-19 19:39:13,275 - spatiotemporal_trainer - INFO - 配置快照已保存到: /tmp/pytest-of-suguangsheng/pytest-8/test_end_to_end_training0/spatiotemporal_decomposition/config_merged.yaml
2025-12-19 19:39:13,275 - spatiotemporal_trainer - INFO - 配置快照已保存到: /tmp/pytest-of-suguangsheng/pytest-8/test_end_to_end_training0/spatiotemporal_decomposition/config_merged.yaml
2025-12-19 19:39:13,275 - spatiotemporal_trainer - INFO - 配置快照已保存到: /tmp/pytest-of-suguangsheng/pytest-8/test_end_to_end_training0/spatiotemporal_decomposition/config_merged.yaml
2025-12-19 19:39:13,275 - spatiotemporal_trainer - INFO - 配置快照已保存到: /tmp/pytest-of-suguangsheng/pytest-8/test_end_to_end_training0/spatiotemporal_decomposition/config_merged.yaml
2025-12-19 19:39:13,281 - spatiotemporal_trainer - WARNING - 时空分解模型不可用，使用简化版本
2025-12-19 19:39:13,281 - spatiotemporal_trainer - WARNING - 时空分解模型不可用，使用简化版本
2025-12-19 19:39:13,281 - spatiotemporal_trainer - WARNING - 时空分解模型不可用，使用简化版本
2025-12-19 19:39:13,281 - spatiotemporal_trainer - WARNING - 时空分解模型不可用，使用简化版本
2025-12-19 19:39:13,281 - spatiotemporal_trainer - WARNING - 时空分解模型不可用，使用简化版本
2025-12-19 19:39:13,281 - spatiotemporal_trainer - WARNING - 时空分解模型不可用，使用简化版本
2025-12-19 19:39:13,281 - spatiotemporal_trainer - WARNING - 时空分解模型不可用，使用简化版本
2025-12-19 19:39:13,286 - spatiotemporal_trainer - INFO - 配置快照已保存到: runs/spatiotemporal/spatiotemporal_decomposition/config_merged.yaml
2025-12-19 19:39:13,286 - spatiotemporal_trainer - INFO - 配置快照已保存到: runs/spatiotemporal/spatiotemporal_decomposition/config_merged.yaml
2025-12-19 19:39:13,286 - spatiotemporal_trainer - INFO - 配置快照已保存到: runs/spatiotemporal/spatiotemporal_decomposition/config_merged.yaml
2025-12-19 19:39:13,286 - spatiotemporal_trainer - INFO - 配置快照已保存到: runs/spatiotemporal/spatiotemporal_decomposition/config_merged.yaml
2025-12-19 19:39:13,286 - spatiotemporal_trainer - INFO - 配置快照已保存到: runs/spatiotemporal/spatiotemporal_decomposition/config_merged.yaml
2025-12-19 19:39:13,286 - spatiotemporal_trainer - INFO - 配置快照已保存到: runs/spatiotemporal/spatiotemporal_decomposition/config_merged.yaml
2025-12-19 19:39:13,286 - spatiotemporal_trainer - INFO - 配置快照已保存到: runs/spatiotemporal/spatiotemporal_decomposition/config_merged.yaml
2025-12-19 19:39:13,288 - spatiotemporal_trainer - INFO - 检查点已保存到: /tmp/test_output/checkpoint_epoch_10.pt
2025-12-19 19:39:13,288 - spatiotemporal_trainer - INFO - 检查点已保存到: /tmp/test_output/checkpoint_epoch_10.pt
2025-12-19 19:39:13,288 - spatiotemporal_trainer - INFO - 检查点已保存到: /tmp/test_output/checkpoint_epoch_10.pt
2025-12-19 19:39:13,288 - spatiotemporal_trainer - INFO - 检查点已保存到: /tmp/test_output/checkpoint_epoch_10.pt
2025-12-19 19:39:13,288 - spatiotemporal_trainer - INFO - 检查点已保存到: /tmp/test_output/checkpoint_epoch_10.pt
2025-12-19 19:39:13,288 - spatiotemporal_trainer - INFO - 检查点已保存到: /tmp/test_output/checkpoint_epoch_10.pt
2025-12-19 19:39:13,288 - spatiotemporal_trainer - INFO - 检查点已保存到: /tmp/test_output/checkpoint_epoch_10.pt
2025-12-19 19:39:13,293 - spatiotemporal_trainer - WARNING - 时空分解模型不可用，使用简化版本
2025-12-19 19:39:13,293 - spatiotemporal_trainer - WARNING - 时空分解模型不可用，使用简化版本
2025-12-19 19:39:13,293 - spatiotemporal_trainer - WARNING - 时空分解模型不可用，使用简化版本
2025-12-19 19:39:13,293 - spatiotemporal_trainer - WARNING - 时空分解模型不可用，使用简化版本
2025-12-19 19:39:13,293 - spatiotemporal_trainer - WARNING - 时空分解模型不可用，使用简化版本
2025-12-19 19:39:13,293 - spatiotemporal_trainer - WARNING - 时空分解模型不可用，使用简化版本
2025-12-19 19:39:13,293 - spatiotemporal_trainer - WARNING - 时空分解模型不可用，使用简化版本
2025-12-19 19:39:13,293 - spatiotemporal_trainer - WARNING - 时空分解模型不可用，使用简化版本
2025-12-19 19:39:13,298 - spatiotemporal_trainer - INFO - 配置快照已保存到: runs/spatiotemporal/spatiotemporal_decomposition/config_merged.yaml
2025-12-19 19:39:13,298 - spatiotemporal_trainer - INFO - 配置快照已保存到: runs/spatiotemporal/spatiotemporal_decomposition/config_merged.yaml
2025-12-19 19:39:13,298 - spatiotemporal_trainer - INFO - 配置快照已保存到: runs/spatiotemporal/spatiotemporal_decomposition/config_merged.yaml
2025-12-19 19:39:13,298 - spatiotemporal_trainer - INFO - 配置快照已保存到: runs/spatiotemporal/spatiotemporal_decomposition/config_merged.yaml
2025-12-19 19:39:13,298 - spatiotemporal_trainer - INFO - 配置快照已保存到: runs/spatiotemporal/spatiotemporal_decomposition/config_merged.yaml
2025-12-19 19:39:13,298 - spatiotemporal_trainer - INFO - 配置快照已保存到: runs/spatiotemporal/spatiotemporal_decomposition/config_merged.yaml
2025-12-19 19:39:13,298 - spatiotemporal_trainer - INFO - 配置快照已保存到: runs/spatiotemporal/spatiotemporal_decomposition/config_merged.yaml
2025-12-19 19:39:13,298 - spatiotemporal_trainer - INFO - 配置快照已保存到: runs/spatiotemporal/spatiotemporal_decomposition/config_merged.yaml
2025-12-19 19:39:13,298 - spatiotemporal_trainer - INFO - 开始模型测试
2025-12-19 19:39:13,298 - spatiotemporal_trainer - INFO - 开始模型测试
2025-12-19 19:39:13,298 - spatiotemporal_trainer - INFO - 开始模型测试
2025-12-19 19:39:13,298 - spatiotemporal_trainer - INFO - 开始模型测试
2025-12-19 19:39:13,298 - spatiotemporal_trainer - INFO - 开始模型测试
2025-12-19 19:39:13,298 - spatiotemporal_trainer - INFO - 开始模型测试
2025-12-19 19:39:13,298 - spatiotemporal_trainer - INFO - 开始模型测试
2025-12-19 19:39:13,298 - spatiotemporal_trainer - INFO - 开始模型测试
2025-12-19 19:39:13,302 - spatiotemporal_trainer - WARNING - 时空分解模型不可用，使用简化版本
2025-12-19 19:39:13,302 - spatiotemporal_trainer - WARNING - 时空分解模型不可用，使用简化版本
2025-12-19 19:39:13,302 - spatiotemporal_trainer - WARNING - 时空分解模型不可用，使用简化版本
2025-12-19 19:39:13,302 - spatiotemporal_trainer - WARNING - 时空分解模型不可用，使用简化版本
2025-12-19 19:39:13,302 - spatiotemporal_trainer - WARNING - 时空分解模型不可用，使用简化版本
2025-12-19 19:39:13,302 - spatiotemporal_trainer - WARNING - 时空分解模型不可用，使用简化版本
2025-12-19 19:39:13,302 - spatiotemporal_trainer - WARNING - 时空分解模型不可用，使用简化版本
2025-12-19 19:39:13,302 - spatiotemporal_trainer - WARNING - 时空分解模型不可用，使用简化版本
2025-12-19 19:39:13,302 - spatiotemporal_trainer - WARNING - 时空分解模型不可用，使用简化版本
2025-12-19 19:39:13,303 - spatiotemporal_trainer - INFO - 配置快照已保存到: /tmp/pytest-of-suguangsheng/pytest-8/test_integration_full_pipeline0/integration_test/config_merged.yaml
2025-12-19 19:39:13,303 - spatiotemporal_trainer - INFO - 配置快照已保存到: /tmp/pytest-of-suguangsheng/pytest-8/test_integration_full_pipeline0/integration_test/config_merged.yaml
2025-12-19 19:39:13,303 - spatiotemporal_trainer - INFO - 配置快照已保存到: /tmp/pytest-of-suguangsheng/pytest-8/test_integration_full_pipeline0/integration_test/config_merged.yaml
2025-12-19 19:39:13,303 - spatiotemporal_trainer - INFO - 配置快照已保存到: /tmp/pytest-of-suguangsheng/pytest-8/test_integration_full_pipeline0/integration_test/config_merged.yaml
2025-12-19 19:39:13,303 - spatiotemporal_trainer - INFO - 配置快照已保存到: /tmp/pytest-of-suguangsheng/pytest-8/test_integration_full_pipeline0/integration_test/config_merged.yaml
2025-12-19 19:39:13,303 - spatiotemporal_trainer - INFO - 配置快照已保存到: /tmp/pytest-of-suguangsheng/pytest-8/test_integration_full_pipeline0/integration_test/config_merged.yaml
2025-12-19 19:39:13,303 - spatiotemporal_trainer - INFO - 配置快照已保存到: /tmp/pytest-of-suguangsheng/pytest-8/test_integration_full_pipeline0/integration_test/config_merged.yaml
2025-12-19 19:39:13,303 - spatiotemporal_trainer - INFO - 配置快照已保存到: /tmp/pytest-of-suguangsheng/pytest-8/test_integration_full_pipeline0/integration_test/config_merged.yaml
2025-12-19 19:39:13,303 - spatiotemporal_trainer - INFO - 配置快照已保存到: /tmp/pytest-of-suguangsheng/pytest-8/test_integration_full_pipeline0/integration_test/config_merged.yaml
2025-12-19 19:39:13,306 - spatiotemporal_trainer - INFO - 数据管理器设置完成
2025-12-19 19:39:13,306 - spatiotemporal_trainer - INFO - 数据管理器设置完成
2025-12-19 19:39:13,306 - spatiotemporal_trainer - INFO - 数据管理器设置完成
2025-12-19 19:39:13,306 - spatiotemporal_trainer - INFO - 数据管理器设置完成
2025-12-19 19:39:13,306 - spatiotemporal_trainer - INFO - 数据管理器设置完成
2025-12-19 19:39:13,306 - spatiotemporal_trainer - INFO - 数据管理器设置完成
2025-12-19 19:39:13,306 - spatiotemporal_trainer - INFO - 数据管理器设置完成
2025-12-19 19:39:13,306 - spatiotemporal_trainer - INFO - 数据管理器设置完成
2025-12-19 19:39:13,306 - spatiotemporal_trainer - INFO - 数据管理器设置完成
